family	size	depth	variant	lifecycle_ns	lifecycle_ns_min	lifecycle_ns_max	prepare_ns	prepare_ns_min	prepare_ns_max	prepared_drop_ns	prepared_drop_ns_min	prepared_drop_ns_max	harness_ns	harness_ns_min	harness_ns_max	first_query_ns	first_query_ns_min	first_query_ns_max	reused_query_ns	reused_query_ns_min	reused_query_ns_max	setup_ns	setup_ns_min	setup_ns_max	execution_ns	execution_ns_min	execution_ns_max	observe_ns	observe_ns_min	observe_ns_max	engine_drop_ns	engine_drop_ns_min	engine_drop_ns_max	answer_drop_ns	answer_drop_ns_min	answer_drop_ns_max	work	setup_allocation_calls	setup_requested_bytes	execution_allocation_calls	execution_requested_bytes	observe_allocation_calls	observe_requested_bytes	engine_drop_allocation_calls	engine_drop_requested_bytes	answer_drop_allocation_calls	answer_drop_requested_bytes	query_peak_live_bytes	post_answer_live_bytes	prepared_released_bytes
build	8	1	generated-global-scan	101218	91644	109887	21350	15541	22841	864	773	936	15403	14491	17673	28951	24782	33696	16122.0	15863.0	19079.0	3002.5	2565.0	3122.75	13737.0	12549.5	14951.5	1462.5	1082.5	1585.75	1704.75	1610.5	1935.25	243.75	216.75	281.75	"{""activation_pushes"": 0, ""applications"": 9, ""binding_slot_copies"": 58, ""candidate_visits"": 17, ""dependency_visits"": 0, ""dereferences"": 35, ""generic_template_visits"": 0, ""history_checks"": 9, ""index_bucket_entries"": 0, ""index_inserts"": 0, ""index_lookups"": 0, ""index_removes"": 0, ""index_repairs"": 0, ""key_normalization_allocations"": 0, ""key_normalization_requests"": 0, ""key_template_visits"": 0, ""key_visits"": 0, ""map_allocations"": 29, ""map_visits"": 83, ""pairs"": 9, ""pool_entries"": 17, ""structural_tests"": 34, ""term_requests"": 26}"	51	4500	309	15702	27	910	0	0	0	0	12509	4492	2154
build	8	1	generated-indexed	139413	122380	151128	15147	14586	18745	821	751	994	15783	13906	17302	41103	34441	43201	27657.666666666668	23770.333333333332	29396.0	2989.25	2526.0	3205.75	24555.25	21096.25	26223.75	1327.75	1168.25	1395.5	1709.5	1545.25	1914.0	251.75	216.5	257.5	"{""activation_pushes"": 9, ""applications"": 9, ""binding_slot_copies"": 58, ""candidate_visits"": 17, ""dependency_visits"": 54, ""dereferences"": 44, ""generic_template_visits"": 0, ""history_checks"": 9, ""index_bucket_entries"": 0, ""index_inserts"": 9, ""index_lookups"": 0, ""index_removes"": 9, ""index_repairs"": 18, ""key_normalization_allocations"": 0, ""key_normalization_requests"": 45, ""key_template_visits"": 0, ""key_visits"": 54, ""map_allocations"": 29, ""map_visits"": 113, ""pairs"": 9, ""pool_entries"": 0, ""structural_tests"": 34, ""term_requests"": 71}"	51	4500	560	24400	27	910	0	0	0	0	14289	4488	2154
build	8	1	generated-scan	113936	98058	123107	20256	14874	22849	757	740	1012	16706	13912	18618	35013	27985	39862	18674.0	18147.333333333332	19882.333333333332	2738.5	2548.25	3606.0	16372.25	15021.75	17571.5	1426.0	1309.75	1650.0	1799.75	1475.0	1955.75	220.25	203.25	231.5	"{""activation_pushes"": 9, ""applications"": 9, ""binding_slot_copies"": 58, ""candidate_visits"": 17, ""dependency_visits"": 54, ""dereferences"": 35, ""generic_template_visits"": 0, ""history_checks"": 9, ""index_bucket_entries"": 0, ""index_inserts"": 0, ""index_lookups"": 0, ""index_removes"": 0, ""index_repairs"": 0, ""key_normalization_allocations"": 0, ""key_normalization_requests"": 0, ""key_template_visits"": 0, ""key_visits"": 0, ""map_allocations"": 29, ""map_visits"": 98, ""pairs"": 9, ""pool_entries"": 0, ""structural_tests"": 34, ""term_requests"": 26}"	51	4500	369	19870	27	910	0	0	0	0	13374	4485	2154
build	8	1	generic-indexed	135086	121470	153179	11666	10377	18677	803	653	1087	14785	13795	19040	38792	35366	49516	25707.0	24127.0	28371.333333333332	3017.75	2701.0	3622.25	24036.75	21507.75	25893.75	1320.75	1225.25	1468.25	1687.25	1580.5	2041.0	233.75	222.0	272.0	"{""activation_pushes"": 9, ""applications"": 9, ""binding_slot_copies"": 58, ""candidate_visits"": 17, ""dependency_visits"": 54, ""dereferences"": 44, ""generic_template_visits"": 109, ""history_checks"": 9, ""index_bucket_entries"": 0, ""index_inserts"": 9, ""index_lookups"": 0, ""index_removes"": 9, ""index_repairs"": 18, ""key_normalization_allocations"": 0, ""key_normalization_requests"": 45, ""key_template_visits"": 0, ""key_visits"": 54, ""map_allocations"": 29, ""map_visits"": 113, ""pairs"": 9, ""pool_entries"": 0, ""structural_tests"": 34, ""term_requests"": 71}"	51	4500	560	24400	27	910	0	0	0	0	14287	4486	2154
build	8	1	integrated	138603	125664	238644	9095	6687	14058	1242	987	1487	14897	13218	22253	45453	41921	61225	29578.666666666668	25043.0	53958.0	5656.5	5277.0	8313.0	22402.0	19766.25	41330.5	1364.0	1163.25	1673.25	3236.0	2806.25	4118.25	216.0	194.0	267.25	"{""activations"": 18, ""applications"": 9, ""candidate_visits"": 9, ""descriptor_repairs"": 0, ""equality_steps"": 9, ""index_migrations"": 0, ""indexed_lookups"": 0, ""speculative_applications"": 0, ""steps"": 28}"	104	11159	401	29165	27	910	0	0	0	0	30595	4248	1921
build	64	1	generated-global-scan	483057	467010	562067	17247	15841	20429	840	707	1016	56228	52402	63032	124968	122541	144476	113802.66666666667	108499.0	132151.66666666666	21035.5	19205.0	23364.5	84409.5	80261.5	96843.0	6742.75	6551.25	7584.75	4791.25	4650.0	5585.25	1488.0	1476.0	1794.25	"{""activation_pushes"": 0, ""applications"": 65, ""binding_slot_copies"": 450, ""candidate_visits"": 129, ""dependency_visits"": 0, ""dereferences"": 259, ""generic_template_visits"": 0, ""history_checks"": 65, ""index_bucket_entries"": 0, ""index_inserts"": 0, ""index_lookups"": 0, ""index_removes"": 0, ""index_repairs"": 0, ""key_normalization_allocations"": 0, ""key_normalization_requests"": 0, ""key_template_visits"": 0, ""key_visits"": 0, ""map_allocations"": 449, ""map_visits"": 1749, ""pairs"": 65, ""pool_entries"": 129, ""structural_tests"": 258, ""term_requests"": 194}"	281	29972	2474	128198	195	6734	0	0	0	0	55230	4493	2154
build	64	1	generated-indexed	1382884	1361492	1452381	20677	14418	26970	809	746	1079	60940	60607	62287	354210	349780	383224	337876.0	332182.6666666667	349014.6666666667	18466.5	18035.0	19027.75	306696.75	301595.75	321908.25	6827.0	6661.0	7244.5	7501.5	7354.0	8365.75	1604.75	1489.5	1640.0	"{""activation_pushes"": 65, ""applications"": 65, ""binding_slot_copies"": 450, ""candidate_visits"": 129, ""dependency_visits"": 2210, ""dereferences"": 324, ""generic_template_visits"": 0, ""history_checks"": 65, ""index_bucket_entries"": 0, ""index_inserts"": 65, ""index_lookups"": 0, ""index_removes"": 65, ""index_repairs"": 130, ""key_normalization_allocations"": 0, ""key_normalization_requests"": 2145, ""key_template_visits"": 0, ""key_visits"": 2210, ""map_allocations"": 449, ""map_visits"": 2401, ""pairs"": 65, ""pool_entries"": 0, ""structural_tests"": 258, ""term_requests"": 2339}"	281	29972	11863	278584	195	6734	0	0	0	0	57010	4489	2154
build	64	1	generated-scan	743276	635990	771501	24496	15107	37076	997	695	1139	64978	54543	68500	207728	172517	221273	162263.0	147733.33333333334	179410.33333333334	22664.75	19076.75	27397.75	138430.75	121353.5	148257.5	7201.0	6463.0	7723.75	5528.0	4606.0	5938.0	1707.5	1466.5	2973.0	"{""activation_pushes"": 65, ""applications"": 65, ""binding_slot_copies"": 450, ""candidate_visits"": 129, ""dependency_visits"": 2210, ""dereferences"": 259, ""generic_template_visits"": 0, ""history_checks"": 65, ""index_bucket_entries"": 0, ""index_inserts"": 0, ""index_lookups"": 0, ""index_removes"": 0, ""index_repairs"": 0, ""key_normalization_allocations"": 0, ""key_normalization_requests"": 0, ""key_template_visits"": 0, ""key_visits"": 0, ""map_allocations"": 449, ""map_visits"": 2075, ""pairs"": 65, ""pool_entries"": 0, ""structural_tests"": 258, ""term_requests"": 194}"	281	29972	3216	189662	195	6734	0	0	0	0	56095	4486	2154
build	64	1	generic-indexed	1381068	1336723	1472226	11310	10489	18134	773	683	1269	58307	57528	65241	352290	345001	409613	336142.0	326576.3333333333	349170.3333333333	17707.0	17432.0	19552.75	309094.5	298518.75	327814.5	6749.5	6514.75	7093.0	7167.25	6766.0	7340.25	1489.75	1457.5	1541.75	"{""activation_pushes"": 65, ""applications"": 65, ""binding_slot_copies"": 450, ""candidate_visits"": 129, ""dependency_visits"": 2210, ""dereferences"": 324, ""generic_template_visits"": 837, ""history_checks"": 65, ""index_bucket_entries"": 0, ""index_inserts"": 65, ""index_lookups"": 0, ""index_removes"": 65, ""index_repairs"": 130, ""key_normalization_allocations"": 0, ""key_normalization_requests"": 2145, ""key_template_visits"": 0, ""key_visits"": 2210, ""map_allocations"": 449, ""map_visits"": 2401, ""pairs"": 65, ""pool_entries"": 0, ""structural_tests"": 258, ""term_requests"": 2339}"	281	29972	11863	278584	195	6734	0	0	0	0	57008	4487	2154
build	64	1	integrated	901023	862212	991641	7859	6637	8974	1115	897	1319	58786	56216	61403	280431	236884	302760	205057.33333333334	201707.0	227156.0	37055.0	35055.5	48999.0	163932.0	158360.5	177165.0	5170.0	4882.0	5234.0	12365.25	11628.5	12639.75	1556.5	1481.5	1625.25	"{""activations"": 130, ""applications"": 65, ""candidate_visits"": 65, ""descriptor_repairs"": 0, ""equality_steps"": 65, ""index_migrations"": 0, ""indexed_lookups"": 0, ""speculative_applications"": 0, ""steps"": 196}"	623	73351	3249	253325	195	6734	0	0	0	0	176660	4249	1921
fanout	8	1	generated-global-scan	175452	136423	181165	26589	15689	27191	978	716	1081	92639	76127	112419	45858	36552	52946	32836.333333333336	27822.0	35913.333333333336	7459.75	6309.25	7658.0	22902.5	18340.0	23929.25	3441.75	2813.5	3879.5	2133.0	1686.5	2253.25	814.5	707.75	844.0	"{""activation_pushes"": 0, ""applications"": 17, ""binding_slot_copies"": 156, ""candidate_visits"": 61, ""dependency_visits"": 0, ""dereferences"": 18, ""generic_template_visits"": 0, ""history_checks"": 53, ""index_bucket_entries"": 0, ""index_inserts"": 0, ""index_lookups"": 0, ""index_removes"": 0, ""index_repairs"": 0, ""key_normalization_allocations"": 0, ""key_normalization_requests"": 0, ""key_template_visits"": 0, ""key_visits"": 0, ""map_allocations"": 1, ""map_visits"": 16, ""pairs"": 9, ""pool_entries"": 145, ""structural_tests"": 122, ""term_requests"": 18}"	100	8344	489	22388	98	3664	0	0	0	0	18295	4869	2529
fanout	8	1	generated-indexed	276761	262350	336762	18048	14233	21428	707	673	808	79190	76939	98712	80656	73484	90320	57956.333333333336	57359.333333333336	74983.0	6568.0	6403.25	8083.75	51456.75	49593.0	63610.75	2792.75	2627.5	3637.75	2090.5	2021.75	2631.75	676.75	666.25	788.5	"{""activation_pushes"": 41, ""applications"": 17, ""binding_slot_copies"": 148, ""candidate_visits"": 57, ""dependency_visits"": 75, ""dereferences"": 51, ""generic_template_visits"": 0, ""history_checks"": 25, ""index_bucket_entries"": 16, ""index_inserts"": 49, ""index_lookups"": 32, ""index_removes"": 33, ""index_repairs"": 50, ""key_normalization_allocations"": 0, ""key_normalization_requests"": 74, ""key_template_visits"": 32, ""key_visits"": 83, ""map_allocations"": 1, ""map_visits"": 32, ""pairs"": 17, ""pool_entries"": 0, ""structural_tests"": 106, ""term_requests"": 92}"	100	8344	938	48352	98	3664	0	0	0	0	24337	4865	2529
fanout	8	1	generated-scan	218423	210516	333466	21171	15772	29034	765	692	51687	80566	77343	95221	60812	57883	94552	45389.666666666664	44680.0	52731.0	6293.75	6235.25	7785.5	36796.5	36410.5	48101.25	3442.75	3170.5	3829.75	1986.25	1899.25	2610.25	685.25	679.5	797.75	"{""activation_pushes"": 41, ""applications"": 17, ""binding_slot_copies"": 260, ""candidate_visits"": 113, ""dependency_visits"": 75, ""dereferences"": 34, ""generic_template_visits"": 0, ""history_checks"": 25, ""index_bucket_entries"": 0, ""index_inserts"": 0, ""index_lookups"": 0, ""index_removes"": 0, ""index_repairs"": 0, ""key_normalization_allocations"": 0, ""key_normalization_requests"": 0, ""key_template_visits"": 0, ""key_visits"": 0, ""map_allocations"": 1, ""map_visits"": 24, ""pairs"": 73, ""pool_entries"": 100, ""structural_tests"": 162, ""term_requests"": 18}"	100	8344	821	38228	98	3664	0	0	0	0	19384	4862	2529
fanout	8	1	generic-indexed	279148	262652	326915	11747	10926	16723	685	666	834	85043	76182	95173	76883	75183	90615	59654.0	57714.333333333336	74573.0	6462.25	6126.0	7618.25	52831.5	50652.0	63832.5	3194.25	2931.25	3693.5	2198.25	1995.75	2528.0	707.75	669.25	838.25	"{""activation_pushes"": 41, ""applications"": 17, ""binding_slot_copies"": 148, ""candidate_visits"": 57, ""dependency_visits"": 75, ""dereferences"": 51, ""generic_template_visits"": 157, ""history_checks"": 25, ""index_bucket_entries"": 16, ""index_inserts"": 49, ""index_lookups"": 32, ""index_removes"": 33, ""index_repairs"": 50, ""key_normalization_allocations"": 0, ""key_normalization_requests"": 74, ""key_template_visits"": 32, ""key_visits"": 83, ""map_allocations"": 1, ""map_visits"": 32, ""pairs"": 17, ""pool_entries"": 0, ""structural_tests"": 106, ""term_requests"": 92}"	100	8344	938	48352	98	3664	0	0	0	0	24335	4863	2529
fanout	8	1	integrated	217743	206724	239414	9967	8303	11656	1393	721	2255	76951	69415	82583	63761	56559	74954	47047.0	44250.666666666664	50516.666666666664	14852.0	14471.75	17397.0	27925.5	26207.25	29863.25	4166.25	4094.5	4860.25	2928.5	2717.5	3086.0	1458.25	1273.0	1694.75	"{""activations"": 33, ""applications"": 17, ""candidate_visits"": 25, ""descriptor_repairs"": 0, ""equality_steps"": 1, ""index_migrations"": 0, ""indexed_lookups"": 16, ""speculative_applications"": 0, ""steps"": 35}"	246	22434	588	30432	100	4240	0	0	0	0	34727	4704	2375
fanout	8	8	generated-global-scan	206933	202045	229162	21442	17089	23219	829	689	1110	147389	145366	158169	52540	51271	67423	44153.666666666664	43999.333333333336	45943.666666666664	11446.5	10983.5	12188.75	19953.25	19498.75	21803.0	11092.0	10801.25	11319.25	1783.5	1635.0	3732.0	2513.5	2451.5	2614.0	"{""activation_pushes"": 0, ""applications"": 17, ""binding_slot_copies"": 156, ""candidate_visits"": 61, ""dependency_visits"": 0, ""dereferences"": 18, ""generic_template_visits"": 0, ""history_checks"": 53, ""index_bucket_entries"": 0, ""index_inserts"": 0, ""index_lookups"": 0, ""index_removes"": 0, ""index_repairs"": 0, ""key_normalization_allocations"": 0, ""key_normalization_requests"": 0, ""key_template_visits"": 0, ""key_visits"": 0, ""map_allocations"": 1, ""map_visits"": 16, ""pairs"": 9, ""pool_entries"": 145, ""structural_tests"": 122, ""term_requests"": 25}"	130	11958	491	22636	434	11896	0	0	0	0	29474	4869	2529
fanout	8	8	generated-indexed	395610	375649	410675	18936	14610	21973	754	670	941	150698	147919	155532	105151	98504	108862	88812.66666666667	86669.0	97588.0	11707.0	11451.25	16270.0	65495.0	62856.25	69209.5	11020.25	10671.0	11155.5	2236.25	2171.0	2412.75	2459.75	2382.25	2678.5	"{""activation_pushes"": 41, ""applications"": 17, ""binding_slot_copies"": 148, ""candidate_visits"": 57, ""dependency_visits"": 194, ""dereferences"": 51, ""generic_template_visits"": 0, ""history_checks"": 25, ""index_bucket_entries"": 16, ""index_inserts"": 49, ""index_lookups"": 32, ""index_removes"": 33, ""index_repairs"": 50, ""key_normalization_allocations"": 0, ""key_normalization_requests"": 193, ""key_template_visits"": 32, ""key_visits"": 202, ""map_allocations"": 1, ""map_visits"": 32, ""pairs"": 17, ""pool_entries"": 0, ""structural_tests"": 106, ""term_requests"": 218}"	130	11958	1416	52646	434	11896	0	0	0	0	33670	4865	2529
fanout	8	8	generated-scan	318019	276100	338319	18269	15529	31038	786	630	864	167583	146979	175693	86689	71606	94993	68659.0	62778.333333333336	75269.66666666667	12480.5	11335.75	13786.75	43617.25	38943.25	46542.0	11580.0	10434.5	14573.75	2058.25	1752.5	2264.0	2715.25	2463.0	3100.25	"{""activation_pushes"": 41, ""applications"": 17, ""binding_slot_copies"": 260, ""candidate_visits"": 113, ""dependency_visits"": 194, ""dereferences"": 34, ""generic_template_visits"": 0, ""history_checks"": 25, ""index_bucket_entries"": 0, ""index_inserts"": 0, ""index_lookups"": 0, ""index_removes"": 0, ""index_repairs"": 0, ""key_normalization_allocations"": 0, ""key_normalization_requests"": 0, ""key_template_visits"": 0, ""key_visits"": 0, ""map_allocations"": 1, ""map_visits"": 24, ""pairs"": 73, ""pool_entries"": 100, ""structural_tests"": 162, ""term_requests"": 25}"	130	11958	823	38476	434	11896	0	0	0	0	30563	4862	2529
fanout	8	8	generic-indexed	425384	367228	454197	14179	9456	21752	857	652	905	167716	147884	183262	107916	99254	128836	94127.33333333333	85887.0	102684.66666666667	12531.25	11195.75	13399.75	69843.5	62369.75	77257.0	11812.5	10678.5	15013.0	2590.0	2228.0	2662.75	2759.5	2395.75	2859.0	"{""activation_pushes"": 41, ""applications"": 17, ""binding_slot_copies"": 148, ""candidate_visits"": 57, ""dependency_visits"": 194, ""dereferences"": 51, ""generic_template_visits"": 157, ""history_checks"": 25, ""index_bucket_entries"": 16, ""index_inserts"": 49, ""index_lookups"": 32, ""index_removes"": 33, ""index_repairs"": 50, ""key_normalization_allocations"": 0, ""key_normalization_requests"": 193, ""key_template_visits"": 32, ""key_visits"": 202, ""map_allocations"": 1, ""map_visits"": 32, ""pairs"": 17, ""pool_entries"": 0, ""structural_tests"": 106, ""term_requests"": 218}"	130	11958	1416	52646	434	11896	0	0	0	0	33668	4863	2529
fanout	8	8	integrated	280913	270591	318831	8175	7262	9356	1216	804	1358	142799	141572	177497	86040	77129	90471	61477.0	59502.333333333336	75228.66666666667	21619.75	20278.25	22833.75	28421.75	26554.5	34225.25	11959.75	11336.5	13248.5	3447.0	3191.0	3767.5	2575.25	2430.25	3114.0	"{""activations"": 33, ""applications"": 17, ""candidate_visits"": 25, ""descriptor_repairs"": 0, ""equality_steps"": 1, ""index_migrations"": 0, ""indexed_lookups"": 16, ""speculative_applications"": 0, ""steps"": 35}"	313	31735	588	30432	436	12472	0	0	0	0	50289	4704	2375
fanout	64	1	generated-global-scan	1475570	1452606	1505733	27641	26975	31207	1124	1024	1264	512264	500824	551708	403930	355101	426302	350367.0	337891.3333333333	362858.0	35548.75	34936.75	36239.75	295999.0	290146.75	300672.25	17559.25	16829.75	20019.0	7215.75	6973.0	7615.5	4686.75	4577.0	6864.25	"{""activation_pushes"": 0, ""applications"": 129, ""binding_slot_copies"": 4804, ""candidate_visits"": 2273, ""dependency_visits"": 0, ""dereferences"": 130, ""generic_template_visits"": 0, ""history_checks"": 2209, ""index_bucket_entries"": 0, ""index_inserts"": 0, ""index_lookups"": 0, ""index_removes"": 0, ""index_repairs"": 0, ""key_normalization_allocations"": 0, ""key_normalization_requests"": 0, ""key_template_visits"": 0, ""key_visits"": 0, ""map_allocations"": 1, ""map_visits"": 128, ""pairs"": 65, ""pool_entries"": 8321, ""structural_tests"": 4546, ""term_requests"": 130}"	568	62918	9054	344556	770	29366	0	0	0	0	92721	4870	2529
fanout	64	1	generated-indexed	2101029	1850729	2124768	18925	15058	31481	935	905	1211	586637	531841	686334	478344	460664	550468	513348.0	452649.3333333333	539212.3333333334	39068.5	34699.25	41844.5	438762.25	384915.25	445106.5	24697.0	22110.25	26001.25	8484.5	8314.25	10158.0	5270.25	5037.75	8121.5	"{""activation_pushes"": 321, ""applications"": 129, ""binding_slot_copies"": 1156, ""candidate_visits"": 449, ""dependency_visits"": 579, ""dereferences"": 387, ""generic_template_visits"": 0, ""history_checks"": 193, ""index_bucket_entries"": 128, ""index_inserts"": 385, ""index_lookups"": 256, ""index_removes"": 257, ""index_repairs"": 386, ""key_normalization_allocations"": 0, ""key_normalization_requests"": 578, ""key_template_visits"": 256, ""key_visits"": 643, ""map_allocations"": 1, ""map_visits"": 256, ""pairs"": 129, ""pool_entries"": 0, ""structural_tests"": 834, ""term_requests"": 708}"	568	62918	7229	354136	770	29366	0	0	0	0	125348	4866	2529
fanout	64	1	generated-scan	2260703	2223790	2437725	17642	13840	24846	786	742	1318	512803	489785	599920	560980	558022	627588	561196.6666666666	549128.0	594657.6666666666	36214.25	33535.25	40745.75	492055.0	485995.0	533649.0	18756.0	18020.25	24163.0	7067.25	6092.75	7620.5	4590.0	4284.25	4595.75	"{""activation_pushes"": 321, ""applications"": 129, ""binding_slot_copies"": 9220, ""candidate_visits"": 4481, ""dependency_visits"": 579, ""dereferences"": 258, ""generic_template_visits"": 0, ""history_checks"": 193, ""index_bucket_entries"": 0, ""index_inserts"": 0, ""index_lookups"": 0, ""index_removes"": 0, ""index_repairs"": 0, ""key_normalization_allocations"": 0, ""key_normalization_requests"": 0, ""key_template_visits"": 0, ""key_visits"": 0, ""map_allocations"": 1, ""map_visits"": 192, ""pairs"": 4161, ""pool_entries"": 6176, ""structural_tests"": 4866, ""term_requests"": 130}"	568	62918	17120	670780	770	29366	0	0	0	0	99010	4863	2529
fanout	64	1	generic-indexed	1855823	1803385	3978924	12500	10745	14539	699	682	1010	542843	523219	1184327	520278	469063	1201188	441679.3333333333	440374.3333333333	920826.0	37050.0	35708.75	65151.25	391235.25	377453.5	893304.0	20711.0	20283.25	21575.0	7408.75	7323.75	7853.75	4523.75	4276.5	4717.0	"{""activation_pushes"": 321, ""applications"": 129, ""binding_slot_copies"": 1156, ""candidate_visits"": 449, ""dependency_visits"": 579, ""dereferences"": 387, ""generic_template_visits"": 1221, ""history_checks"": 193, ""index_bucket_entries"": 128, ""index_inserts"": 385, ""index_lookups"": 256, ""index_removes"": 257, ""index_repairs"": 386, ""key_normalization_allocations"": 0, ""key_normalization_requests"": 578, ""key_template_visits"": 256, ""key_visits"": 643, ""map_allocations"": 1, ""map_visits"": 256, ""pairs"": 129, ""pool_entries"": 0, ""structural_tests"": 834, ""term_requests"": 708}"	568	62918	7229	354136	770	29366	0	0	0	0	125346	4864	2529
fanout	64	1	integrated	1286788	1265493	1331926	8538	6012	9787	1136	818	1369	512540	508867	580899	363776	341493	420702	304067.3333333333	296484.6666666667	323866.6666666667	99732.5	95899.25	104403.25	176527.75	176404.75	186084.0	20606.0	19887.25	21892.25	12710.0	12518.0	13917.5	8164.0	8068.75	8626.75	"{""activations"": 257, ""applications"": 129, ""candidate_visits"": 193, ""descriptor_repairs"": 0, ""equality_steps"": 1, ""index_migrations"": 0, ""indexed_lookups"": 128, ""speculative_applications"": 0, ""steps"": 259}"	1686	174472	4560	238960	775	35318	0	0	0	0	217302	4705	2375
fanout	64	8	generated-global-scan	1791825	1764015	1947529	16863	15098	26928	765	733	950	1165459	1146948	1240848	499036	426638	511020	449197.0	413591.3333333333	477081.3333333333	47518.0	46587.0	53188.5	298198.0	293750.25	328565.25	71351.0	69923.5	71765.75	7960.75	6342.25	10327.25	19114.75	18658.75	21402.5	"{""activation_pushes"": 0, ""applications"": 129, ""binding_slot_copies"": 4804, ""candidate_visits"": 2273, ""dependency_visits"": 0, ""dereferences"": 130, ""generic_template_visits"": 0, ""history_checks"": 2209, ""index_bucket_entries"": 0, ""index_inserts"": 0, ""index_lookups"": 0, ""index_removes"": 0, ""index_repairs"": 0, ""key_normalization_allocations"": 0, ""key_normalization_requests"": 0, ""key_template_visits"": 0, ""key_visits"": 0, ""map_allocations"": 1, ""map_visits"": 128, ""pairs"": 65, ""pool_entries"": 8321, ""structural_tests"": 4546, ""term_requests"": 137}"	596	63156	9056	344804	3458	95222	0	0	0	0	159844	4870	2529
fanout	64	8	generated-indexed	2560187	2511306	5638451	20145	17020	29587	752	729	1303	1071068	1034327	2477104	650369	626382	1987703	630658.6666666666	622384.0	1206619.3333333333	57983.25	53284.0	156976.75	479869.5	468267.25	1048815.0	74916.5	71110.5	117512.0	8493.75	7822.75	9483.5	19031.75	18375.0	69031.0	"{""activation_pushes"": 321, ""applications"": 129, ""binding_slot_copies"": 1156, ""candidate_visits"": 449, ""dependency_visits"": 1482, ""dereferences"": 387, ""generic_template_visits"": 0, ""history_checks"": 193, ""index_bucket_entries"": 128, ""index_inserts"": 385, ""index_lookups"": 256, ""index_removes"": 257, ""index_repairs"": 386, ""key_normalization_allocations"": 0, ""key_normalization_requests"": 1481, ""key_template_visits"": 256, ""key_visits"": 1546, ""map_allocations"": 1, ""map_visits"": 256, ""pairs"": 129, ""pool_entries"": 0, ""structural_tests"": 834, ""term_requests"": 1618}"	596	63156	10843	385086	3458	95222	0	0	0	0	191664	4866	2529
fanout	64	8	generated-scan	2691120	2575324	2715499	17098	15291	18754	977	730	1247	1163651	1113697	1234665	669153	640510	682594	663360.0	626558.6666666666	676094.3333333334	45385.5	43935.0	46927.0	516507.0	492328.75	528873.75	69182.75	65287.5	82534.0	6635.75	6337.5	7415.5	19529.0	18693.0	29122.25	"{""activation_pushes"": 321, ""applications"": 129, ""binding_slot_copies"": 9220, ""candidate_visits"": 4481, ""dependency_visits"": 1482, ""dereferences"": 258, ""generic_template_visits"": 0, ""history_checks"": 193, ""index_bucket_entries"": 0, ""index_inserts"": 0, ""index_lookups"": 0, ""index_removes"": 0, ""index_repairs"": 0, ""key_normalization_allocations"": 0, ""key_normalization_requests"": 0, ""key_template_visits"": 0, ""key_visits"": 0, ""map_allocations"": 1, ""map_visits"": 192, ""pairs"": 4161, ""pool_entries"": 6176, ""structural_tests"": 4866, ""term_requests"": 137}"	596	63156	17122	671028	3458	95222	0	0	0	0	166133	4863	2529
fanout	64	8	generic-indexed	2504215	2443822	2736861	13776	10855	20504	986	704	1104	1157516	1065061	1259851	632173	621423	647446	619093.3333333334	603384.6666666666	691699.6666666666	53747.25	48570.25	60201.0	466499.75	463199.75	508416.25	74905.25	67978.25	84296.75	8378.5	7735.25	10763.5	19696.0	18750.5	20791.75	"{""activation_pushes"": 321, ""applications"": 129, ""binding_slot_copies"": 1156, ""candidate_visits"": 449, ""dependency_visits"": 1482, ""dereferences"": 387, ""generic_template_visits"": 1221, ""history_checks"": 193, ""index_bucket_entries"": 128, ""index_inserts"": 385, ""index_lookups"": 256, ""index_removes"": 257, ""index_repairs"": 386, ""key_normalization_allocations"": 0, ""key_normalization_requests"": 1481, ""key_template_visits"": 256, ""key_visits"": 1546, ""map_allocations"": 1, ""map_visits"": 256, ""pairs"": 129, ""pool_entries"": 0, ""structural_tests"": 834, ""term_requests"": 1618}"	596	63156	10843	385086	3458	95222	0	0	0	0	191662	4864	2529
fanout	64	8	integrated	1566225	1518880	1619948	8688	7686	12478	1377	1150	1570	1221679	1191007	1283082	405246	401213	428468	381838.3333333333	362114.0	401507.0	102425.5	100962.0	111475.0	175140.0	169773.5	180287.5	69712.5	66138.0	71316.75	13305.5	13105.25	14219.25	24596.5	23365.5	27488.25	"{""activations"": 257, ""applications"": 129, ""candidate_visits"": 193, ""descriptor_repairs"": 0, ""equality_steps"": 1, ""index_migrations"": 0, ""indexed_lookups"": 128, ""speculative_applications"": 0, ""steps"": 259}"	1750	176981	4560	238960	3463	101174	0	0	0	0	286640	4705	2375
independent	8	1	generated-global-scan	191707	168801	215548	23229	15657	33603	822	764	1202	92546	86185	118059	53774	45164	72505	36522.333333333336	35540.333333333336	40365.0	8603.25	7877.0	9545.75	27568.75	24055.75	29771.0	3925.5	3610.0	4181.5	1809.25	1664.25	2109.25	712.25	671.75	754.5	"{""activation_pushes"": 0, ""applications"": 24, ""binding_slot_copies"": 184, ""candidate_visits"": 68, ""dependency_visits"": 0, ""dereferences"": 32, ""generic_template_visits"": 0, ""history_checks"": 60, ""index_bucket_entries"": 0, ""index_inserts"": 0, ""index_lookups"": 0, ""index_removes"": 0, ""index_repairs"": 0, ""key_normalization_allocations"": 0, ""key_normalization_requests"": 0, ""key_template_visits"": 0, ""key_visits"": 0, ""map_allocations"": 25, ""map_visits"": 80, ""pairs"": 16, ""pool_entries"": 180, ""structural_tests"": 136, ""term_requests"": 32}"	135	8722	627	29056	98	3664	0	0	0	0	19249	4879	2529
independent	8	1	generated-indexed	360499	354322	407711	23863	18775	46948	1156	729	1285	92624	87293	107110	99875	99032	115726	78117.66666666667	76180.0	90258.0	8594.25	8229.75	9376.5	68920.5	68141.0	80029.25	3315.0	3240.0	3497.0	2444.25	2358.0	2863.0	684.25	668.75	795.5	"{""activation_pushes"": 48, ""applications"": 24, ""binding_slot_copies"": 176, ""candidate_visits"": 64, ""dependency_visits"": 96, ""dereferences"": 72, ""generic_template_visits"": 0, ""history_checks"": 32, ""index_bucket_entries"": 16, ""index_inserts"": 56, ""index_lookups"": 32, ""index_removes"": 40, ""index_repairs"": 64, ""key_normalization_allocations"": 0, ""key_normalization_requests"": 88, ""key_template_visits"": 32, ""key_visits"": 104, ""map_allocations"": 25, ""map_visits"": 110, ""pairs"": 24, ""pool_entries"": 0, ""structural_tests"": 120, ""term_requests"": 120}"	135	8722	1199	61064	98	3664	0	0	0	0	28587	4875	2529
independent	8	1	generated-scan	285992	267105	313455	19108	14977	21335	787	642	852	87547	83025	89902	78439	72802	88497	60634.0	58917.0	68987.0	8512.5	8002.75	9138.5	51724.0	48870.0	58519.75	3106.75	2858.5	3341.75	2028.5	1888.5	2169.75	661.75	630.75	702.0	"{""activation_pushes"": 48, ""applications"": 24, ""binding_slot_copies"": 288, ""candidate_visits"": 120, ""dependency_visits"": 96, ""dereferences"": 48, ""generic_template_visits"": 0, ""history_checks"": 32, ""index_bucket_entries"": 0, ""index_inserts"": 0, ""index_lookups"": 0, ""index_removes"": 0, ""index_repairs"": 0, ""key_normalization_allocations"": 0, ""key_normalization_requests"": 0, ""key_template_visits"": 0, ""key_visits"": 0, ""map_allocations"": 25, ""map_visits"": 95, ""pairs"": 80, ""pool_entries"": 100, ""structural_tests"": 176, ""term_requests"": 32}"	135	8722	1025	49200	98	3664	0	0	0	0	20338	4872	2529
independent	8	1	generic-indexed	346872	336289	354493	12417	9268	16813	673	626	792	88054	84916	92309	92378	91041	97368	79097.0	77681.0	81879.66666666667	8320.25	7807.75	8726.75	68593.25	67233.0	70817.5	2921.75	2883.25	3233.75	2320.0	2101.75	2377.75	687.25	670.75	707.0	"{""activation_pushes"": 48, ""applications"": 24, ""binding_slot_copies"": 176, ""candidate_visits"": 64, ""dependency_visits"": 96, ""dereferences"": 72, ""generic_template_visits"": 192, ""history_checks"": 32, ""index_bucket_entries"": 16, ""index_inserts"": 56, ""index_lookups"": 32, ""index_removes"": 40, ""index_repairs"": 64, ""key_normalization_allocations"": 0, ""key_normalization_requests"": 88, ""key_template_visits"": 32, ""key_visits"": 104, ""map_allocations"": 25, ""map_visits"": 110, ""pairs"": 24, ""pool_entries"": 0, ""structural_tests"": 120, ""term_requests"": 120}"	135	8722	1199	61064	98	3664	0	0	0	0	28585	4873	2529
independent	8	1	integrated	322958	280444	331265	8895	7633	11358	1249	1023	1327	84102	74331	86972	91602	82562	96237	72470.0	62571.0	74816.33333333333	24557.0	21828.0	25025.75	44513.25	38140.0	46253.5	4250.0	3762.5	4545.5	3638.75	3218.25	3960.5	706.5	671.25	776.75	"{""activations"": 40, ""applications"": 24, ""candidate_visits"": 32, ""descriptor_repairs"": 0, ""equality_steps"": 8, ""index_migrations"": 14, ""indexed_lookups"": 16, ""speculative_applications"": 0, ""steps"": 49}"	356	31100	882	38688	100	4240	0	0	0	0	40437	4714	2375
independent	8	8	generated-global-scan	257966	247757	294845	22339	18405	22918	862	654	1272	181075	177488	206094	65282	63171	75458	55536.0	54804.0	65065.666666666664	16039.5	15748.5	18791.75	27949.25	26731.5	31585.5	10423.5	10052.75	12095.75	1919.5	1733.25	2184.5	2546.75	2423.25	2987.25	"{""activation_pushes"": 0, ""applications"": 24, ""binding_slot_copies"": 184, ""candidate_visits"": 68, ""dependency_visits"": 0, ""dereferences"": 32, ""generic_template_visits"": 0, ""history_checks"": 60, ""index_bucket_entries"": 0, ""index_inserts"": 0, ""index_lookups"": 0, ""index_removes"": 0, ""index_repairs"": 0, ""key_normalization_allocations"": 0, ""key_normalization_requests"": 0, ""key_template_visits"": 0, ""key_visits"": 0, ""map_allocations"": 25, ""map_visits"": 80, ""pairs"": 16, ""pool_entries"": 180, ""structural_tests"": 136, ""term_requests"": 88}"	263	13169	643	31040	434	11896	0	0	0	0	30428	4879	2529
independent	8	8	generated-indexed	494798	475726	548599	18617	16350	21416	705	649	1173	179133	176127	200625	133267	122450	143958	113219.0	111850.0	129195.33333333333	16185.25	15868.5	18712.25	87351.0	83517.5	97298.5	10387.0	10255.75	11834.25	2494.0	2328.5	2634.0	2454.0	2331.25	2953.0	"{""activation_pushes"": 48, ""applications"": 24, ""binding_slot_copies"": 176, ""candidate_visits"": 64, ""dependency_visits"": 264, ""dereferences"": 72, ""generic_template_visits"": 0, ""history_checks"": 32, ""index_bucket_entries"": 16, ""index_inserts"": 56, ""index_lookups"": 32, ""index_removes"": 40, ""index_repairs"": 64, ""key_normalization_allocations"": 0, ""key_normalization_requests"": 256, ""key_template_visits"": 32, ""key_visits"": 272, ""map_allocations"": 25, ""map_visits"": 110, ""pairs"": 24, ""pool_entries"": 0, ""structural_tests"": 120, ""term_requests"": 344}"	263	13169	1887	68760	434	11896	0	0	0	0	34624	4875	2529
independent	8	8	generated-scan	369801	348481	373866	25299	15447	29634	977	692	1328	182501	174257	186878	97632	90299	103661	80929.0	80402.33333333333	83275.0	15967.0	15941.5	16569.25	54352.0	52782.5	55913.75	10059.5	9958.75	10461.25	2200.0	1891.25	2499.75	2452.0	2382.75	2565.5	"{""activation_pushes"": 48, ""applications"": 24, ""binding_slot_copies"": 288, ""candidate_visits"": 120, ""dependency_visits"": 264, ""dereferences"": 48, ""generic_template_visits"": 0, ""history_checks"": 32, ""index_bucket_entries"": 0, ""index_inserts"": 0, ""index_lookups"": 0, ""index_removes"": 0, ""index_repairs"": 0, ""key_normalization_allocations"": 0, ""key_normalization_requests"": 0, ""key_template_visits"": 0, ""key_visits"": 0, ""map_allocations"": 25, ""map_visits"": 95, ""pairs"": 80, ""pool_entries"": 100, ""structural_tests"": 176, ""term_requests"": 88}"	263	13169	1041	51184	434	11896	0	0	0	0	31517	4872	2529
independent	8	8	generic-indexed	553589	474582	583343	13435	9282	19244	978	677	1137	202756	179253	218780	146643	125414	156960	130922.66666666667	113069.66666666667	135358.0	18081.75	16226.5	19092.0	99352.5	84923.5	102737.25	11879.75	10103.5	12654.5	2661.0	2412.25	3304.5	2649.75	2433.25	2899.5	"{""activation_pushes"": 48, ""applications"": 24, ""binding_slot_copies"": 176, ""candidate_visits"": 64, ""dependency_visits"": 264, ""dereferences"": 72, ""generic_template_visits"": 192, ""history_checks"": 32, ""index_bucket_entries"": 16, ""index_inserts"": 56, ""index_lookups"": 32, ""index_removes"": 40, ""index_repairs"": 64, ""key_normalization_allocations"": 0, ""key_normalization_requests"": 256, ""key_template_visits"": 32, ""key_visits"": 272, ""map_allocations"": 25, ""map_visits"": 110, ""pairs"": 24, ""pool_entries"": 0, ""structural_tests"": 120, ""term_requests"": 344}"	263	13169	1887	68760	434	11896	0	0	0	0	34622	4873	2529
independent	8	8	integrated	379765	363945	445008	9326	7900	12243	1216	1004	1713	190859	177160	219302	106277	103187	129375	89196.66666666667	83406.33333333333	100559.0	30346.0	29589.75	36302.0	42575.25	41302.0	50532.75	13500.0	11362.75	13888.75	3733.5	3686.0	4982.75	2644.0	2404.5	3195.5	"{""activations"": 40, ""applications"": 24, ""candidate_visits"": 32, ""descriptor_repairs"": 0, ""equality_steps"": 8, ""index_migrations"": 14, ""indexed_lookups"": 16, ""speculative_applications"": 0, ""steps"": 49}"	569	38674	882	38688	436	12472	0	0	0	0	54719	4714	2375
independent	64	1	generated-global-scan	1780815	1729504	1827983	17464	15285	25026	870	773	1109	538710	523786	556129	445318	442699	453796	439949.3333333333	421521.6666666667	453952.6666666667	51997.5	51738.0	62796.75	354746.0	343763.5	358726.0	19114.75	18789.25	19766.0	8143.0	7926.75	9278.25	4388.75	4085.75	4718.25	"{""activation_pushes"": 0, ""applications"": 192, ""binding_slot_copies"": 5056, ""candidate_visits"": 2336, ""dependency_visits"": 0, ""dereferences"": 256, ""generic_template_visits"": 0, ""history_checks"": 2272, ""index_bucket_entries"": 0, ""index_inserts"": 0, ""index_lookups"": 0, ""index_removes"": 0, ""index_repairs"": 0, ""key_normalization_allocations"": 0, ""key_normalization_requests"": 0, ""key_template_visits"": 0, ""key_visits"": 0, ""map_allocations"": 442, ""map_visits"": 1848, ""pairs"": 128, ""pool_entries"": 10400, ""structural_tests"": 4672, ""term_requests"": 256}"	892	68936	10534	435952	770	29366	0	0	0	0	101579	4880	2529
independent	64	1	generated-indexed	2555444	2524910	2672274	19700	16875	20514	930	715	1020	583282	563967	605080	662195	631171	673420	621085.3333333334	616139.3333333334	674250.6666666666	52185.25	51228.5	55273.0	534323.5	529980.75	563005.0	25048.25	24010.75	27143.25	9346.5	9179.5	9846.75	11404.25	11332.0	12514.5	"{""activation_pushes"": 384, ""applications"": 192, ""binding_slot_copies"": 1408, ""candidate_visits"": 512, ""dependency_visits"": 768, ""dereferences"": 576, ""generic_template_visits"": 0, ""history_checks"": 256, ""index_bucket_entries"": 128, ""index_inserts"": 448, ""index_lookups"": 256, ""index_removes"": 320, ""index_repairs"": 512, ""key_normalization_allocations"": 0, ""key_normalization_requests"": 704, ""key_template_visits"": 256, ""key_visits"": 832, ""map_allocations"": 442, ""map_visits"": 2500, ""pairs"": 192, ""pool_entries"": 0, ""structural_tests"": 960, ""term_requests"": 960}"	892	68936	9800	488256	770	29366	0	0	0	0	168374	4876	2529
independent	64	1	generated-scan	2892445	2829120	3540613	18812	17417	28081	902	659	1543	579834	544763	843911	700767	687024	871518	723983.0	706439.0	880623.3333333334	55703.75	52289.5	92040.0	627888.0	612950.75	769712.25	22718.0	21587.0	27303.5	9143.75	6920.5	12625.5	4583.25	4283.0	6207.75	"{""activation_pushes"": 384, ""applications"": 192, ""binding_slot_copies"": 9472, ""candidate_visits"": 4544, ""dependency_visits"": 768, ""dereferences"": 384, ""generic_template_visits"": 0, ""history_checks"": 256, ""index_bucket_entries"": 0, ""index_inserts"": 0, ""index_lookups"": 0, ""index_removes"": 0, ""index_repairs"": 0, ""key_normalization_allocations"": 0, ""key_normalization_requests"": 0, ""key_template_visits"": 0, ""key_visits"": 0, ""map_allocations"": 442, ""map_visits"": 2174, ""pairs"": 4224, ""pool_entries"": 6176, ""structural_tests"": 4992, ""term_requests"": 256}"	892	68936	19167	787280	770	29366	0	0	0	0	107868	4873	2529
independent	64	1	generic-indexed	2667292	2505076	2823941	12102	11145	18872	1189	880	13838	594817	585252	621271	663006	656020	804600	661762.0	610995.0	708870.3333333334	54073.0	50517.25	56771.0	557439.25	523760.75	580392.5	26293.25	23843.75	36465.5	10012.5	9379.5	11501.75	15912.0	14199.5	17239.5	"{""activation_pushes"": 384, ""applications"": 192, ""binding_slot_copies"": 1408, ""candidate_visits"": 512, ""dependency_visits"": 768, ""dereferences"": 576, ""generic_template_visits"": 1536, ""history_checks"": 256, ""index_bucket_entries"": 128, ""index_inserts"": 448, ""index_lookups"": 256, ""index_removes"": 320, ""index_repairs"": 512, ""key_normalization_allocations"": 0, ""key_normalization_requests"": 704, ""key_template_visits"": 256, ""key_visits"": 832, ""map_allocations"": 442, ""map_visits"": 2500, ""pairs"": 192, ""pool_entries"": 0, ""structural_tests"": 960, ""term_requests"": 960}"	892	68936	9800	488256	770	29366	0	0	0	0	168372	4874	2529
independent	64	1	integrated	2803132	2790991	2911287	8914	6939	9079	1161	998	1597	601020	594803	670731	715082	702311	733589	696887.0	682590.6666666666	728223.0	148375.0	145021.25	156070.25	500357.25	492168.25	521026.5	22780.25	21524.75	23483.75	16305.75	16021.75	18030.0	10727.25	9877.0	12640.25	"{""activations"": 320, ""applications"": 192, ""candidate_visits"": 256, ""descriptor_repairs"": 0, ""equality_steps"": 64, ""index_migrations"": 126, ""indexed_lookups"": 128, ""speculative_applications"": 0, ""steps"": 385}"	2681	248050	14848	455928	775	35318	0	0	0	0	259924	4715	2375
independent	64	8	generated-global-scan	2396797	2360553	2419757	19799	14317	24940	1055	770	1910	1373659	1313129	1425093	587009	570203	670096	595142.0	563400.0	611486.6666666666	98790.5	96306.5	102266.75	389335.5	388986.75	402041.5	67664.25	66022.0	71327.0	13988.0	12575.5	14500.5	19401.25	18535.25	19516.25	"{""activation_pushes"": 0, ""applications"": 192, ""binding_slot_copies"": 5056, ""candidate_visits"": 2336, ""dependency_visits"": 0, ""dereferences"": 256, ""generic_template_visits"": 0, ""history_checks"": 2272, ""index_bucket_entries"": 0, ""index_inserts"": 0, ""index_lookups"": 0, ""index_removes"": 0, ""index_repairs"": 0, ""key_normalization_allocations"": 0, ""key_normalization_requests"": 0, ""key_template_visits"": 0, ""key_visits"": 0, ""map_allocations"": 442, ""map_visits"": 1848, ""pairs"": 128, ""pool_entries"": 10400, ""structural_tests"": 4672, ""term_requests"": 704}"	1802	76671	10662	451824	3458	95222	0	0	0	0	168702	4880	2529
independent	64	8	generated-indexed	3664788	3513784	4779803	16472	14256	21720	992	749	3446	1449974	1306185	1892794	875658	873015	889895	924695.3333333334	873635.0	1288247.3333333333	97778.25	94887.25	133011.25	697447.5	670871.0	904097.25	76679.75	72826.25	102601.25	18159.75	13947.0	23552.25	18206.5	18086.25	25307.5	"{""activation_pushes"": 384, ""applications"": 192, ""binding_slot_copies"": 1408, ""candidate_visits"": 512, ""dependency_visits"": 2112, ""dereferences"": 576, ""generic_template_visits"": 0, ""history_checks"": 256, ""index_bucket_entries"": 128, ""index_inserts"": 448, ""index_lookups"": 256, ""index_removes"": 320, ""index_repairs"": 512, ""key_normalization_allocations"": 0, ""key_normalization_requests"": 2048, ""key_template_visits"": 256, ""key_visits"": 2176, ""map_allocations"": 442, ""map_visits"": 2500, ""pairs"": 192, ""pool_entries"": 0, ""structural_tests"": 960, ""term_requests"": 2752}"	1802	76671	15304	549824	3458	95222	0	0	0	0	200522	4876	2529
independent	64	8	generated-scan	3392228	3332488	3725402	14898	14019	24901	855	700	1154	1333338	1262921	1394752	843089	833966	879012	841220.0	822936.0	955520.0	95006.25	94356.25	101675.75	648641.0	629081.75	714448.5	72373.5	68393.25	75196.5	14089.25	13349.5	20517.0	18948.75	18049.0	19773.5	"{""activation_pushes"": 384, ""applications"": 192, ""binding_slot_copies"": 9472, ""candidate_visits"": 4544, ""dependency_visits"": 2112, ""dereferences"": 384, ""generic_template_visits"": 0, ""history_checks"": 256, ""index_bucket_entries"": 0, ""index_inserts"": 0, ""index_lookups"": 0, ""index_removes"": 0, ""index_repairs"": 0, ""key_normalization_allocations"": 0, ""key_normalization_requests"": 0, ""key_template_visits"": 0, ""key_visits"": 0, ""map_allocations"": 442, ""map_visits"": 2174, ""pairs"": 4224, ""pool_entries"": 6176, ""structural_tests"": 4992, ""term_requests"": 704}"	1802	76671	19295	803152	3458	95222	0	0	0	0	174991	4873	2529
independent	64	8	generic-indexed	3766978	3629560	3846749	18821	12269	23393	939	730	1294	1420579	1380906	1529458	987740	886797	1082250	919775.0	908095.0	934773.3333333334	109556.0	104064.25	153200.75	701628.5	682128.0	732688.5	74626.25	73579.0	85696.75	17174.5	15427.25	18269.25	19737.5	18365.0	20058.75	"{""activation_pushes"": 384, ""applications"": 192, ""binding_slot_copies"": 1408, ""candidate_visits"": 512, ""dependency_visits"": 2112, ""dereferences"": 576, ""generic_template_visits"": 1536, ""history_checks"": 256, ""index_bucket_entries"": 128, ""index_inserts"": 448, ""index_lookups"": 256, ""index_removes"": 320, ""index_repairs"": 512, ""key_normalization_allocations"": 0, ""key_normalization_requests"": 2048, ""key_template_visits"": 256, ""key_visits"": 2176, ""map_allocations"": 442, ""map_visits"": 2500, ""pairs"": 192, ""pool_entries"": 0, ""structural_tests"": 960, ""term_requests"": 2752}"	1802	76671	15304	549824	3458	95222	0	0	0	0	200520	4874	2529
independent	64	8	integrated	3273220	3217800	3376834	10069	6255	10445	1162	871	26891	1374725	1339896	1517106	818941	798866	896545	813773.3333333334	803936.0	822921.6666666666	198555.25	196139.75	203915.5	510265.0	498420.75	520217.75	74195.25	71519.0	81772.25	16231.0	15770.25	18203.0	18197.0	17697.0	20737.5	"{""activations"": 320, ""applications"": 192, ""candidate_visits"": 256, ""descriptor_repairs"": 0, ""equality_steps"": 64, ""index_migrations"": 126, ""indexed_lookups"": 128, ""speculative_applications"": 0, ""steps"": 385}"	4068	258056	14848	455928	3463	101174	0	0	0	0	329262	4715	2375
repair	8	1	generated-global-scan	80814	77916	96101	17481	15521	27913	830	702	1116	78696	76860	82504	22267	21189	27056	13479.0	13338.666666666666	13677.0	6276.25	6211.25	6388.75	3923.5	3853.0	4595.5	3289.75	3096.0	3335.0	1389.75	1359.75	1687.25	741.0	730.75	753.25	"{""activation_pushes"": 0, ""applications"": 1, ""binding_slot_copies"": 20, ""candidate_visits"": 9, ""dependency_visits"": 0, ""dereferences"": 26, ""generic_template_visits"": 0, ""history_checks"": 1, ""index_bucket_entries"": 0, ""index_inserts"": 0, ""index_lookups"": 0, ""index_removes"": 0, ""index_repairs"": 0, ""key_normalization_allocations"": 0, ""key_normalization_requests"": 0, ""key_template_visits"": 0, ""key_visits"": 0, ""map_allocations"": 1, ""map_visits"": 24, ""pairs"": 1, ""pool_entries"": 9, ""structural_tests"": 18, ""term_requests"": 18}"	100	8344	52	4172	106	3664	0	0	0	0	16631	4869	2529
repair	8	1	generated-indexed	206626	176991	234683	16628	14667	26591	782	649	1109	91254	77965	95318	59400	49503	63601	43249.333333333336	36674.333333333336	47794.0	7395.25	6280.25	7838.75	32675.75	27282.0	35723.0	3676.5	3516.75	4241.75	2745.75	2143.25	3007.75	833.25	717.5	883.5	"{""activation_pushes"": 25, ""applications"": 1, ""binding_slot_copies"": 68, ""candidate_visits"": 33, ""dependency_visits"": 59, ""dereferences"": 59, ""generic_template_visits"": 0, ""history_checks"": 1, ""index_bucket_entries"": 8, ""index_inserts"": 33, ""index_lookups"": 16, ""index_removes"": 9, ""index_repairs"": 26, ""key_normalization_allocations"": 0, ""key_normalization_requests"": 50, ""key_template_visits"": 24, ""key_visits"": 59, ""map_allocations"": 1, ""map_visits"": 40, ""pairs"": 9, ""pool_entries"": 0, ""structural_tests"": 58, ""term_requests"": 68}"	100	8344	532	28704	106	3664	0	0	0	0	26803	4865	2529
repair	8	1	generated-scan	176429	156634	205387	25272	16148	38589	879	677	1131	94453	79006	106173	53013	41381	55607	33797.333333333336	30211.666666666668	36825.666666666664	6804.0	6528.0	7868.75	23222.75	21062.75	26200.0	4081.5	3510.25	5452.25	2104.25	1843.5	2512.0	774.0	737.0	851.0	"{""activation_pushes"": 25, ""applications"": 1, ""binding_slot_copies"": 180, ""candidate_visits"": 89, ""dependency_visits"": 59, ""dereferences"": 42, ""generic_template_visits"": 0, ""history_checks"": 1, ""index_bucket_entries"": 0, ""index_inserts"": 0, ""index_lookups"": 0, ""index_removes"": 0, ""index_repairs"": 0, ""key_normalization_allocations"": 0, ""key_normalization_requests"": 0, ""key_template_visits"": 0, ""key_visits"": 0, ""map_allocations"": 1, ""map_visits"": 32, ""pairs"": 65, ""pool_entries"": 64, ""structural_tests"": 114, ""term_requests"": 18}"	100	8344	492	23292	106	3664	0	0	0	0	19592	4862	2529
repair	8	1	generic-indexed	195784	173311	220366	17590	10644	24516	753	671	1074	86659	79562	97176	57716	52242	71495	38912.333333333336	36438.666666666664	42679.0	6560.0	6132.5	7721.0	31447.25	27831.5	33380.5	3430.0	3330.5	3754.0	2621.0	2419.5	4039.5	734.0	696.5	825.5	"{""activation_pushes"": 25, ""applications"": 1, ""binding_slot_copies"": 68, ""candidate_visits"": 33, ""dependency_visits"": 59, ""dereferences"": 59, ""generic_template_visits"": 61, ""history_checks"": 1, ""index_bucket_entries"": 8, ""index_inserts"": 33, ""index_lookups"": 16, ""index_removes"": 9, ""index_repairs"": 26, ""key_normalization_allocations"": 0, ""key_normalization_requests"": 50, ""key_template_visits"": 24, ""key_visits"": 59, ""map_allocations"": 1, ""map_visits"": 40, ""pairs"": 9, ""pool_entries"": 0, ""structural_tests"": 58, ""term_requests"": 68}"	100	8344	532	28704	106	3664	0	0	0	0	26801	4863	2529
repair	8	1	integrated	146083	134560	159572	8828	6790	10051	1363	1273	1453	89284	78336	98816	48067	39827	58592	29807.666666666668	26992.333333333332	33087.0	16541.0	15588.75	19707.25	8913.75	8123.75	9750.0	3139.25	2890.5	3580.5	2162.75	2093.0	2597.75	2488.5	2313.25	2829.25	"{""activations"": 25, ""applications"": 1, ""candidate_visits"": 9, ""descriptor_repairs"": 0, ""equality_steps"": 1, ""index_migrations"": 0, ""indexed_lookups"": 8, ""speculative_applications"": 0, ""steps"": 27}"	246	22434	184	10552	108	4240	0	0	0	0	26801	4704	2375
repair	8	8	generated-global-scan	121989	121188	139093	15595	14174	20195	788	643	1020	129515	128570	134372	32151	31389	42892	24781.666666666668	24407.666666666668	25013.666666666668	9780.0	9724.25	9936.0	4317.5	4252.25	6445.25	8975.75	8721.25	9388.25	1520.25	1445.75	1620.75	1972.75	1882.0	2038.5	"{""activation_pushes"": 0, ""applications"": 1, ""binding_slot_copies"": 20, ""candidate_visits"": 9, ""dependency_visits"": 0, ""dereferences"": 26, ""generic_template_visits"": 0, ""history_checks"": 1, ""index_bucket_entries"": 0, ""index_inserts"": 0, ""index_lookups"": 0, ""index_removes"": 0, ""index_repairs"": 0, ""key_normalization_allocations"": 0, ""key_normalization_requests"": 0, ""key_template_visits"": 0, ""key_visits"": 0, ""map_allocations"": 1, ""map_visits"": 24, ""pairs"": 1, ""pool_entries"": 9, ""structural_tests"": 18, ""term_requests"": 25}"	130	11958	54	4420	330	9152	0	0	0	0	24723	4869	2529
repair	8	8	generated-indexed	289071	245659	344117	25845	15153	28575	708	642	2432	142604	126426	155546	86765	66070	141641	57292.0	54267.333333333336	63931.333333333336	12323.25	10778.25	12905.5	39134.75	33777.5	41427.5	9035.75	8313.25	22323.0	2509.0	2344.25	3065.5	2023.75	1937.5	2298.25	"{""activation_pushes"": 25, ""applications"": 1, ""binding_slot_copies"": 68, ""candidate_visits"": 33, ""dependency_visits"": 122, ""dereferences"": 59, ""generic_template_visits"": 0, ""history_checks"": 1, ""index_bucket_entries"": 8, ""index_inserts"": 33, ""index_lookups"": 16, ""index_removes"": 9, ""index_repairs"": 26, ""key_normalization_allocations"": 0, ""key_normalization_requests"": 113, ""key_template_visits"": 24, ""key_visits"": 122, ""map_allocations"": 1, ""map_visits"": 40, ""pairs"": 9, ""pool_entries"": 0, ""structural_tests"": 58, ""term_requests"": 138}"	130	11958	786	31094	330	9152	0	0	0	0	34895	4865	2529
repair	8	8	generated-scan	204305	190981	304763	19023	15146	26833	754	661	871	134149	130382	160795	59463	51429	66980	41361.0	40927.333333333336	70026.33333333333	10232.5	9594.75	11618.0	22909.25	21644.0	42690.25	9029.0	8472.75	10169.25	1756.25	1707.5	2478.25	1961.75	1909.75	2336.5	"{""activation_pushes"": 25, ""applications"": 1, ""binding_slot_copies"": 180, ""candidate_visits"": 89, ""dependency_visits"": 122, ""dereferences"": 42, ""generic_template_visits"": 0, ""history_checks"": 1, ""index_bucket_entries"": 0, ""index_inserts"": 0, ""index_lookups"": 0, ""index_removes"": 0, ""index_repairs"": 0, ""key_normalization_allocations"": 0, ""key_normalization_requests"": 0, ""key_template_visits"": 0, ""key_visits"": 0, ""map_allocations"": 1, ""map_visits"": 32, ""pairs"": 65, ""pool_entries"": 64, ""structural_tests"": 114, ""term_requests"": 25}"	130	11958	494	23540	330	9152	0	0	0	0	27684	4862	2529
repair	8	8	generic-indexed	262242	239632	388630	12776	9295	21711	685	641	1297	141645	129227	210220	76893	65776	110001	55612.666666666664	53977.666666666664	85207.0	11402.5	10352.5	18676.25	37010.0	34036.5	53034.5	8819.0	8297.25	12793.75	2569.5	2360.75	3865.75	2099.25	1830.5	2950.5	"{""activation_pushes"": 25, ""applications"": 1, ""binding_slot_copies"": 68, ""candidate_visits"": 33, ""dependency_visits"": 122, ""dereferences"": 59, ""generic_template_visits"": 61, ""history_checks"": 1, ""index_bucket_entries"": 8, ""index_inserts"": 33, ""index_lookups"": 16, ""index_removes"": 9, ""index_repairs"": 26, ""key_normalization_allocations"": 0, ""key_normalization_requests"": 113, ""key_template_visits"": 24, ""key_visits"": 122, ""map_allocations"": 1, ""map_visits"": 40, ""pairs"": 9, ""pool_entries"": 0, ""structural_tests"": 58, ""term_requests"": 138}"	130	11958	786	31094	330	9152	0	0	0	0	34893	4863	2529
repair	8	8	integrated	177458	168425	218424	9208	6659	10333	982	775	1403	131810	125404	148017	56610	47047	61601	36370.666666666664	35920.0	48848.333333333336	20254.75	19608.5	27140.25	8345.5	7698.5	9701.25	8551.25	8315.25	9684.5	2602.0	2407.5	3060.5	1965.75	1920.75	2377.0	"{""activations"": 25, ""applications"": 1, ""candidate_visits"": 9, ""descriptor_repairs"": 0, ""equality_steps"": 1, ""index_migrations"": 0, ""indexed_lookups"": 8, ""speculative_applications"": 0, ""steps"": 27}"	313	31735	184	10552	332	9728	0	0	0	0	39098	4704	2375
repair	64	1	generated-global-scan	359293	342415	380654	18673	16310	28106	776	748	960	487889	465937	526189	99647	93869	111048	79960.66666666667	75652.33333333333	83068.66666666667	34383.75	34183.75	37854.75	16871.0	16081.0	18233.75	20729.25	18291.5	21491.25	5793.25	5306.5	6223.25	6787.5	6628.75	7226.0	"{""activation_pushes"": 0, ""applications"": 1, ""binding_slot_copies"": 132, ""candidate_visits"": 65, ""dependency_visits"": 0, ""dereferences"": 194, ""generic_template_visits"": 0, ""history_checks"": 1, ""index_bucket_entries"": 0, ""index_inserts"": 0, ""index_lookups"": 0, ""index_removes"": 0, ""index_repairs"": 0, ""key_normalization_allocations"": 0, ""key_normalization_requests"": 0, ""key_template_visits"": 0, ""key_visits"": 0, ""map_allocations"": 1, ""map_visits"": 192, ""pairs"": 1, ""pool_entries"": 65, ""structural_tests"": 130, ""term_requests"": 130}"	568	62918	200	18668	834	29366	0	0	0	0	83033	4870	2529
repair	64	1	generated-indexed	1136759	1096417	1514412	18070	15933	35555	962	876	1341	537800	516109	688957	308124	292134	366729	270167.0	262274.3333333333	377656.3333333333	38980.0	35793.5	48254.25	206833.0	200418.5	274958.0	19285.0	18928.75	29505.0	9466.25	8979.5	12480.5	4889.25	4583.5	6315.25	"{""activation_pushes"": 193, ""applications"": 1, ""binding_slot_copies"": 516, ""candidate_visits"": 257, ""dependency_visits"": 451, ""dereferences"": 451, ""generic_template_visits"": 0, ""history_checks"": 1, ""index_bucket_entries"": 64, ""index_inserts"": 257, ""index_lookups"": 128, ""index_removes"": 65, ""index_repairs"": 194, ""key_normalization_allocations"": 0, ""key_normalization_requests"": 386, ""key_template_visits"": 192, ""key_visits"": 451, ""map_allocations"": 1, ""map_visits"": 320, ""pairs"": 65, ""pool_entries"": 0, ""structural_tests"": 450, ""term_requests"": 516}"	568	62918	3983	207632	834	29366	0	0	0	0	152485	4866	2529
repair	64	1	generated-scan	1758900	1721642	1895818	18807	16809	32494	1083	692	1194	522742	477734	530978	437780	426272	541853	438006.6666666667	421445.3333333333	449762.6666666667	36108.5	33451.0	38972.75	373081.0	357519.75	396062.75	19092.0	17905.0	20290.5	6439.25	5928.75	6648.0	4648.0	4580.0	4720.25	"{""activation_pushes"": 193, ""applications"": 1, ""binding_slot_copies"": 8580, ""candidate_visits"": 4289, ""dependency_visits"": 451, ""dereferences"": 322, ""generic_template_visits"": 0, ""history_checks"": 1, ""index_bucket_entries"": 0, ""index_inserts"": 0, ""index_lookups"": 0, ""index_removes"": 0, ""index_repairs"": 0, ""key_normalization_allocations"": 0, ""key_normalization_requests"": 0, ""key_template_visits"": 0, ""key_visits"": 0, ""map_allocations"": 1, ""map_visits"": 256, ""pairs"": 4097, ""pool_entries"": 4096, ""structural_tests"": 4482, ""term_requests"": 130}"	568	62918	14482	542564	834	29366	0	0	0	0	101458	4863	2529
repair	64	1	generic-indexed	1179907	1133412	1214166	12521	12233	16838	868	726	1048	529604	512476	590526	329603	292693	357435	272770.6666666667	270000.0	291371.0	39260.75	36822.75	40265.25	216674.0	203010.0	219860.5	22265.25	19046.0	25208.5	9234.25	9077.25	9823.0	4832.0	4653.75	6492.0	"{""activation_pushes"": 193, ""applications"": 1, ""binding_slot_copies"": 516, ""candidate_visits"": 257, ""dependency_visits"": 451, ""dereferences"": 451, ""generic_template_visits"": 453, ""history_checks"": 1, ""index_bucket_entries"": 64, ""index_inserts"": 257, ""index_lookups"": 128, ""index_removes"": 65, ""index_repairs"": 194, ""key_normalization_allocations"": 0, ""key_normalization_requests"": 386, ""key_template_visits"": 192, ""key_visits"": 451, ""map_allocations"": 1, ""map_visits"": 320, ""pairs"": 65, ""pool_entries"": 0, ""structural_tests"": 450, ""term_requests"": 516}"	568	62918	3983	207632	834	29366	0	0	0	0	152483	4864	2529
repair	64	1	integrated	764975	748764	790643	7898	4327	9659	1032	785	1154	518170	499420	542444	198218	188079	228055	181308.0	175844.0	199098.33333333334	104030.5	98197.5	105555.0	42047.5	41142.5	46108.25	23715.25	22457.5	25362.25	8689.5	8368.25	9112.75	10720.25	10671.25	11666.25	"{""activations"": 193, ""applications"": 1, ""candidate_visits"": 65, ""descriptor_repairs"": 0, ""equality_steps"": 1, ""index_migrations"": 0, ""indexed_lookups"": 64, ""speculative_applications"": 0, ""steps"": 195}"	1686	174472	1322	78544	839	35318	0	0	0	0	160550	4705	2375
repair	64	8	generated-global-scan	549558	532506	747557	19062	14694	27773	894	787	943	953385	936581	1258193	145888	142353	330742	126500.66666666667	124051.33333333333	130470.66666666667	40138.75	38841.5	69893.75	18743.75	17681.75	20499.5	51585.75	49721.0	61189.75	6178.5	5874.25	7153.25	15006.25	13592.75	21643.25	"{""activation_pushes"": 0, ""applications"": 1, ""binding_slot_copies"": 132, ""candidate_visits"": 65, ""dependency_visits"": 0, ""dereferences"": 194, ""generic_template_visits"": 0, ""history_checks"": 1, ""index_bucket_entries"": 0, ""index_inserts"": 0, ""index_lookups"": 0, ""index_removes"": 0, ""index_repairs"": 0, ""key_normalization_allocations"": 0, ""key_normalization_requests"": 0, ""key_template_visits"": 0, ""key_visits"": 0, ""map_allocations"": 1, ""map_visits"": 192, ""pairs"": 1, ""pool_entries"": 65, ""structural_tests"": 130, ""term_requests"": 137}"	596	63156	202	18916	2626	73270	0	0	0	0	127861	4870	2529
repair	64	8	generated-indexed	1531249	1479386	2207397	17247	16044	30408	914	854	1004	944443	930215	1232222	391085	382145	400119	373158.3333333333	360094.3333333333	600362.0	49858.5	47396.25	114001.25	249995.5	240494.5	314263.25	51718.0	51144.75	63637.25	9297.25	9206.25	11092.25	14741.0	13422.25	44232.5	"{""activation_pushes"": 193, ""applications"": 1, ""binding_slot_copies"": 516, ""candidate_visits"": 257, ""dependency_visits"": 906, ""dereferences"": 451, ""generic_template_visits"": 0, ""history_checks"": 1, ""index_bucket_entries"": 64, ""index_inserts"": 257, ""index_lookups"": 128, ""index_removes"": 65, ""index_repairs"": 194, ""key_normalization_allocations"": 0, ""key_normalization_requests"": 841, ""key_template_visits"": 192, ""key_visits"": 906, ""map_allocations"": 1, ""map_visits"": 320, ""pairs"": 65, ""pool_entries"": 0, ""structural_tests"": 450, ""term_requests"": 978}"	596	63156	5805	223350	2626	73270	0	0	0	0	197313	4866	2529
repair	64	8	generated-scan	1998644	1975333	2054468	18200	13175	29258	883	836	1192	1007038	973729	1014431	488653	487231	501521	498797.0	487184.0	511303.6666666667	41793.25	39941.25	42268.25	378977.25	373281.25	385690.0	53378.0	49680.5	67307.5	6437.5	6094.25	6754.0	14419.0	13932.0	15049.75	"{""activation_pushes"": 193, ""applications"": 1, ""binding_slot_copies"": 8580, ""candidate_visits"": 4289, ""dependency_visits"": 906, ""dereferences"": 322, ""generic_template_visits"": 0, ""history_checks"": 1, ""index_bucket_entries"": 0, ""index_inserts"": 0, ""index_lookups"": 0, ""index_removes"": 0, ""index_repairs"": 0, ""key_normalization_allocations"": 0, ""key_normalization_requests"": 0, ""key_template_visits"": 0, ""key_visits"": 0, ""map_allocations"": 1, ""map_visits"": 256, ""pairs"": 4097, ""pool_entries"": 4096, ""structural_tests"": 4482, ""term_requests"": 137}"	596	63156	14484	542812	2626	73270	0	0	0	0	146286	4863	2529
repair	64	8	generic-indexed	1525248	1473330	1745820	12215	11482	19706	982	704	1098	952075	945441	1048163	424852	386402	468426	361602.3333333333	355305.6666666667	421364.6666666667	49729.25	48074.25	57871.0	246786.0	241944.75	286078.5	51822.75	50015.25	62567.75	9301.5	9059.75	10766.5	14550.25	13639.5	15775.5	"{""activation_pushes"": 193, ""applications"": 1, ""binding_slot_copies"": 516, ""candidate_visits"": 257, ""dependency_visits"": 906, ""dereferences"": 451, ""generic_template_visits"": 453, ""history_checks"": 1, ""index_bucket_entries"": 64, ""index_inserts"": 257, ""index_lookups"": 128, ""index_removes"": 65, ""index_repairs"": 194, ""key_normalization_allocations"": 0, ""key_normalization_requests"": 841, ""key_template_visits"": 192, ""key_visits"": 906, ""map_allocations"": 1, ""map_visits"": 320, ""pairs"": 65, ""pool_entries"": 0, ""structural_tests"": 450, ""term_requests"": 978}"	596	63156	5805	223350	2626	73270	0	0	0	0	197311	4864	2529
repair	64	8	integrated	941611	934841	1184875	9232	7820	12372	1127	1009	1373	976691	927549	1125541	250966	246751	273887	228661.0	224957.0	305382.0	104139.25	103557.25	128148.0	41534.75	41075.75	51075.0	55003.75	53926.0	77595.5	9001.75	8760.5	10465.75	23658.0	22882.75	25434.0	"{""activations"": 193, ""applications"": 1, ""candidate_visits"": 65, ""descriptor_repairs"": 0, ""equality_steps"": 1, ""index_migrations"": 0, ""indexed_lookups"": 64, ""speculative_applications"": 0, ""steps"": 195}"	1750	176981	1322	78544	2631	79222	0	0	0	0	207593	4705	2375
