kind,rep,family,mode,reuse,total_ns,execution_ns,setup_ns,preparation_ns,disposal_ns,first_cold_ns,cancel_ns,requested_bytes,peak_increment_bytes
time,0,before-clash,dependencies,1,80143,28082,33390,12150,6521,,68283,,
time,0,trivial,conditional,8,6808876,6711852,15116,34092,47816,741697,691974,,
time,0,after-success,conditional,8,64635852,64076006,400018,27056,132772,7689705,7935836,,
time,0,after-clash,dependencies,8,743132,395364,293186,23320,31262,,87778,,
time,0,trivial,graph,8,13900976,13813846,13420,30196,43514,426314,292427,,
time,0,before-success,dependencies,1,162509,91310,34625,27157,9417,130996,121817,,
time,0,before-success,direct,1,173326,102873,34415,27415,8623,142479,132159,,
time,0,trivial,direct,8,636385,580440,8609,19179,28157,69191,56467,,
time,0,before-clash,graph,8,502731,349116,118906,18042,16667,,59437,,
time,0,after-clash,direct,8,787756,445645,288102,22008,32001,,106559,,
time,0,unique,exact,8,1355324,879837,300680,24873,149934,150014,141681,,
time,0,before-success,exact,8,1266379,840719,286499,15719,123442,130337,124633,,
time,0,after-clash,graph,8,27176256,26965466,158367,26677,25746,,3441373,,
time,0,trivial,direct,1,96014,67139,1656,20224,6995,68435,62661,,
time,0,trivial,dependencies,8,668562,607649,9081,23822,28010,80276,56337,,
time,0,unique,dependencies,8,1937327,1472051,292450,23177,149649,221931,205052,,
time,0,after-success,graph,1,3969529,3910203,18287,30116,10923,374409,347798,,
time,0,after-clash,conditional,1,10262502,10175994,40950,26010,19548,,10357547,,
time,0,before-success,graph,1,1441056,1390614,16783,23764,9895,328004,321869,,
time,0,unique,indexed,1,632771,525232,37809,56049,13681,458014,612257,,
time,0,before-success,indexed,1,699202,611355,38523,37190,12134,520632,646549,,
time,0,before-clash,exact,8,616475,280032,282839,21925,31679,,72767,,
time,0,after-clash,dependencies,1,115351,52705,33446,14560,14640,,92618,,
time,0,after-clash,indexed,8,3814454,3453522,315695,39251,5986,,453372,,
time,0,after-success,exact,8,1221919,785001,286192,16078,134648,125513,116729,,
time,0,after-clash,conditional,8,83793855,83320729,379866,36299,56961,,10451451,,
time,0,after-clash,graph,1,3494857,3446465,16844,13877,17671,,3483224,,
time,0,after-clash,ordinary,1,104124,48809,34307,14403,6605,,96677,,
time,0,unique,graph,8,32274788,31888468,171569,24393,190358,379111,387527,,
time,0,before-clash,indexed,8,3799195,3361198,383970,47328,6699,,476262,,
time,0,trivial,exact,1,117315,83861,2151,23509,7794,86029,72512,,
time,0,after-success,dependencies,8,1091371,649915,295177,15126,131153,110287,98949,,
time,0,before-success,exact,1,180832,109547,34851,27253,9181,149871,139074,,
time,0,before-clash,ordinary,8,589881,243046,297682,20784,28369,,67198,,
time,0,unique,conditional,8,68300225,67692184,389673,33062,185306,8304901,8271930,,
time,0,trivial,ordinary,1,92837,65128,1758,19622,6329,66875,57376,,
time,0,trivial,ordinary,8,606604,553335,8303,18832,26134,65701,54782,,
time,0,unique,ordinary,8,1257333,814711,280348,22473,139801,138858,124400,,
time,0,after-success,conditional,1,8374014,8266920,46647,43027,17420,8151487,7948905,,
time,0,before-success,direct,8,1210342,802910,271685,16069,119678,126512,120135,,
time,0,before-success,ordinary,1,172659,101838,35129,27243,8449,142942,131904,,
time,0,unique,conditional,1,8723136,8606101,45430,53778,17827,8501920,8388553,,
time,0,trivial,exact,8,726824,667293,9258,19388,30885,75132,65076,,
time,0,before-clash,conditional,1,139437,70816,38689,21151,8781,,110828,,
time,0,after-clash,exact,8,823095,478238,290481,21218,33158,,97266,,
time,0,before-clash,ordinary,1,75950,25449,32213,11966,6322,,64251,,
time,0,before-success,conditional,1,980125,882768,41554,40067,15736,819618,810838,,
time,0,trivial,indexed,8,2385118,2241158,78861,39980,25119,240000,227488,,
time,0,before-clash,indexed,1,438393,360339,36853,36391,4810,,426593,,
time,0,trivial,indexed,1,323400,270823,2718,43632,6227,244629,218729,,
time,0,before-clash,conditional,8,992148,565230,357053,32040,37825,,108814,,
time,0,before-clash,direct,1,92126,32825,33526,12420,13355,,66716,,
time,0,before-clash,dependencies,8,567286,223272,291270,22373,30371,,65479,,
time,0,after-clash,ordinary,8,775546,422459,300082,21982,31023,,92234,,
time,0,before-clash,direct,8,581144,253877,279027,21179,27061,,71723,,
time,0,unique,ordinary,1,180956,100480,34531,34734,11211,149980,133507,,
time,0,before-success,graph,8,13390999,13108054,209541,16536,56868,356433,337833,,
time,0,after-success,graph,8,32116874,31798345,228275,29460,60794,387076,358859,,
time,0,unique,direct,8,1266413,830460,274117,22607,139229,138783,128419,,
time,0,after-success,ordinary,1,161957,91576,34478,26587,9316,131620,126651,,
time,0,before-success,dependencies,8,1152767,723855,291295,16268,121349,117633,109843,,
time,0,after-success,direct,8,1181192,752651,284337,15456,128748,122983,115441,,
time,0,before-clash,graph,1,76975,43028,13925,9725,10297,,59282,,
time,0,after-success,exact,1,168778,97881,35005,26361,9531,138537,128159,,
time,0,unique,dependencies,1,270456,189407,35130,34828,11091,238835,222635,,
time,0,trivial,dependencies,1,96966,69053,1686,19820,6407,70274,62010,,
time,0,unique,exact,1,191127,109676,33466,35591,12394,158063,142488,,
time,0,trivial,conditional,1,1090203,1027668,2103,43559,16873,887105,780970,,
time,0,unique,indexed,8,5399727,4912773,377101,68452,41401,567719,613179,,
time,0,trivial,graph,1,1721967,1690765,1619,21215,8368,279524,274955,,
time,0,after-clash,indexed,1,530466,451630,37460,36890,4486,,455967,,
time,0,after-success,direct,1,185082,103000,40291,32390,9401,152845,124342,,
time,0,after-success,indexed,8,5438777,4956222,371118,54002,57435,559968,560310,,
time,0,after-success,indexed,1,650526,566810,38782,36438,8496,458389,549592,,
time,0,before-success,conditional,8,7721766,7169009,393346,32598,126813,821860,819602,,
time,0,before-success,ordinary,8,1221136,800427,282484,16234,121991,126389,125377,,
time,0,unique,graph,1,4076900,4004650,17913,40586,13751,399818,372502,,
time,0,unique,direct,1,206097,124283,35733,34519,11562,173915,136813,,
time,0,after-clash,direct,1,105174,51023,33598,13975,6578,,99041,,
time,0,after-clash,exact,1,115995,59430,33997,14907,7661,,102142,,
time,0,after-success,dependencies,1,152613,80124,37364,26120,9005,122599,111760,,
time,0,before-success,indexed,8,6462849,5980937,331733,35662,114517,613452,771767,,
time,0,before-clash,exact,1,92954,32628,34056,11841,14429,,83729,,
time,0,after-success,ordinary,8,1165510,736178,284733,15433,129166,117937,114252,,
time,1,after-clash,graph,1,3455329,3408079,16717,13839,16694,,3478713,,
time,1,trivial,exact,1,105082,75896,1943,20247,6996,76797,65789,,
time,1,unique,indexed,8,5444198,4966889,387247,56184,33878,482808,603944,,
time,1,before-clash,ordinary,8,571605,242515,281849,20530,26711,,66849,,
time,1,after-clash,indexed,1,505721,409421,40086,52095,4119,,459997,,
time,1,unique,ordinary,8,1290350,830951,293441,23058,142900,137930,142200,,
time,1,before-clash,exact,1,83804,32604,32674,11860,6666,,79482,,
time,1,after-success,direct,8,1167279,739956,284620,14844,127859,120218,123014,,
time,1,trivial,ordinary,8,655145,595549,9513,22031,28052,74579,54638,,
time,1,before-clash,exact,8,612775,278567,280786,21838,31584,,73383,,
time,1,unique,conditional,8,70242650,69633868,396163,29335,183284,8526941,8680213,,
time,1,after-success,graph,8,33008987,32694590,224770,28416,61211,386081,366752,,
time,1,unique,conditional,1,8548149,8430576,45598,53753,18222,8322493,8084215,,
time,1,after-clash,indexed,8,3803558,3431551,325460,40174,6373,,472342,,
time,1,before-clash,conditional,1,142112,70329,38255,21910,11618,,112491,,
time,1,unique,dependencies,1,263816,181819,34173,35792,12032,230923,225955,,
time,1,after-success,dependencies,8,1084408,647348,291402,15830,129828,112022,104533,,
time,1,after-clash,direct,1,104881,50738,33199,14227,6717,,92803,,
time,1,trivial,conditional,8,6697534,6599063,15705,34321,48445,726341,684085,,
time,1,before-clash,ordinary,1,90688,31461,32799,12150,14278,,64288,,
time,1,after-success,exact,1,179792,102693,35268,31743,10088,149352,129308,,
time,1,before-success,exact,8,1292494,862438,286542,16673,126841,137057,137562,,
time,1,after-success,conditional,8,68926043,68369574,398139,29484,128846,8420096,8370409,,
time,1,unique,graph,1,4085196,4011850,18002,40949,14395,391380,379170,,
time,1,after-clash,ordinary,8,810816,450076,306585,21961,32194,,94661,,
time,1,unique,indexed,1,646843,542296,37854,56956,9737,475175,550563,,
time,1,before-success,ordinary,8,1198393,780583,280900,15626,121284,127139,140424,,
time,1,trivial,ordinary,1,92241,64372,1585,20368,5916,66689,57064,,
time,1,before-success,conditional,1,967312,872311,41479,39626,13896,815842,807840,,
time,1,before-success,ordinary,1,188499,102650,42625,34007,9217,157959,130735,,
time,1,after-clash,dependencies,8,779157,419024,302885,23296,33952,,95126,,
time,1,before-success,direct,1,177264,105565,34738,27836,9125,145438,136435,,
time,1,before-clash,dependencies,1,79746,28040,32658,12435,6613,,67719,,
time,1,before-success,conditional,8,7948492,7383402,398098,39954,127038,893307,848127,,
time,1,after-success,exact,8,1281179,826523,299158,16865,138633,134881,130560,,
time,1,after-success,conditional,1,8801222,8696117,46923,43273,14909,8540140,8467822,,
time,1,before-success,indexed,8,6845169,6314151,351823,64080,115115,691229,813751,,
time,1,after-success,graph,1,4053900,3995698,17825,29440,10937,375983,356285,,
time,1,after-clash,exact,8,853419,483656,311142,22836,35785,,100481,,
time,1,trivial,direct,1,94879,66746,1731,19944,6458,68277,57806,,
time,1,after-clash,conditional,8,82290506,81809986,390057,36394,54069,,10606009,,
time,1,after-clash,direct,8,978963,533914,377488,26472,41089,,96710,,
time,1,unique,exact,8,1418988,937230,304052,25945,151761,166503,140832,,
time,1,after-clash,dependencies,1,130598,64933,39701,17753,8211,,105714,,
time,1,after-clash,graph,8,28654374,28422407,176787,24830,30350,,3460017,,
time,1,after-success,indexed,1,664139,575042,38525,42402,8170,474176,560038,,
time,1,before-clash,conditional,8,986762,575655,343666,31857,35584,,111602,,
time,1,before-clash,indexed,8,3251990,2881368,326175,38813,5634,,412309,,
time,1,after-success,ordinary,8,1205101,755037,303655,15916,130493,125388,119339,,
time,1,after-clash,conditional,1,10665679,10574549,42554,28297,20279,,10707585,,
time,1,before-success,dependencies,1,182635,107375,35602,28754,10904,138006,145186,,
time,1,before-success,graph,1,1544948,1489917,18015,26491,10525,344763,341966,,
time,1,unique,dependencies,8,2081472,1565636,332350,24550,158936,228181,223845,,
time,1,unique,direct,1,193406,109511,35286,36230,12379,159144,153714,,
time,1,unique,direct,8,1361584,895876,296925,23406,145377,145678,131332,,
time,1,after-success,ordinary,1,180857,106111,36289,28842,9615,148829,133131,,
time,1,trivial,indexed,1,331274,273439,2575,48993,6267,250701,220189,,
time,1,trivial,exact,8,674497,615568,9465,18955,30509,72596,59809,,
time,1,trivial,graph,1,1696333,1665322,1566,20769,8676,279340,293685,,
time,1,after-clash,exact,1,122888,61681,35438,14840,10929,,101130,,
time,1,trivial,dependencies,8,651458,595137,8396,19392,28533,70853,79791,,
time,1,after-success,indexed,8,5422230,4946933,382954,51133,41210,545961,572629,,
time,1,unique,ordinary,1,191046,100143,38609,40916,11378,159389,138290,,
time,1,before-success,direct,8,1314766,858821,308801,16874,130270,136339,129534,,
time,1,before-success,graph,8,13345790,13067932,207881,16560,53417,343059,340350,,
time,1,trivial,indexed,8,2672588,2509520,91472,41736,29860,243017,236928,,
time,1,trivial,conditional,1,902819,855248,1673,34196,11702,756725,701172,,
time,1,before-success,dependencies,8,1232226,756358,303702,46575,125591,177755,116706,,
time,1,unique,exact,1,219397,118279,42920,41847,16351,181954,150716,,
time,1,after-success,dependencies,1,155675,85414,34730,26577,8954,125355,109737,,
time,1,before-clash,graph,8,547438,382965,126173,19584,18716,,64724,,
time,1,before-clash,graph,1,77844,43377,13966,9443,11058,,59820,,
time,1,trivial,direct,8,657391,602508,8801,18890,27192,67592,56813,,
time,1,trivial,graph,8,14621509,14546251,12252,18709,44297,270429,315830,,
time,1,trivial,dependencies,1,102766,73169,1858,21082,6657,74764,63325,,
time,1,before-success,indexed,1,720960,634447,37849,36103,12561,533392,738921,,
time,1,after-clash,ordinary,1,104307,49894,33464,14110,6839,,94521,,
time,1,before-clash,direct,1,88977,29861,32108,12329,14679,,66688,,
time,1,before-clash,direct,8,653556,287065,313437,22195,30859,,72652,,
time,1,unique,graph,8,32668088,32273990,173824,25251,195023,394113,383572,,
time,1,before-success,exact,1,180325,108504,34360,27278,10183,148086,159429,,
time,1,after-success,direct,1,166614,95526,34937,26613,9538,135309,124458,,
time,1,before-clash,indexed,1,488677,410653,37784,36072,4168,,387232,,
time,1,before-clash,dependencies,8,607002,236559,314133,22899,33411,,73163,,
time,2,after-clash,ordinary,8,822162,450519,316023,22592,33028,,95633,,
time,2,after-clash,indexed,8,3965590,3576143,343214,40238,5995,,527428,,
time,2,after-clash,ordinary,1,108163,51319,35282,14517,7045,,101412,,
time,2,after-success,ordinary,8,1145618,721316,286452,15292,122558,118214,116383,,
time,2,unique,conditional,1,9905323,9789339,45467,52820,17697,9676221,9583842,,
time,2,before-success,dependencies,8,1211471,763169,300902,16832,130568,123399,119055,,
time,2,before-success,conditional,8,8475146,7907646,399376,36611,131513,927617,867221,,
time,2,unique,exact,1,200267,113228,35417,37380,14242,164611,153762,,
time,2,unique,graph,1,4106325,4031660,18427,42096,14142,399231,394332,,
time,2,after-success,conditional,8,70651237,70097498,396612,27746,129381,8622516,8655526,,
time,2,after-success,conditional,1,8583649,8475851,47614,44477,15707,8351900,8372553,,
time,2,before-success,dependencies,1,168323,94330,35774,28541,9678,135599,125640,,
time,2,unique,conditional,8,74550545,73941017,394549,29121,185858,9099928,8924894,,
time,2,trivial,direct,8,651206,590316,9169,23319,28402,74587,57836,,
time,2,unique,dependencies,8,2036941,1546710,309770,24479,155982,227947,217951,,
time,2,trivial,dependencies,8,667633,609598,9000,19769,29266,73521,58275,,
time,2,before-clash,conditional,8,1021680,589316,358264,33908,40192,,120276,,
time,2,trivial,ordinary,8,638138,581435,8666,19278,28759,67367,65488,,
time,2,trivial,graph,8,14780393,14702140,12931,20604,44718,296664,290956,,
time,2,before-success,graph,8,13631165,13348116,209207,17028,56814,358073,344069,,
time,2,unique,dependencies,1,297489,199990,41677,43720,12102,263768,238901,,
time,2,before-clash,direct,1,76529,26734,31379,11963,6453,,71527,,
time,2,after-success,graph,8,32396871,32071005,234764,29469,61633,379703,368094,,
time,2,before-clash,exact,1,83950,31314,33157,12623,6856,,72200,,
time,2,before-clash,ordinary,1,92918,34028,34243,11830,12817,,69992,,
time,2,before-clash,indexed,8,3467338,3065246,353815,38808,9469,,417377,,
time,2,before-clash,exact,8,664652,290236,312824,28606,32986,,80078,,
time,2,trivial,conditional,8,7396361,7285448,16930,42711,51272,752239,719686,,
time,2,after-success,exact,1,211850,125820,42463,32095,11472,173620,133665,,
time,2,trivial,indexed,8,2489589,2323569,81088,49390,35542,260706,225197,,
time,2,before-success,exact,8,1280377,851659,286654,16457,125607,139227,130663,,
time,2,after-success,dependencies,1,152152,82008,34898,26219,9027,121503,119353,,
time,2,before-success,graph,1,1587244,1533916,17672,25009,10647,335644,363013,,
time,2,trivial,exact,1,109706,80284,1589,20687,7146,75264,72702,,
time,2,unique,exact,8,1465760,968147,318686,26305,152622,156714,143730,,
time,2,before-success,indexed,1,731064,638435,38769,38040,15820,546262,630314,,
time,2,before-success,direct,1,180909,107413,35790,28242,9464,148368,137438,,
time,2,after-success,indexed,1,664057,573760,39391,43045,7861,487712,566878,,
time,2,after-clash,dependencies,1,108227,52901,34086,14343,6897,,94675,,
time,2,trivial,exact,8,691299,633866,8736,19194,29503,72709,72868,,
time,2,after-success,exact,8,1300953,842826,303115,16370,138642,134096,132087,,
time,2,unique,indexed,1,662986,553942,39055,59438,10551,484133,580729,,
time,2,unique,graph,8,32519507,32137360,168157,24968,189022,393843,379035,,
time,2,trivial,graph,1,1804265,1771157,1684,22520,8904,297757,295978,,
time,2,before-clash,graph,8,610481,401328,166995,23755,18403,,62307,,
time,2,before-success,indexed,8,7030403,6506692,366580,39913,117218,670859,796749,,
time,2,before-clash,dependencies,1,81310,28814,33091,12961,6444,,68594,,
time,2,after-clash,exact,1,111219,55606,33801,14687,7125,,95334,,
time,2,after-clash,dependencies,8,821041,444160,319102,24136,33643,,94221,,
time,2,after-clash,exact,8,896739,512692,322881,23547,37619,,102145,,
time,2,after-success,graph,1,4148348,4087670,18424,31337,10917,376799,356677,,
time,2,before-clash,indexed,1,426832,347236,38898,36651,4047,,429631,,
time,2,after-clash,indexed,1,490347,408764,38895,38594,4094,,451063,,
time,2,unique,ordinary,8,1368417,885328,305369,23887,153833,146660,148202,,
time,2,before-success,exact,1,205161,129915,35181,28656,11409,166798,153297,,
time,2,trivial,conditional,1,916229,870419,1721,33264,10825,768131,744906,,
time,2,unique,direct,8,1406039,913816,311360,24606,156257,152389,147664,,
time,2,after-clash,graph,8,27726215,27510227,163218,25135,27635,,3714342,,
time,2,unique,direct,1,192396,108452,35542,36980,11422,159583,141007,,
time,2,before-success,direct,8,1322648,865529,309586,17205,130328,135919,136014,,
time,2,after-success,dependencies,8,1135914,683085,302551,16698,133580,116705,108556,,
time,2,trivial,ordinary,1,95535,67336,1713,20196,6290,67676,57110,,
time,2,trivial,dependencies,1,96204,68274,1619,19683,6628,69360,70298,,
time,2,before-clash,dependencies,8,588993,231113,302838,23653,31389,,71487,,
time,2,after-clash,direct,1,110563,53494,35458,14767,6844,,104255,,
time,2,after-success,direct,8,1232735,790088,295288,16043,131316,128613,124284,,
time,2,before-clash,direct,8,628714,262414,307437,27651,31212,,77447,,
time,2,trivial,indexed,1,326269,272567,2483,44777,6442,247974,239909,,
time,2,after-clash,direct,8,822585,459533,306964,23226,32862,,98002,,
time,2,after-success,ordinary,1,168383,95876,36078,26931,9498,137128,127836,,
time,2,before-clash,conditional,1,149106,77978,39867,22120,9141,,119959,,
time,2,after-clash,conditional,8,84455570,83976358,383974,42315,52923,,10481658,,
time,2,trivial,direct,1,121332,88992,2004,23359,6977,91341,60900,,
time,2,after-clash,conditional,1,11080477,10983494,43323,33119,20541,,11064839,,
time,2,before-success,conditional,1,1063606,964040,43771,41351,14444,898074,862768,,
time,2,unique,indexed,8,5642626,5130868,372602,61348,77808,555217,613595,,
time,2,before-success,ordinary,8,1310793,859451,297440,22146,131756,140516,128663,,
time,2,unique,ordinary,1,218497,122684,43920,39524,12369,182235,150342,,
time,2,after-success,indexed,8,5407524,4935637,382831,50035,39021,539461,657107,,
time,2,after-success,direct,1,193832,113156,43134,28021,9521,158204,132710,,
time,2,after-clash,graph,1,3684391,3636053,17292,13984,17062,,3539593,,
time,2,before-success,ordinary,1,180870,104491,35790,28683,11906,146892,137787,,
time,2,before-clash,graph,1,78308,44007,14164,9339,10798,,60032,,
time,2,before-clash,ordinary,8,625139,258141,315557,21574,29867,,71453,,
time,3,before-success,dependencies,8,1213139,762051,305553,16869,128666,150636,116276,,
time,3,trivial,ordinary,1,93932,65559,1871,20218,6284,68069,56815,,
time,3,unique,dependencies,1,269770,186361,35216,35957,12236,236212,222296,,
time,3,trivial,ordinary,8,620033,564632,8649,18622,28130,65067,67242,,
time,3,unique,indexed,8,5612903,5109167,380857,59441,63438,560805,605504,,
time,3,after-clash,ordinary,8,809320,433844,319378,22819,33279,,97604,,
time,3,unique,direct,8,1384988,885591,324106,24464,150827,159504,137697,,
time,3,before-clash,indexed,8,3407118,3027946,333908,39426,5838,,437421,,
time,3,before-success,indexed,8,6820373,6307832,357649,41191,113701,664730,808643,,
time,3,trivial,dependencies,8,693376,622514,9270,24767,36825,80574,64198,,
time,3,before-clash,ordinary,8,623922,258741,310231,24363,30587,,74196,,
time,3,before-success,direct,8,1312505,869101,296159,16190,131055,133950,134360,,
time,3,after-success,dependencies,1,162441,85206,36448,27558,13229,127156,127369,,
time,3,trivial,exact,1,103002,72830,1573,21584,7015,75739,64716,,
time,3,before-clash,ordinary,1,107835,37872,39785,15286,14892,,68235,,
time,3,after-success,indexed,8,5740812,5242053,392296,49152,57311,556975,569971,,
time,3,after-clash,dependencies,8,813609,436786,316711,24351,35761,,111448,,
time,3,before-success,conditional,1,1033182,935689,42552,40485,14456,868189,893045,,
time,3,before-success,graph,8,13748882,13438397,233808,20749,55928,415545,345056,,
time,3,unique,conditional,1,8579428,8444986,46261,53958,34223,8335251,8092631,,
time,3,before-clash,graph,1,88121,52835,14250,10060,10976,,65978,,
time,3,after-clash,conditional,1,10746581,10650914,45272,28835,21560,,10791320,,
time,3,trivial,graph,8,14602564,14520930,12807,22427,46400,312204,296955,,
time,3,trivial,direct,8,765657,699197,10133,22660,33667,87675,88596,,
time,3,before-success,graph,1,1599994,1544448,18309,26802,10435,363729,332892,,
time,3,before-success,ordinary,8,1253588,820227,290392,16482,126487,131978,125288,,
time,3,after-clash,graph,1,3557082,3508915,17766,14583,15818,,3552321,,
time,3,before-clash,direct,8,636995,281771,302898,22346,29980,,75765,,
time,3,after-clash,direct,8,818131,450292,313833,22704,31302,,99026,,
time,3,after-clash,exact,8,890616,509335,320584,23661,37036,,107142,,
time,3,trivial,direct,1,94511,65998,1641,20396,6476,68215,58253,,
time,3,after-clash,graph,8,27781780,27559668,163379,27883,30850,,3455561,,
time,3,after-success,exact,8,1308930,838856,313004,16953,140117,135182,123943,,
time,3,unique,exact,1,198573,112329,35198,37589,13457,164110,155582,,
time,3,before-success,indexed,1,802242,711987,40103,36341,13811,586147,699003,,
time,3,before-clash,conditional,1,146979,75471,40010,22493,9005,,117523,,
time,3,after-clash,exact,1,119358,63102,34200,14625,7431,,98930,,
time,3,after-success,direct,8,1283281,810056,318478,16153,138594,126350,130043,,
time,3,trivial,conditional,8,7018162,6907023,18330,38419,54390,758428,701944,,
time,3,trivial,indexed,8,2451620,2289483,85357,49267,27513,267106,253985,,
time,3,after-success,ordinary,8,1228490,780557,297559,15950,134424,127136,132655,,
time,3,after-clash,indexed,1,522011,438639,39665,39040,4667,,507231,,
time,3,before-success,exact,1,188198,113726,35765,28662,10045,155075,147359,,
time,3,before-clash,graph,8,532043,371727,123094,19450,17772,,62772,,
time,3,after-clash,dependencies,1,106740,51718,33658,14344,7020,,94016,,
time,3,trivial,conditional,1,896724,844594,1794,39338,10998,754564,721660,,
time,3,unique,exact,8,1478760,960177,325447,25941,167195,159092,140782,,
time,3,unique,dependencies,8,2173081,1672822,314340,26346,159573,247049,232868,,
time,3,trivial,dependencies,1,102556,72879,1926,20853,6898,74102,64768,,
time,3,unique,ordinary,8,1365630,884454,299738,24183,157255,163852,136668,,
time,3,after-success,graph,8,32655396,32333469,231784,28906,61237,385523,357897,,
time,3,unique,direct,1,193411,109177,35978,36129,12127,159258,142223,,
time,3,after-success,conditional,8,73821245,73221469,416013,48765,134998,9065275,9050670,,
time,3,after-success,graph,1,4156558,4096757,18494,30405,10902,396957,359598,,
time,3,after-clash,direct,1,110283,53226,34487,15528,7042,,101672,,
time,3,after-success,conditional,1,8494789,8389574,46059,43282,15874,8268183,8119771,,
time,3,before-success,dependencies,1,171815,97771,36038,28853,9153,139513,128792,,
time,3,before-clash,direct,1,91968,33332,34006,12532,12098,,72388,,
time,3,before-clash,exact,8,691070,314343,318799,24387,33541,,81339,,
time,3,unique,ordinary,1,193672,103982,37010,41022,11658,160886,138128,,
time,3,before-clash,conditional,8,1044385,602352,366072,35945,40016,,131295,,
time,3,before-success,direct,1,182990,108754,36158,28308,9770,150178,141475,,
time,3,trivial,exact,8,675328,616997,8636,19144,30551,71104,64960,,
time,3,before-success,ordinary,1,172818,101330,35154,26992,9342,141517,141261,,
time,3,after-clash,conditional,8,85962663,85476903,384361,37126,64273,,10800354,,
time,3,unique,graph,1,4254527,4179559,18558,41429,14981,403477,386718,,
time,3,after-success,indexed,1,689779,590356,44129,47002,8292,506779,588359,,
time,3,unique,graph,8,33626915,33221673,182111,28946,194185,443714,405699,,
time,3,after-success,dependencies,8,1136225,684167,300128,16632,135298,119462,114300,,
time,3,before-clash,dependencies,1,83393,29424,34795,12489,6685,,72100,,
time,3,before-success,conditional,8,8011158,7453911,397957,33910,125380,851693,841996,,
time,3,before-success,exact,8,1351133,903189,303294,16897,127753,140925,134593,,
time,3,after-success,ordinary,1,177444,102757,37561,28168,8958,145207,133537,,
time,3,after-success,exact,1,190607,113023,38118,28760,10706,156499,141293,,
time,3,trivial,indexed,1,335164,285625,2702,40777,6060,253645,233092,,
time,3,unique,indexed,1,764495,651074,41469,61140,10812,551799,641721,,
time,3,before-clash,exact,1,97980,35186,36177,13170,13447,,82874,,
time,3,trivial,graph,1,1820399,1787695,1722,22127,8855,302729,294297,,
time,3,after-clash,indexed,8,4051644,3657244,348113,39890,6397,,513208,,
time,3,before-clash,indexed,1,464082,352957,39359,67432,4334,,401676,,
time,3,unique,conditional,8,74210582,73581893,404744,29691,194254,8836657,8927731,,
time,3,before-clash,dependencies,8,610329,236453,315601,26089,32186,,71949,,
time,3,after-clash,ordinary,1,109106,52069,35236,14732,7069,,107020,,
time,3,after-success,direct,1,175252,100537,37147,27387,10181,142679,139610,,
time,4,unique,ordinary,1,183196,101607,35231,35217,11141,151285,137346,,
time,4,before-clash,indexed,8,3487291,3071840,365131,43647,6673,,442514,,
time,4,before-success,graph,8,13793398,13502529,218036,17551,55282,375459,340445,,
time,4,after-clash,indexed,8,4212068,3798244,359301,48280,6243,,545105,,
time,4,after-success,indexed,1,644674,549135,40618,46752,8169,460524,567361,,
time,4,after-clash,ordinary,1,108785,51564,35073,14991,7157,,95696,,
time,4,trivial,graph,8,15375567,15288653,13975,25696,47243,367358,295336,,
time,4,before-clash,exact,8,685197,308323,317477,24766,34631,,83545,,
time,4,after-success,graph,8,32975061,32658854,226897,28594,60716,388559,385377,,
time,4,before-success,dependencies,1,173267,98847,36554,28400,9466,140080,130069,,
time,4,unique,dependencies,1,289584,200600,37631,38471,12882,253667,238176,,
time,4,trivial,dependencies,1,110247,80181,1630,20712,7724,77620,100243,,
time,4,after-clash,direct,1,106035,51731,33457,14093,6754,,98413,,
time,4,unique,ordinary,8,1383101,892036,310177,28014,152874,163561,131508,,
time,4,after-clash,exact,1,120667,63307,34876,15011,7473,,102040,,
time,4,after-success,dependencies,1,151485,81942,34155,25980,9408,120201,111967,,
time,4,before-success,conditional,8,8400086,7801893,423772,40505,133916,945279,832478,,
time,4,after-success,ordinary,1,169150,96081,36548,26982,9539,137802,126706,,
time,4,before-success,exact,1,191665,115274,36718,29465,10208,157440,147651,,
time,4,trivial,graph,1,1934789,1899397,1717,23925,9750,316671,308293,,
time,4,trivial,dependencies,8,690392,630459,9535,20288,30110,74989,62080,,
time,4,before-clash,conditional,8,1000168,566029,360089,34933,39117,,116606,,
time,4,before-success,ordinary,8,1318861,865627,304670,17278,131286,137312,132754,,
time,4,before-clash,indexed,1,448970,353729,44823,45910,4508,,405920,,
time,4,after-success,direct,8,1279600,812697,313600,15356,137947,124267,117482,,
time,4,unique,dependencies,8,2070477,1574935,305788,24975,164779,232042,226745,,
time,4,after-clash,indexed,1,853761,768694,39104,41727,4236,,1491742,,
time,4,unique,exact,1,191465,109167,33714,36002,12582,158334,145326,,
time,4,after-success,conditional,8,72825473,72200902,445424,28976,150171,8850098,9399467,,
time,4,after-clash,ordinary,8,802552,435204,311597,22595,33156,,99444,,
time,4,before-clash,dependencies,8,602152,235156,311590,23594,31812,,70376,,
time,4,before-success,ordinary,1,182426,108031,35724,29055,9616,149982,162650,,
time,4,after-clash,exact,8,901361,512952,326821,23136,38452,,103594,,
time,4,unique,graph,1,4198990,4120309,19911,44008,14762,402871,384494,,
time,4,before-clash,ordinary,1,95829,33832,35619,13027,13351,,75789,,
time,4,trivial,ordinary,8,642019,585393,8840,19546,28240,67516,62891,,
time,4,before-success,direct,8,1363298,879358,334402,21077,128461,168952,128570,,
time,4,after-success,graph,1,4160285,4094155,18288,36657,11185,379834,363596,,
time,4,before-clash,direct,8,634424,280354,303061,22184,28825,,75153,,
time,4,trivial,indexed,8,2496975,2341714,67963,44374,42924,247235,248093,,
time,4,before-success,dependencies,8,1208990,757420,301504,16777,133289,125326,116898,,
time,4,after-clash,conditional,1,10390935,10290170,47641,31103,22021,,10646317,,
time,4,unique,indexed,1,680513,573186,39414,58254,9659,502275,605129,,
time,4,unique,conditional,1,9069261,8951009,45421,55143,17688,8796770,8610952,,
time,4,after-success,dependencies,8,1213437,735164,315969,18336,143968,127941,107900,,
time,4,before-clash,ordinary,8,709563,301339,348919,26374,32931,,95285,,
time,4,after-clash,graph,8,30516533,30277552,179762,27788,31431,,3896456,,
time,4,before-success,indexed,8,7351334,6798002,379391,45826,128115,733182,838712,,
time,4,before-clash,graph,8,539274,374539,127122,19727,17886,,63741,,
time,4,before-success,conditional,1,1059350,954564,45697,43744,15345,888594,889818,,
time,4,before-clash,graph,1,91266,50627,16516,11565,12558,,69557,,
time,4,before-success,exact,8,1468600,975943,332524,19453,140680,156082,147765,,
time,4,unique,direct,8,1494733,977604,326170,26575,164384,161148,142630,,
time,4,trivial,exact,8,791908,711231,20242,22905,37530,95284,65249,,
time,4,trivial,direct,8,739751,672050,10155,23301,34245,77143,63017,,
time,4,trivial,ordinary,1,108183,74815,1780,22920,8668,76558,73599,,
time,4,after-success,direct,1,163608,93459,34088,26343,9718,131943,154661,,
time,4,after-success,indexed,8,5548709,5071019,405334,41458,30898,538704,661358,,
time,4,unique,conditional,8,70378185,69730384,407166,40134,200501,8508450,8459567,,
time,4,before-clash,conditional,1,146496,75685,39817,21984,9010,,118664,,
time,4,before-clash,direct,1,94121,34292,33030,12617,14182,,67271,,
time,4,after-clash,direct,8,830398,456528,318033,22308,33529,,103453,,
time,4,after-clash,conditional,8,82844133,82358854,394289,37831,53159,,10408088,,
time,4,trivial,conditional,1,921033,873321,1840,34499,11373,770011,774652,,
time,4,unique,exact,8,1563668,1023161,327993,26784,185730,209296,152749,,
time,4,before-success,direct,1,179781,105880,36218,28538,9145,147362,140904,,
time,4,trivial,exact,1,105352,74567,1625,22067,7093,77498,64786,,
time,4,trivial,direct,1,95588,67264,1661,20048,6615,68745,58071,,
time,4,after-success,exact,8,1301431,842795,300510,16646,141480,149470,127098,,
time,4,unique,direct,1,225258,129074,40900,41055,14229,184792,168816,,
time,4,before-clash,dependencies,1,96856,33869,40596,14985,7406,,78670,,
time,4,trivial,indexed,1,323090,270398,2503,44406,5783,246058,224867,,
time,4,after-success,ordinary,8,1260270,794705,310428,16307,138830,132323,122596,,
time,4,after-clash,dependencies,8,799107,425874,315029,24039,34165,,146640,,
time,4,after-success,exact,1,175598,102533,35720,27164,10181,144078,134249,,
time,4,before-success,indexed,1,768973,676666,41814,37356,13137,555841,702343,,
time,4,before-success,graph,1,1673460,1617167,18618,26559,11116,372242,357743,,
time,4,before-clash,exact,1,98215,34914,35373,14043,13885,,84095,,
time,4,after-success,conditional,1,8792356,8686582,46930,43503,15341,8574826,8607026,,
time,4,unique,indexed,8,5753221,5205765,399196,88762,59498,562795,600198,,
time,4,after-clash,graph,1,3662972,3614779,17784,14558,15851,,3641851,,
time,4,after-clash,dependencies,1,111784,54234,35222,14843,7485,,99423,,
time,4,unique,graph,8,33282945,32895490,170254,26765,190436,406464,385318,,
time,4,trivial,conditional,8,14835891,14403492,87547,248895,95957,1718057,696579,,
meter,0,before-clash,direct,1,120357,42392,44306,15109,18550,,89025,265384,75539
meter,0,after-clash,indexed,1,742773,638955,48916,49474,5428,,684593,1245046,747523
meter,0,before-clash,direct,8,819013,362304,383612,15937,57160,,97913,1954876,75539
meter,0,after-clash,conditional,8,103239625,102609114,496441,32635,101435,,12758733,138752522,108585
meter,0,after-clash,dependencies,8,1052860,567931,402154,16092,66683,,130666,1557954,86175
meter,0,before-success,indexed,1,1087037,972856,50750,48499,14932,814411,926111,1488214,751505
meter,0,before-success,dependencies,1,232564,138802,45914,31162,16686,177119,169258,276978,85383
meter,0,before-success,conditional,1,1297166,1161356,57581,50792,27437,1084405,1024234,982760,129072
meter,0,trivial,graph,8,23737144,23632459,14157,17035,73493,486193,484177,43527522,69469
meter,0,trivial,exact,1,152719,115005,1867,25049,10798,103024,87676,160309,53299
meter,0,before-success,graph,1,2559859,2489441,25242,28277,16899,576970,567823,4630186,76819
meter,0,unique,conditional,1,10043024,9893157,55734,63350,30783,9769287,9927227,15194444,145018
meter,0,trivial,ordinary,8,980039,904334,11920,15047,48738,83019,79311,1021650,49747
meter,0,after-success,direct,1,221561,131963,43946,29652,16000,168709,159660,363990,83733
meter,0,before-success,conditional,8,9597385,8887161,497794,26563,185867,967117,1021926,7436116,129072
meter,0,unique,conditional,8,79383075,78630641,469138,39086,244210,9693690,9733865,121051650,145018
meter,0,unique,indexed,8,8056437,7443497,472932,83674,56334,807926,897983,10293874,763089
meter,0,unique,exact,8,1949779,1300488,409051,28162,212078,218693,193793,2868634,108557
meter,0,after-success,indexed,8,8158433,7583399,484099,47859,43076,901989,849867,10238066,751249
meter,0,after-clash,indexed,8,6103225,5611603,433170,47828,10624,,898895,9484690,747523
meter,0,after-success,ordinary,8,1610248,1035585,384744,15380,174539,152681,160403,2684858,83701
meter,0,after-success,dependencies,8,1539379,964407,379121,15955,179896,145726,143917,1882618,86837
meter,0,unique,dependencies,1,344531,234577,46101,42384,21469,285737,265991,537890,106213
meter,0,before-success,graph,8,20911830,20522892,278531,13463,96944,567845,563853,36876876,76819
meter,0,after-clash,exact,8,1125489,649103,390880,16345,69161,,151561,2445410,83879
meter,0,after-clash,ordinary,8,1049995,579974,389359,16383,64279,,128103,2388098,80839
meter,0,before-success,ordinary,8,1812635,1214857,403717,14115,179946,170487,184040,2849868,81327
meter,0,unique,graph,8,57315342,56810521,240775,23110,240936,634502,631247,106205858,132231
meter,0,trivial,conditional,8,8146484,8020153,19316,29072,77943,855319,846028,6138458,100984
meter,0,after-clash,exact,1,176050,88153,52096,21263,14538,,154026,328043,83879
meter,0,trivial,indexed,8,6811270,6407097,297179,41915,65079,710427,325077,3292922,201583
meter,0,trivial,graph,1,2874890,2835550,1658,24167,13515,464824,485384,5462859,69469
meter,0,before-clash,dependencies,1,109761,37459,44300,16436,11566,,91599,159696,80875
meter,0,before-success,indexed,8,9689241,9049197,451910,45843,142291,929579,1097677,11451510,751505
meter,0,after-clash,conditional,1,11846280,11717685,55952,35113,37530,,12538962,17398653,108585
meter,0,after-success,ordinary,1,271056,155834,55541,37542,22139,204434,184155,357974,83701
meter,0,after-success,exact,1,227249,137507,43984,29505,16253,174532,165462,369490,87237
meter,0,before-clash,ordinary,1,117527,40274,43168,15256,18829,,85158,263464,75539
meter,0,after-success,exact,8,1721518,1136407,389611,16187,179313,174687,169698,2776986,87237
meter,0,after-success,conditional,1,9919240,9781490,58408,51747,27595,9665016,9696294,15159180,131674
meter,0,after-clash,dependencies,1,153975,70284,45054,18064,20573,,126767,217111,86175
meter,0,after-clash,ordinary,1,137914,65362,43142,17647,11763,,131664,320879,80839
meter,0,after-clash,graph,8,51109125,50827802,222009,15101,44213,,6406457,97132154,92009
meter,0,after-success,graph,8,56825087,56396592,306999,16535,104961,591593,592648,105354530,107407
meter,0,trivial,dependencies,8,942285,870114,11763,13899,46509,84384,79012,1111634,53619
meter,0,before-success,direct,1,238397,146991,44606,31148,15652,184929,178799,383274,81327
meter,0,trivial,direct,8,929853,860029,11498,14076,44250,81338,78808,1061586,49747
meter,0,after-clash,direct,8,1101045,622639,396320,16456,65630,,136533,2403458,80839
meter,0,before-success,exact,1,253271,156698,48000,31781,16792,197865,186405,388774,85087
meter,0,trivial,conditional,1,1038422,974414,2196,44577,17235,864662,835272,821895,100984
meter,0,before-clash,dependencies,8,790652,313378,399083,16238,61953,,94715,1109372,80875
meter,0,after-success,dependencies,1,218714,123908,47086,30863,16857,163161,154919,257694,86837
meter,0,after-clash,direct,1,145750,71240,44540,17917,12053,,131129,322799,80839
meter,0,unique,ordinary,8,3812043,2271822,913988,24040,602193,184799,174483,2731066,95541
meter,0,before-clash,indexed,1,639799,538027,48158,47958,5656,,579612,1205962,744735
meter,0,trivial,ordinary,1,141757,105416,1867,23802,10672,90270,86166,150073,49747
meter,0,unique,graph,1,7214395,7107100,31938,51570,23787,660638,633694,13306051,132231
meter,0,unique,direct,1,267326,156397,46686,42909,21334,205480,185090,378166,95573
meter,0,before-clash,ordinary,8,826010,337448,413191,16156,59215,,96613,1939516,75539
meter,0,unique,exact,1,266779,153831,44962,43268,24718,205620,196718,389346,108557
meter,0,after-success,graph,1,7576775,7497774,25855,34778,18368,611633,579517,13191235,107407
meter,0,before-clash,indexed,8,5140546,4658237,427725,47048,7536,,628748,9193494,744735
meter,0,before-clash,graph,1,159821,98383,27970,16585,16883,,126309,171799,55231
meter,0,before-clash,exact,8,853660,383881,391849,16497,61433,,102913,1996828,78579
meter,0,after-success,direct,8,1822086,1193713,419069,14068,195236,155867,186700,2732986,83733
meter,0,before-success,ordinary,1,244079,143983,48084,35598,16414,189675,172700,377258,81327
meter,0,after-clash,graph,1,6348041,6284407,25890,18266,19478,,6388300,12163438,92009
meter,0,before-success,exact,8,1876867,1286067,398541,14356,177903,181701,192300,2941996,85087
meter,0,trivial,direct,1,147556,109593,2312,25079,10572,98872,84519,155065,49747
meter,0,after-success,indexed,1,981409,861986,52502,56078,10843,712384,876142,1339218,751249
meter,0,before-clash,conditional,8,1341397,800774,439361,31138,70124,,164672,1975356,90447
meter,0,before-success,direct,8,1757643,1194559,379856,14147,169081,168344,190123,2897996,81327
meter,0,before-success,dependencies,8,1699650,1118953,390911,14529,175257,162036,167382,2047628,85383
meter,0,after-success,conditional,8,90114140,89380134,503583,30047,200376,10398321,12252466,120836738,131674
meter,0,trivial,exact,8,1023154,943702,12226,14315,52911,88859,95839,1103538,53299
meter,0,unique,ordinary,1,247733,139926,45482,41442,20883,191236,183078,372150,95541
meter,0,trivial,indexed,1,459197,393999,3182,52392,9624,312635,308241,471075,201583
meter,0,unique,indexed,1,1067685,916656,53168,82502,15359,762056,923068,1362994,763089
meter,0,before-clash,exact,1,120846,45378,46713,16501,12254,,113662,270628,78579
meter,0,trivial,dependencies,1,149881,111296,2413,25509,10663,101680,84711,161321,53619
meter,0,unique,direct,8,1871071,1261353,381997,23777,203944,188537,187802,2779194,95573
meter,0,before-clash,conditional,1,185410,91132,49353,28058,16867,,148730,300165,90447
meter,0,before-clash,graph,8,942056,699385,193655,14468,34548,,116064,1209780,55231
meter,0,unique,dependencies,8,2590066,1942598,404320,28603,214545,321547,269377,4056986,106213
meter,1,before-success,conditional,8,9653873,8939466,498067,31124,185216,1039069,1120839,7436116,129072
meter,1,before-clash,indexed,1,785562,671023,57684,49822,7033,,712212,1205962,744735
meter,1,unique,exact,8,1980526,1314699,406134,25170,234523,199134,194603,2868634,108557
meter,1,after-success,dependencies,8,1573250,988604,388124,15449,181073,145152,166496,1882618,86837
meter,1,before-clash,dependencies,8,795470,313508,399165,18306,64491,,93729,1109372,80875
meter,1,unique,indexed,8,8311757,7678813,488877,66429,77638,776197,903439,10293874,763089
meter,1,after-success,exact,1,234343,140487,46859,30478,16519,180730,172304,369490,87237
meter,1,unique,direct,8,1883673,1259758,389488,24203,210224,189812,208118,2779194,95573
meter,1,after-clash,indexed,1,819845,703969,56995,52952,5929,,753641,1245046,747523
meter,1,trivial,conditional,1,1066656,1006183,2094,41028,17351,891342,829701,821895,100984
meter,1,unique,indexed,1,1093439,942275,55138,81483,14543,794236,920236,1362994,763089
meter,1,before-success,ordinary,1,262191,167814,45613,32224,16540,200153,179465,377258,81327
meter,1,before-success,ordinary,8,1671202,1119799,371279,13398,166726,159912,176102,2849868,81327
meter,1,unique,dependencies,8,2662247,2016230,402650,24307,219060,275796,281071,4056986,106213
meter,1,before-success,graph,1,2491015,2414145,25842,34305,16723,573577,560786,4630186,76819
meter,1,before-clash,exact,1,120912,42829,43100,15612,19371,,110737,270628,78579
meter,1,after-clash,dependencies,1,167206,85804,48716,17593,15093,,153218,217111,86175
meter,1,before-success,conditional,1,1254524,1119994,59588,48754,26188,1056095,985271,982760,129072
meter,1,unique,conditional,8,84013813,83229459,479726,40938,263690,10152079,10755451,121051650,145018
meter,1,after-clash,conditional,1,13304492,13184189,56265,35192,28846,,13153876,17398653,108585
meter,1,after-success,graph,8,56925090,56509800,299891,14502,100897,581724,598356,105354530,107407
meter,1,after-success,exact,8,1780036,1179812,396925,16720,186579,176272,176122,2776986,87237
meter,1,trivial,dependencies,8,997924,921611,11902,14622,49789,90136,96273,1111634,53619
meter,1,before-success,direct,8,1842586,1258875,394645,14132,174934,178562,199070,2897996,81327
meter,1,before-clash,ordinary,8,806641,333171,397845,16057,59568,,95775,1939516,75539
meter,1,after-clash,direct,1,151204,73571,46998,18363,12272,,136707,322799,80839
meter,1,after-success,conditional,1,9767237,9632232,57289,51355,26361,9523010,9883110,15159180,131674
meter,1,before-success,graph,8,28282330,27612958,467794,16271,185307,590109,577704,36876876,76819
meter,1,unique,ordinary,1,249739,142705,44962,41449,20623,192339,177120,372150,95541
meter,1,after-clash,ordinary,1,140663,66702,44136,18046,11779,,124534,320879,80839
meter,1,after-success,dependencies,1,234270,121346,57196,39179,16549,179942,152513,257694,86837
meter,1,after-success,conditional,8,79834551,79097583,517710,30274,188984,9770008,9722174,120836738,131674
meter,1,before-success,indexed,8,9648430,9009509,463632,48312,126977,956823,1070783,11451510,751505
meter,1,before-clash,direct,1,116784,40014,43338,15379,18053,,94542,265384,75539
meter,1,trivial,graph,1,3084270,3041349,1909,27233,13779,522352,528873,5462859,69469
meter,1,before-success,exact,8,1894234,1292824,406649,14284,180477,177412,186936,2941996,85087
meter,1,after-clash,ordinary,8,1052992,573681,397423,15861,66027,,125888,2388098,80839
meter,1,trivial,indexed,8,3330557,3155357,89729,44156,41315,344068,361636,3292922,201583
meter,1,trivial,graph,8,24033098,23932756,15066,13969,71307,517980,523701,43527522,69469
meter,1,before-success,exact,1,279507,165680,61500,35949,16378,225498,203073,388774,85087
meter,1,unique,ordinary,8,1844777,1221351,390984,24540,207902,184079,184749,2731066,95541
meter,1,unique,graph,1,7270728,7171967,26306,47578,24877,648124,638208,13306051,132231
meter,1,after-clash,conditional,8,99514587,98890922,498724,32859,92082,,12462784,138752522,108585
meter,1,before-clash,graph,1,155587,94769,29271,17065,14482,,109011,171799,55231
meter,1,after-success,ordinary,1,220702,128163,46034,30365,16140,168235,160604,357974,83701
meter,1,after-success,direct,8,1695052,1115619,387393,14549,177491,161365,165213,2732986,83733
meter,1,unique,dependencies,1,372916,253506,49205,48078,22127,312723,285649,537890,106213
meter,1,unique,graph,8,58057544,57543919,243832,28449,241344,646078,644831,106205858,132231
meter,1,after-clash,indexed,8,6177497,5682665,437695,47756,9381,,758266,9484690,747523
meter,1,before-success,dependencies,8,2133323,1436516,489310,13801,193696,155939,162656,2047628,85383
meter,1,before-success,direct,1,246409,152979,45782,31541,16107,190551,182443,383274,81327
meter,1,trivial,exact,1,149918,112478,2296,24304,10840,101579,88035,160309,53299
meter,1,after-clash,exact,8,1139509,652573,400942,17004,68990,,141955,2445410,83879
meter,1,trivial,indexed,1,448146,378584,3119,56987,9456,328475,329779,471075,201583
meter,1,after-success,graph,1,7139378,7062221,25909,33022,18226,602347,589749,13191235,107407
meter,1,unique,conditional,1,10271735,10101763,62278,75508,32186,10008317,10028796,15194444,145018
meter,1,after-clash,graph,8,51371516,51082160,228698,15285,45373,,6452222,97132154,92009
meter,1,unique,exact,1,276198,161971,46116,42919,25192,212815,206998,389346,108557
meter,1,before-clash,conditional,8,1351673,806953,443783,31017,69920,,159174,1975356,90447
meter,1,after-success,indexed,8,8245203,7645448,501896,47743,50116,771839,883257,10238066,751249
meter,1,after-clash,exact,1,156413,79390,45481,18593,12949,,135826,328043,83879
meter,1,before-clash,indexed,8,5313474,4832291,428331,45018,7834,,682361,9193494,744735
meter,1,after-success,ordinary,8,1652836,1069885,388137,14779,180035,166833,157243,2684858,83701
meter,1,trivial,ordinary,1,138035,101411,2007,24346,10271,91336,77651,150073,49747
meter,1,before-clash,conditional,1,185932,91875,49543,28423,16091,,146210,300165,90447
meter,1,trivial,direct,1,140201,104068,1816,24220,10097,93512,80980,155065,49747
meter,1,after-success,indexed,1,1040179,921816,51178,55290,11895,753547,1008962,1339218,751249
meter,1,after-success,direct,1,240256,143486,48351,31493,16926,183292,171638,363990,83733
meter,1,before-clash,ordinary,1,130753,46278,53292,18831,12352,,100692,263464,75539
meter,1,before-success,indexed,1,1198916,1081334,51147,49280,17155,873762,1060868,1488214,751505
meter,1,trivial,direct,8,1012722,936573,12480,15092,48577,88961,88212,1061586,49747
meter,1,before-clash,dependencies,1,111828,38721,44786,16394,11927,,94349,159696,80875
meter,1,trivial,exact,8,1026280,950208,11989,14524,49559,89165,83913,1103538,53299
meter,1,after-clash,direct,8,1120163,639828,396876,16583,66876,,150743,2403458,80839
meter,1,before-clash,exact,8,851300,374190,398559,16233,62318,,106066,1996828,78579
meter,1,before-clash,direct,8,829633,363892,390643,16485,58613,,92672,1954876,75539
meter,1,after-clash,dependencies,8,1110689,600210,421472,19028,69979,,132954,1557954,86175
meter,1,before-success,dependencies,1,251256,154328,47572,31778,17578,193455,177917,276978,85383
meter,1,trivial,ordinary,8,915889,843183,11752,16854,44100,87255,74186,1021650,49747
meter,1,after-clash,graph,1,6436839,6371321,26450,20011,19057,,6403171,12163438,92009
meter,1,trivial,conditional,8,8098064,7970372,19270,29136,79286,818932,838518,6138458,100984
meter,1,trivial,dependencies,1,198576,149661,3469,33851,11595,139367,90653,161321,53619
meter,1,unique,direct,1,259791,148811,45648,42077,23255,199419,203953,378166,95573
meter,1,before-clash,graph,8,961882,692501,197961,15176,56244,,112652,1209780,55231
