build,mode,family,n,reuse,consumer,requested_bytes,peak_above_start,consumer_retained_bytes,wall_median_ns,wall_min_ns,wall_max_ns
filtered,conditional,incompatible,0,1,query,60801,9262,0,57735,55871,74077
filtered,conditional,incompatible,0,1,prepared,60801,9703,786,90309,76005,98069
filtered,conditional,incompatible,0,4,query,124377,9262,0,152198,99847,173939
filtered,conditional,incompatible,0,4,prepared,124377,12061,3144,137494,87470,264402
filtered,conditional,incompatible,1,1,query,68826,9751,0,92194,60854,115025
filtered,conditional,incompatible,1,1,prepared,68826,10480,892,98809,67691,107079
filtered,conditional,incompatible,1,4,query,144267,9751,0,168700,163764,195398
filtered,conditional,incompatible,1,4,prepared,144267,13156,3568,164345,125108,185937
filtered,conditional,incompatible,3,1,query,120055,15151,0,158811,101867,191007
filtered,conditional,incompatible,3,1,prepared,120055,15904,2786,153125,142346,239250
filtered,conditional,incompatible,3,4,query,279607,15151,0,346360,237083,523748
filtered,conditional,incompatible,3,4,prepared,279607,24262,11144,363598,311060,392765
filtered,conditional,correlated,0,1,query,70310,10120,0,93126,62780,108106
filtered,conditional,correlated,0,1,prepared,70310,10611,886,87387,65478,91520
filtered,conditional,correlated,0,4,query,146447,10120,0,201309,163325,224103
filtered,conditional,correlated,0,4,prepared,146447,13269,3544,179462,124979,193669
filtered,conditional,correlated,1,1,query,121648,12030,0,150169,87581,194231
filtered,conditional,correlated,1,1,prepared,121648,12030,1684,162529,148358,192191
filtered,conditional,correlated,1,4,query,317476,12030,0,375814,213431,393701
filtered,conditional,correlated,1,4,prepared,317476,17082,6736,390877,235282,457209
filtered,conditional,correlated,3,1,query,543453,25346,0,765217,487650,4147059
filtered,conditional,correlated,3,1,prepared,543453,26618,6886,581401,417926,753640
filtered,conditional,correlated,3,4,query,1955142,25346,0,1598818,1143495,2858938
filtered,conditional,correlated,3,4,prepared,1955142,47276,27544,1424345,1141249,2701777
filtered,conditional,independent_suffix,0,1,query,77962,11150,0,124218,107386,130954
filtered,conditional,independent_suffix,0,1,prepared,77962,11497,1580,111516,102524,135568
filtered,conditional,independent_suffix,0,4,query,169258,11150,0,209121,140516,276834
filtered,conditional,independent_suffix,0,4,prepared,169258,16237,6320,212496,120974,263998
filtered,conditional,independent_suffix,1,1,query,169944,14346,0,230298,151592,292932
filtered,conditional,independent_suffix,1,1,prepared,169944,14346,3176,246027,176492,304863
filtered,conditional,independent_suffix,1,4,query,508914,14346,0,746755,457783,797626
filtered,conditional,independent_suffix,1,4,prepared,508914,23874,12704,673290,385723,714314
filtered,conditional,independent_suffix,3,1,query,1106553,36680,0,1369873,749082,1519947
filtered,conditional,independent_suffix,3,1,prepared,1106553,36680,13580,913722,767465,1523186
filtered,conditional,independent_suffix,3,4,query,4204185,36680,0,3427620,2762324,3749238
filtered,conditional,independent_suffix,3,4,prepared,4204185,77420,54320,3447418,3118848,3576380
filtered,conditional,dense_suffix,0,1,query,54697,8389,0,74908,40131,76054
filtered,conditional,dense_suffix,0,1,prepared,54697,8784,395,77423,66424,91021
filtered,conditional,dense_suffix,0,4,query,110545,8389,0,140356,95466,170700
filtered,conditional,dense_suffix,0,4,prepared,110545,9969,1580,153295,82836,193875
filtered,conditional,dense_suffix,1,1,query,94143,9562,0,110798,108004,115391
filtered,conditional,dense_suffix,1,1,prepared,94143,10356,794,116630,61238,137361
filtered,conditional,dense_suffix,1,4,query,210231,9562,0,192915,134965,321039
filtered,conditional,dense_suffix,1,4,prepared,210231,12738,3176,260041,156166,279273
filtered,conditional,dense_suffix,3,1,query,303766,17239,0,360911,232615,433198
filtered,conditional,dense_suffix,3,1,prepared,303766,17239,3395,318292,266660,516255
filtered,conditional,dense_suffix,3,4,query,1008694,17239,0,1001678,574633,1059460
filtered,conditional,dense_suffix,3,4,prepared,1008694,27424,13580,1002711,664785,1288027
filtered,conditional,independent,0,1,query,36276,12706,0,33610,31081,35445
filtered,conditional,independent,0,1,prepared,36276,13001,295,31658,31383,46241
filtered,conditional,independent,0,4,query,58404,12706,0,48792,38292,60017
filtered,conditional,independent,0,4,prepared,58404,13886,1180,52826,48759,63121
filtered,conditional,independent,1,1,query,181989,21396,0,288811,239907,297700
filtered,conditional,independent,1,1,prepared,181989,21396,2420,248833,176994,382267
filtered,conditional,independent,1,4,query,535536,21396,0,702902,660879,881450
filtered,conditional,independent,1,4,prepared,535536,28656,9680,576871,392573,758626
filtered,conditional,independent,3,1,query,923775,62428,0,818350,739432,1270700
filtered,conditional,independent,3,1,prepared,923775,62428,23168,1026251,777710,1329091
filtered,conditional,independent,3,4,query,3473070,62428,0,3591998,2651292,3904301
filtered,conditional,independent,3,4,prepared,3473070,131932,92672,3476556,3241387,4755170
filtered,conditional,delayed,0,1,query,36476,12906,0,29765,18732,38081
filtered,conditional,delayed,0,1,prepared,36476,13201,295,38247,33893,42939
filtered,conditional,delayed,0,4,query,58604,12906,0,49523,33674,58737
filtered,conditional,delayed,0,4,prepared,58604,14086,1180,49100,32098,67017
filtered,conditional,delayed,1,1,query,232050,21712,0,325589,230169,436149
filtered,conditional,delayed,1,1,prepared,232050,21712,2420,395825,352873,400873
filtered,conditional,delayed,1,4,query,738981,21712,0,1073247,621553,1301886
filtered,conditional,delayed,1,4,prepared,738981,28972,9680,750958,544203,1159728
filtered,conditional,delayed,3,1,query,1352119,65352,0,1275190,1016077,2153787
filtered,conditional,delayed,3,1,prepared,1352119,65352,23168,1425258,1001232,2159439
filtered,conditional,delayed,3,4,query,5185846,65352,0,4600863,4289946,5371828
filtered,conditional,delayed,3,4,prepared,5185846,134856,92672,5135928,4618247,8241556
filtered,conditional,early,0,1,query,35934,12364,0,32976,32547,36507
filtered,conditional,early,0,1,prepared,35934,12659,295,38325,35045,44639
filtered,conditional,early,0,4,query,58062,12364,0,49374,37591,67732
filtered,conditional,early,0,4,prepared,58062,13544,1180,49977,47689,57722
filtered,conditional,early,1,1,query,137343,19186,0,186242,112788,210591
filtered,conditional,early,1,1,prepared,137343,19186,1162,200687,118676,208250
filtered,conditional,early,1,4,query,381660,19210,0,469132,409556,581505
filtered,conditional,early,1,4,prepared,381660,22696,4648,569658,292279,630893
filtered,conditional,early,3,1,query,514349,34952,0,694432,457842,831000
filtered,conditional,early,3,1,prepared,514349,34952,2896,479877,445923,830132
filtered,conditional,early,3,4,query,1912552,35024,0,1920190,1320514,2719197
filtered,conditional,early,3,4,prepared,1912552,43712,11584,1519196,1390121,2635686
direct,conditional,incompatible,0,1,query,63617,9966,0,82778,78671,101224
direct,conditional,incompatible,0,1,prepared,63617,10407,786,87542,79789,107809
direct,conditional,incompatible,0,4,query,129305,9966,0,141169,93429,194281
direct,conditional,incompatible,0,4,prepared,129305,12765,3144,160327,144300,175582
direct,conditional,incompatible,1,1,query,69578,10431,0,93225,87206,106858
direct,conditional,incompatible,1,1,prepared,69578,10925,892,89795,69089,173327
direct,conditional,incompatible,1,4,query,144035,10431,0,163979,154123,190535
direct,conditional,incompatible,1,4,prepared,144035,13601,3568,219382,176634,309080
direct,conditional,incompatible,3,1,query,134556,17775,0,139668,109053,179970
direct,conditional,incompatible,3,1,prepared,134556,18325,2786,158366,138776,170971
direct,conditional,incompatible,3,4,query,297396,17775,0,352132,298628,378110
direct,conditional,incompatible,3,4,prepared,297396,26683,11144,306063,207794,339767
direct,conditional,correlated,0,1,query,73126,10824,0,97909,52320,165694
direct,conditional,correlated,0,1,prepared,73126,11315,886,93030,90312,106054
direct,conditional,correlated,0,4,query,151375,10824,0,172284,121470,210126
direct,conditional,correlated,0,4,prepared,151375,13973,3544,126434,120911,219834
direct,conditional,correlated,1,1,query,123168,12686,0,170908,106081,258351
direct,conditional,correlated,1,1,prepared,123168,12686,1684,156514,103522,213480
direct,conditional,correlated,1,4,query,317676,12686,0,380089,209202,506979
direct,conditional,correlated,1,4,prepared,317676,17738,6736,304285,208859,406206
direct,conditional,correlated,3,1,query,543143,27042,0,569647,568299,719723
direct,conditional,correlated,3,1,prepared,543143,27042,6886,569016,371233,710662
direct,conditional,correlated,3,4,query,1936160,27042,0,1874499,1128239,2158800
direct,conditional,correlated,3,4,prepared,1936160,47700,27544,1342977,1295258,2174287
direct,conditional,independent_suffix,0,1,query,80778,11854,0,110883,73005,134722
direct,conditional,independent_suffix,0,1,prepared,80778,12201,1580,129890,107708,169504
direct,conditional,independent_suffix,0,4,query,174186,11854,0,214215,158782,228584
direct,conditional,independent_suffix,0,4,prepared,174186,16941,6320,233769,205220,270626
direct,conditional,independent_suffix,1,1,query,176272,15050,0,247695,178252,295609
direct,conditional,independent_suffix,1,1,prepared,176272,15050,3176,236664,163570,330137
direct,conditional,independent_suffix,1,4,query,531754,15050,0,727417,490554,958605
direct,conditional,independent_suffix,1,4,prepared,531754,24578,12704,455229,389409,776784
direct,conditional,independent_suffix,3,1,query,1156979,39496,0,954429,815566,1533706
direct,conditional,independent_suffix,3,1,prepared,1156979,39496,13580,1000732,958351,1425217
direct,conditional,independent_suffix,3,4,query,4384595,39496,0,3880395,3511890,4860679
direct,conditional,independent_suffix,3,4,prepared,4384595,80236,54320,3433218,3097465,3560106
direct,conditional,dense_suffix,0,1,query,57513,9093,0,73578,54198,119971
direct,conditional,dense_suffix,0,1,prepared,57513,9488,395,79691,74905,101565
direct,conditional,dense_suffix,0,4,query,115473,9093,0,117362,64894,124739
direct,conditional,dense_suffix,0,4,prepared,115473,10673,1580,121381,113525,146931
direct,conditional,dense_suffix,1,1,query,96959,10266,0,115320,113971,142879
direct,conditional,dense_suffix,1,1,prepared,96959,11060,794,138465,116080,143616
direct,conditional,dense_suffix,1,4,query,215159,10266,0,274711,175674,295219
direct,conditional,dense_suffix,1,4,prepared,215159,13442,3176,250409,129083,304811
direct,conditional,dense_suffix,3,1,query,323478,20055,0,320727,197659,417103
direct,conditional,dense_suffix,3,1,prepared,323478,20055,3395,375362,219740,388318
direct,conditional,dense_suffix,3,4,query,1043190,20055,0,995349,574275,1205815
direct,conditional,dense_suffix,3,4,prepared,1043190,30240,13580,1180343,967186,1271401
direct,conditional,independent,0,1,query,39092,13410,0,37297,32324,42250
direct,conditional,independent,0,1,prepared,39092,13705,295,36255,26497,49655
direct,conditional,independent,0,4,query,63332,13410,0,54939,49924,62545
direct,conditional,independent,0,4,prepared,63332,14590,1180,50719,29496,67756
direct,conditional,independent,1,1,query,190437,22804,0,250505,242889,310518
direct,conditional,independent,1,1,prepared,190437,22804,2420,247488,202242,322082
direct,conditional,independent,1,4,query,550320,22804,0,860719,390537,898773
direct,conditional,independent,1,4,prepared,550320,30064,9680,597031,456513,838310
direct,conditional,independent,3,1,query,965087,65244,0,1317032,877218,1513079
direct,conditional,independent,3,1,prepared,965087,65244,23168,1255120,871739,1372020
direct,conditional,independent,3,4,query,3593966,65244,0,3187842,3037854,6378212
direct,conditional,independent,3,4,prepared,3593966,134748,92672,3787221,3256448,4151886
direct,conditional,delayed,0,1,query,39292,13610,0,35603,25037,39873
direct,conditional,delayed,0,1,prepared,39292,13905,295,42461,35699,47849
direct,conditional,delayed,0,4,query,63532,13610,0,62572,48482,66955
direct,conditional,delayed,0,4,prepared,63532,14790,1180,53655,49671,68732
direct,conditional,delayed,1,1,query,240498,23120,0,227273,187781,418679
direct,conditional,delayed,1,1,prepared,240498,23120,2420,329612,242109,393689
direct,conditional,delayed,1,4,query,753765,23120,0,1176096,585376,1801607
direct,conditional,delayed,1,4,prepared,753765,30380,9680,1151956,1019938,1371082
direct,conditional,delayed,3,1,query,1393431,68168,0,1302529,1024627,2150396
direct,conditional,delayed,3,1,prepared,1393431,68168,23168,2009944,1275342,2106851
direct,conditional,delayed,3,4,query,5306742,68168,0,4961010,4595932,5556480
direct,conditional,delayed,3,4,prepared,5306742,137672,92672,4935504,4770273,5514790
direct,conditional,early,0,1,query,38750,13068,0,36069,23914,47666
direct,conditional,early,0,1,prepared,38750,13363,295,40109,34775,55800
direct,conditional,early,0,4,query,62990,13068,0,50961,29096,52466
direct,conditional,early,0,4,prepared,62990,14248,1180,54681,34075,69309
direct,conditional,early,1,1,query,145791,20594,0,190923,179394,223782
direct,conditional,early,1,1,prepared,145791,20594,1162,214968,163937,265436
direct,conditional,early,1,4,query,396444,20618,0,491673,321574,536890
direct,conditional,early,1,4,prepared,396444,24104,4648,588135,314036,704177
direct,conditional,early,3,1,query,523949,37552,0,660060,448096,926141
direct,conditional,early,3,1,prepared,523949,37552,2896,663470,422157,872718
direct,conditional,early,3,4,query,1906600,37624,0,1567961,1440454,2703784
direct,conditional,early,3,4,prepared,1906600,46312,11584,2384750,1620486,3053120
prefix,conditional,incompatible,0,1,query,63976,10062,0,81599,75152,116584
prefix,conditional,incompatible,0,1,prepared,63976,10503,786,78313,59701,100789
prefix,conditional,incompatible,0,4,query,129976,10062,0,119084,92030,181993
prefix,conditional,incompatible,0,4,prepared,129976,12861,3144,180842,81337,191564
prefix,conditional,incompatible,1,1,query,69146,10527,0,89455,69967,99615
prefix,conditional,incompatible,1,1,prepared,69146,11021,892,89012,69043,103759
prefix,conditional,incompatible,1,4,query,143795,10527,0,169017,116491,954425
prefix,conditional,incompatible,1,4,prepared,143795,13697,3568,210227,173478,232919
prefix,conditional,incompatible,3,1,query,130663,18159,0,140226,134133,202199
prefix,conditional,incompatible,3,1,prepared,130663,19408,2786,153617,144297,249193
prefix,conditional,incompatible,3,4,query,279127,18159,0,307714,221189,334247
prefix,conditional,incompatible,3,4,prepared,279127,27766,11144,339068,297035,369771
prefix,conditional,correlated,0,1,query,73518,10920,0,110542,62135,135699
prefix,conditional,correlated,0,1,prepared,73518,11411,886,111587,69177,119835
prefix,conditional,correlated,0,4,query,152079,10920,0,172234,103280,196365
prefix,conditional,correlated,0,4,prepared,152079,14069,3544,189033,173813,237367
prefix,conditional,correlated,1,1,query,121712,12782,0,181009,155201,231372
prefix,conditional,correlated,1,1,prepared,121712,12782,1684,157942,94160,186338
prefix,conditional,correlated,1,4,query,317300,12782,0,356441,208707,432365
prefix,conditional,correlated,1,4,prepared,317300,17834,6736,480957,390147,492247
prefix,conditional,correlated,3,1,query,533013,27426,0,587186,568951,786644
prefix,conditional,correlated,3,1,prepared,533013,27426,6886,427800,315258,774179
prefix,conditional,correlated,3,4,query,1891878,27426,0,1599588,1059300,2318886
prefix,conditional,correlated,3,4,prepared,1891878,48084,27544,1194497,1098818,2624724
prefix,conditional,independent_suffix,0,1,query,80978,11950,0,108729,106439,139082
prefix,conditional,independent_suffix,0,1,prepared,80978,12297,1580,122502,107373,125409
prefix,conditional,independent_suffix,0,4,query,174698,11950,0,175602,149935,296231
prefix,conditional,independent_suffix,0,4,prepared,174698,17037,6320,234813,224322,274083
prefix,conditional,independent_suffix,1,1,query,177464,15146,0,252560,188580,260885
prefix,conditional,independent_suffix,1,1,prepared,177464,15146,3176,277264,134871,317237
prefix,conditional,independent_suffix,1,4,query,536138,15146,0,723921,423190,749239
prefix,conditional,independent_suffix,1,4,prepared,536138,24674,12704,707217,429910,821669
prefix,conditional,independent_suffix,3,1,query,1124601,39880,0,1439208,992762,1855615
prefix,conditional,independent_suffix,3,1,prepared,1124601,39880,13580,1027710,799666,1400210
prefix,conditional,independent_suffix,3,4,query,4247601,39880,0,3606076,3481455,5132644
prefix,conditional,independent_suffix,3,4,prepared,4247601,80620,54320,5292515,3434952,6076665
prefix,conditional,dense_suffix,0,1,query,57577,9189,0,49735,44248,90663
prefix,conditional,dense_suffix,0,1,prepared,57577,9584,395,67876,41464,77813
prefix,conditional,dense_suffix,0,4,query,115849,9189,0,135382,88998,157603
prefix,conditional,dense_suffix,0,4,prepared,115849,10769,1580,121621,83318,157606
prefix,conditional,dense_suffix,1,1,query,96734,10362,0,131110,114469,355725
prefix,conditional,dense_suffix,1,1,prepared,96734,11156,794,133472,114219,136141
prefix,conditional,dense_suffix,1,4,query,215558,10362,0,236476,130905,248358
prefix,conditional,dense_suffix,1,4,prepared,215558,13538,3176,272302,151486,308387
prefix,conditional,dense_suffix,3,1,query,322750,20439,0,369400,172792,383620
prefix,conditional,dense_suffix,3,1,prepared,322750,20439,3395,330543,206757,400909
prefix,conditional,dense_suffix,3,4,query,1042630,20439,0,704045,665503,1410436
prefix,conditional,dense_suffix,3,4,prepared,1042630,30624,13580,1067008,776536,1346014
prefix,conditional,independent,0,1,query,39476,13506,0,41197,24738,44136
prefix,conditional,independent,0,1,prepared,39476,13801,295,35943,35714,39514
prefix,conditional,independent,0,4,query,64004,13506,0,47969,29698,59093
prefix,conditional,independent,0,4,prepared,64004,14686,1180,49164,36389,53283
prefix,conditional,independent,1,1,query,191557,22996,0,198159,141022,286452
prefix,conditional,independent,1,1,prepared,191557,22996,2420,248275,175650,354299
prefix,conditional,independent,1,4,query,552352,22996,0,706534,463703,851027
prefix,conditional,independent,1,4,prepared,552352,30256,9680,706304,471972,871390
prefix,conditional,independent,3,1,query,961231,65628,0,1093461,989388,1857558
prefix,conditional,independent,3,1,prepared,961231,65628,23168,1351431,1027088,1496384
prefix,conditional,independent,3,4,query,3576142,65628,0,3639980,3364788,4794445
prefix,conditional,independent,3,4,prepared,3576142,135132,92672,3549242,3090159,5140029
prefix,conditional,delayed,0,1,query,39676,13706,0,36755,21085,56119
prefix,conditional,delayed,0,1,prepared,39676,14001,295,37293,25611,49486
prefix,conditional,delayed,0,4,query,64204,13706,0,47820,32393,57819
prefix,conditional,delayed,0,4,prepared,64204,14886,1180,55183,30511,67282
prefix,conditional,delayed,1,1,query,241538,23312,0,363636,249563,415296
prefix,conditional,delayed,1,1,prepared,241538,23312,2420,330949,223782,468566
prefix,conditional,delayed,1,4,query,755765,23312,0,790997,647344,1305047
prefix,conditional,delayed,1,4,prepared,755765,30572,9680,1036282,598258,1177112
prefix,conditional,delayed,3,1,query,1389623,68552,0,1921332,1386797,1943222
prefix,conditional,delayed,3,1,prepared,1389623,68552,23168,2200198,1079205,2782758
prefix,conditional,delayed,3,4,query,5289110,68552,0,4702116,4431453,7420956
prefix,conditional,delayed,3,4,prepared,5289110,138056,92672,5454205,4312474,5918308
prefix,conditional,early,0,1,query,39134,13164,0,37079,27720,43099
prefix,conditional,early,0,1,prepared,39134,13459,295,47703,38979,50499
prefix,conditional,early,0,4,query,63662,13164,0,47382,46531,63190
prefix,conditional,early,0,4,prepared,63662,14344,1180,55725,38430,64406
prefix,conditional,early,1,1,query,146911,20786,0,191893,129428,241688
prefix,conditional,early,1,1,prepared,146911,20786,1162,184826,134449,188897
prefix,conditional,early,1,4,query,398476,20810,0,352588,282270,529579
prefix,conditional,early,1,4,prepared,398476,24296,4648,409254,286269,647309
prefix,conditional,early,3,1,query,521701,37936,0,483047,365927,830941
prefix,conditional,early,3,1,prepared,521701,37936,2896,426399,356036,650032
prefix,conditional,early,3,4,query,1895208,38008,0,2442011,1513875,3057016
prefix,conditional,early,3,4,prepared,1895208,46696,11584,1759145,1599549,2834184
filtered,scan,incompatible,0,1,query,44403,11377,0,63860,54871,77248
filtered,scan,incompatible,0,1,prepared,44403,11971,594,62344,29714,66866
filtered,scan,incompatible,0,4,query,80367,11377,0,80534,51481,86170
filtered,scan,incompatible,0,4,prepared,80367,13753,2376,82432,51945,97130
filtered,scan,incompatible,1,1,query,48684,12205,0,64797,32720,67458
filtered,scan,incompatible,1,1,prepared,48684,13001,796,45303,35457,61436
filtered,scan,incompatible,1,4,query,88746,12205,0,93202,88248,104023
filtered,scan,incompatible,1,4,prepared,88746,15389,3184,94995,62161,119111
filtered,scan,incompatible,3,1,query,78063,16610,0,116743,98376,138671
filtered,scan,incompatible,3,1,prepared,78063,18820,2210,115016,105869,154000
filtered,scan,incompatible,3,4,query,141591,16610,0,165229,83581,184947
filtered,scan,incompatible,3,4,prepared,141591,25450,8840,165422,153441,195798
filtered,scan,correlated,0,1,query,48509,12483,0,59266,43521,82202
filtered,scan,correlated,0,1,prepared,48509,13273,790,63237,60525,67692
filtered,scan,correlated,0,4,query,87611,12483,0,93775,73165,109162
filtered,scan,correlated,0,4,prepared,87611,15643,3160,97742,58804,102115
filtered,scan,correlated,1,1,query,60242,13609,0,82117,60126,100647
filtered,scan,correlated,1,1,prepared,60242,15005,1396,88228,62710,870021
filtered,scan,correlated,1,4,query,110894,13609,0,136412,81208,169463
filtered,scan,correlated,1,4,prepared,110894,19193,5584,139823,96229,162984
filtered,scan,correlated,3,1,query,136813,22790,0,155270,130756,212130
filtered,scan,correlated,3,1,prepared,136813,26945,5638,205076,125341,212140
filtered,scan,correlated,3,4,query,287047,22790,0,420942,283017,505951
filtered,scan,correlated,3,4,prepared,287047,43859,22552,445047,289387,455546
filtered,scan,independent_suffix,0,1,query,86681,21477,0,101952,92090,114674
filtered,scan,independent_suffix,0,1,prepared,86681,22865,1388,94015,63196,121964
filtered,scan,independent_suffix,0,4,query,163955,21477,0,101388,91679,189734
filtered,scan,independent_suffix,0,4,prepared,163955,27029,5552,166019,130604,169691
filtered,scan,independent_suffix,1,1,query,106494,23717,0,136580,118294,180524
filtered,scan,independent_suffix,1,1,prepared,106494,26317,2600,129256,73604,148151
filtered,scan,independent_suffix,1,4,query,205806,23717,0,223555,202081,246050
filtered,scan,independent_suffix,1,4,prepared,205806,34117,10400,211926,136091,293178
filtered,scan,independent_suffix,3,1,query,216757,37680,0,297085,194741,392021
filtered,scan,independent_suffix,3,1,prepared,216757,45745,11084,367459,175920,390628
filtered,scan,independent_suffix,3,4,query,501811,37680,0,516757,493505,829970
filtered,scan,independent_suffix,3,4,prepared,501811,78997,44336,724776,597067,840917
filtered,scan,dense_suffix,0,1,query,27936,7494,0,46668,26757,48223
filtered,scan,dense_suffix,0,1,prepared,27936,7841,347,47404,41132,56139
filtered,scan,dense_suffix,0,4,query,47049,7494,0,59592,52718,80643
filtered,scan,dense_suffix,0,4,prepared,47049,8882,1388,63517,38253,81337
filtered,scan,dense_suffix,1,1,query,33009,7859,0,61307,54288,78355
filtered,scan,dense_suffix,1,1,prepared,33009,8509,650,54075,53113,66696
filtered,scan,dense_suffix,1,4,query,57012,7859,0,84221,56228,118295
filtered,scan,dense_suffix,1,4,prepared,57012,10459,2600,86423,46090,98000
filtered,scan,dense_suffix,3,1,query,87797,14853,0,140112,138233,194153
filtered,scan,dense_suffix,3,1,prepared,87797,17624,2771,136970,90037,173659
filtered,scan,dense_suffix,3,4,query,169718,14853,0,304120,251408,328713
filtered,scan,dense_suffix,3,4,prepared,169718,25937,11084,261207,148765,292832
filtered,scan,independent,0,1,query,36209,9770,0,48767,30337,55845
filtered,scan,independent,0,1,prepared,36209,9921,151,45755,45001,52645
filtered,scan,independent,0,4,query,53744,9770,0,58617,39201,66685
filtered,scan,independent,0,4,prepared,53744,10374,604,63473,38684,84066
filtered,scan,independent,1,1,query,107890,19829,0,150698,146857,162736
filtered,scan,independent,1,1,prepared,107890,21961,2132,172126,100592,204296
filtered,scan,independent,1,4,query,195973,20043,0,255969,222139,387098
filtered,scan,independent,1,4,prepared,195973,28357,8528,252693,182666,333676
filtered,scan,independent,3,1,query,326600,81893,0,547143,297816,597864
filtered,scan,independent,3,1,prepared,326600,81893,22016,440045,262745,448146
filtered,scan,independent,3,4,query,887045,81893,0,1187122,716728,1522509
filtered,scan,independent,3,4,prepared,887045,147477,88064,896629,862010,1249780
filtered,scan,delayed,0,1,query,36609,9962,0,49318,43200,52407
filtered,scan,delayed,0,1,prepared,36609,10113,151,48283,37660,54458
filtered,scan,delayed,0,4,query,54144,9962,0,71102,34953,75837
filtered,scan,delayed,0,4,prepared,54144,10566,604,64249,59548,67042
filtered,scan,delayed,1,1,query,116534,20245,0,179644,138334,243102
filtered,scan,delayed,1,1,prepared,116534,22377,2132,204261,165271,206766
filtered,scan,delayed,1,4,query,219257,20459,0,346672,206223,395729
filtered,scan,delayed,1,4,prepared,219257,28773,8528,357568,286675,411277
filtered,scan,delayed,3,1,query,378212,89765,0,555611,500719,655777
filtered,scan,delayed,3,1,prepared,378212,89765,22016,534102,333627,614146
filtered,scan,delayed,3,4,query,1102769,89765,0,1294655,1087712,1654681
filtered,scan,delayed,3,4,prepared,1102769,155349,88064,1169522,984787,2028496
filtered,scan,early,0,1,query,35525,9433,0,45506,42004,48023
filtered,scan,early,0,1,prepared,35525,9584,151,49458,42142,56654
filtered,scan,early,0,4,query,53060,9433,0,62986,33109,78087
filtered,scan,early,0,4,prepared,53060,10037,604,64843,61391,72793
filtered,scan,early,1,1,query,92265,17236,0,99653,84669,178434
filtered,scan,early,1,1,prepared,92265,18254,1018,134340,92114,145345
filtered,scan,early,1,4,query,163291,17236,0,195551,119812,225381
filtered,scan,early,1,4,prepared,163291,21308,4072,202012,115741,212325
filtered,scan,early,3,1,query,182987,24608,0,260327,243382,308662
filtered,scan,early,3,1,prepared,182987,27360,2752,262990,219581,377763
filtered,scan,early,3,4,query,366920,24608,0,455698,282989,585699
filtered,scan,early,3,4,prepared,366920,35616,11008,362850,264311,676863
filtered,resumable,incompatible,0,1,query,26165,6512,0,31122,28761,43013
filtered,resumable,incompatible,0,1,prepared,26165,7106,594,29844,22056,34893
filtered,resumable,incompatible,0,4,query,48083,6512,0,51489,33295,72867
filtered,resumable,incompatible,0,4,prepared,48083,8888,2376,51756,34346,58900
filtered,resumable,incompatible,1,1,query,27651,6642,0,36669,33857,41553
filtered,resumable,incompatible,1,1,prepared,27651,7438,796,36773,31355,40709
filtered,resumable,incompatible,1,4,query,50913,6642,0,52234,51364,72583
filtered,resumable,incompatible,1,4,prepared,50913,9826,3184,57952,34706,65867
filtered,resumable,incompatible,3,1,query,47077,9106,0,63160,57189,90246
filtered,resumable,incompatible,3,1,prepared,47077,11316,2210,65905,46531,68895
filtered,resumable,incompatible,3,4,query,86515,9106,0,100185,96777,120929
filtered,resumable,incompatible,3,4,prepared,86515,17946,8840,98554,62408,110309
filtered,resumable,correlated,0,1,query,39935,8024,0,41665,32018,46427
filtered,resumable,correlated,0,1,prepared,39935,8814,790,47054,28957,53065
filtered,resumable,correlated,0,4,query,74543,8024,0,70285,40853,86379
filtered,resumable,correlated,0,4,prepared,74543,11184,3160,69989,60077,81945
filtered,resumable,correlated,1,1,query,54213,10690,0,54492,52047,64820
filtered,resumable,correlated,1,1,prepared,54213,12086,1396,55289,54151,70351
filtered,resumable,correlated,1,4,query,102957,10690,0,91214,57206,118050
filtered,resumable,correlated,1,4,prepared,102957,16274,5584,88295,83186,103005
filtered,resumable,correlated,3,1,query,150223,16807,0,142896,134555,167467
filtered,resumable,correlated,3,1,prepared,150223,22445,5638,137908,135650,158454
filtered,resumable,correlated,3,4,query,292111,16807,0,252064,167894,287226
filtered,resumable,correlated,3,4,prepared,292111,39359,22552,269148,231100,299472
filtered,resumable,independent_suffix,0,1,query,64235,10170,0,58309,37236,62645
filtered,resumable,independent_suffix,0,1,prepared,64235,11558,1388,62257,52709,67670
filtered,resumable,independent_suffix,0,4,query,123143,10170,0,88013,77710,106771
filtered,resumable,independent_suffix,0,4,prepared,123143,15722,5552,90295,64827,136736
filtered,resumable,independent_suffix,1,1,query,92223,16576,0,77725,60604,81902
filtered,resumable,independent_suffix,1,1,prepared,92223,19176,2600,84723,80526,108865
filtered,resumable,independent_suffix,1,4,query,178977,16576,0,157031,129969,170160
filtered,resumable,independent_suffix,1,4,prepared,178977,26976,10400,156435,139890,162963
filtered,resumable,independent_suffix,3,1,query,248127,25721,0,208448,122022,253950
filtered,resumable,independent_suffix,3,1,prepared,248127,36805,11084,195796,131380,282806
filtered,resumable,independent_suffix,3,4,query,512571,25721,0,385567,292718,463563
filtered,resumable,independent_suffix,3,4,prepared,512571,70057,44336,422938,312959,515827
filtered,resumable,dense_suffix,0,1,query,22058,5528,0,30735,29581,32679
filtered,resumable,dense_suffix,0,1,prepared,22058,5875,347,27566,14948,28693
filtered,resumable,dense_suffix,0,4,query,39485,5528,0,37422,25920,40546
filtered,resumable,dense_suffix,0,4,prepared,39485,6916,1388,46551,38661,95919
filtered,resumable,dense_suffix,1,1,query,29481,6358,0,35347,27932,54857
filtered,resumable,dense_suffix,1,1,prepared,29481,7008,650,35576,26382,42832
filtered,resumable,dense_suffix,1,4,query,54189,6358,0,46404,31090,52580
filtered,resumable,dense_suffix,1,4,prepared,54189,8958,2600,55179,34391,68369
filtered,resumable,dense_suffix,3,1,query,84754,11119,0,88104,68179,117645
filtered,resumable,dense_suffix,3,1,prepared,84754,13890,2771,89612,86403,99635
filtered,resumable,dense_suffix,3,4,query,161485,11119,0,156817,143565,164360
filtered,resumable,dense_suffix,3,4,prepared,161485,22203,11084,163851,86895,275278
filtered,resumable,independent,0,1,query,19645,6913,0,17559,12941,22199
filtered,resumable,independent,0,1,prepared,19645,7064,151,18159,12816,24963
filtered,resumable,independent,0,4,query,30904,6913,0,24791,22604,29244
filtered,resumable,independent,0,4,prepared,30904,7517,604,23449,22036,28630
filtered,resumable,independent,1,1,query,164428,17856,0,95427,75539,150433
filtered,resumable,independent,1,1,prepared,164428,19988,2132,135937,124638,167563
filtered,resumable,independent,1,4,query,318049,17856,0,220210,208499,275536
filtered,resumable,independent,1,4,prepared,318049,26384,8528,244164,181279,304671
filtered,resumable,independent,3,1,query,1082812,62639,0,809073,566336,950370
filtered,resumable,independent,3,1,prepared,1082812,84655,22016,737300,478169,869413
filtered,resumable,independent,3,4,query,2394313,62639,0,1597991,1227070,1833284
filtered,resumable,independent,3,4,prepared,2394313,150703,88064,1738278,1237854,2004895
filtered,resumable,delayed,0,1,query,19845,7113,0,19482,18181,22335
filtered,resumable,delayed,0,1,prepared,19845,7264,151,17984,12839,18975
filtered,resumable,delayed,0,4,query,31104,7113,0,17106,13803,27032
filtered,resumable,delayed,0,4,prepared,31104,7717,604,26833,22964,31368
filtered,resumable,delayed,1,1,query,230760,18056,0,154060,115017,196936
filtered,resumable,delayed,1,1,prepared,230760,20188,2132,162240,96525,197479
filtered,resumable,delayed,1,4,query,450513,18056,0,269395,258311,299761
filtered,resumable,delayed,1,4,prepared,450513,26584,8528,323134,278978,379020
filtered,resumable,delayed,3,1,query,1557482,62839,0,826507,730593,1212397
filtered,resumable,delayed,3,1,prepared,1557482,84855,22016,1078420,1009065,1219834
filtered,resumable,delayed,3,4,query,3515747,62839,0,1968950,1733185,2498693
filtered,resumable,delayed,3,4,prepared,3515747,150903,88064,1999958,1726393,2781264
filtered,resumable,early,0,1,query,19303,6571,0,18144,17332,28839
filtered,resumable,early,0,1,prepared,19303,6722,151,18578,10565,28116
filtered,resumable,early,0,4,query,30562,6571,0,22237,16017,27812
filtered,resumable,early,0,4,prepared,30562,7175,604,26484,17078,26722
filtered,resumable,early,1,1,query,102184,12802,0,104468,65086,119860
filtered,resumable,early,1,1,prepared,102184,13820,1018,63401,52594,110404
filtered,resumable,early,1,4,query,198685,12802,0,143990,133852,164884
filtered,resumable,early,1,4,prepared,198685,16874,4072,172019,148154,175485
filtered,resumable,early,3,1,query,331012,20237,0,255804,191499,286983
filtered,resumable,early,3,1,prepared,331012,22989,2752,251712,179663,280520
filtered,resumable,early,3,4,query,660829,20237,0,469383,347617,713190
filtered,resumable,early,3,4,prepared,660829,31245,11008,560812,489692,608939
