mode,family,choices,depth,reuse,schedule,requested_bytes,peak_above_start,wall_median_ns,wall_min_ns,wall_max_ns
original-scan,common,0,0,1,eligible,24283,8938,32848,32319,35800
original-scan,common,0,0,1,mixed,23751,8938,32544,18726,60422
original-scan,common,0,0,4,eligible,58552,8938,80172,77263,101253
original-scan,common,0,0,4,mixed,53928,8938,70245,67965,78350
original-scan,common,0,1,1,eligible,27291,9285,29660,25152,189386
original-scan,common,0,1,1,mixed,27231,9285,40049,24672,58580
original-scan,common,0,1,4,eligible,67728,9285,103324,91470,164395
original-scan,common,0,1,4,mixed,58768,9285,78307,55337,82484
original-scan,common,0,16,1,eligible,70323,16806,99006,64007,100314
original-scan,common,0,16,1,mixed,70263,16806,104294,85379,136328
original-scan,common,0,16,4,eligible,204096,16822,245148,195056,347349
original-scan,common,0,16,4,mixed,161734,17385,137338,127429,295633
original-scan,common,3,0,1,eligible,104802,50288,120126,79738,129515
original-scan,common,3,0,1,mixed,104270,50288,141399,121094,161481
original-scan,common,3,0,4,eligible,372522,50288,401003,230024,413610
original-scan,common,3,0,4,mixed,351630,50288,362934,229977,407566
original-scan,common,3,1,1,eligible,117037,52467,148743,87906,158664
original-scan,common,3,1,1,mixed,116977,52467,149704,87872,160767
original-scan,common,3,1,4,eligible,418606,52467,496013,280750,522619
original-scan,common,3,1,4,mixed,352514,52467,295148,237297,386217
original-scan,common,3,16,1,eligible,335090,93976,492518,465235,509978
original-scan,common,3,16,1,mixed,335030,93976,463214,269740,540757
original-scan,common,3,16,4,eligible,1240946,93976,1198295,1032268,1776200
original-scan,common,3,16,4,mixed,880914,93976,701446,650841,1291667
original-scan,independent,0,0,1,eligible,24051,8842,33202,31623,44294
original-scan,independent,0,0,1,mixed,23519,8842,32587,18411,35905
original-scan,independent,0,0,4,eligible,58200,8842,81718,75560,140906
original-scan,independent,0,0,4,mixed,53576,8842,69653,69161,76172
original-scan,independent,0,1,1,eligible,27059,9189,39964,22380,41200
original-scan,independent,0,1,1,mixed,26999,9189,40172,28534,45200
original-scan,independent,0,1,4,eligible,67376,9189,98390,69000,199311
original-scan,independent,0,1,4,mixed,58416,9189,82577,47186,86326
original-scan,independent,0,16,1,eligible,70091,16710,74889,60654,180250
original-scan,independent,0,16,1,mixed,70031,16710,100115,77625,123078
original-scan,independent,0,16,4,eligible,203744,16726,295773,177563,322474
original-scan,independent,0,16,4,mixed,161382,17289,233523,138969,337688
original-scan,independent,3,0,1,eligible,139084,59775,177733,125798,181329
original-scan,independent,3,0,1,mixed,139024,59775,180467,106176,235466
original-scan,independent,3,0,4,eligible,480928,59775,611738,333731,690084
original-scan,independent,3,0,4,mixed,406902,59775,457360,306983,464959
original-scan,independent,3,1,1,eligible,150007,60830,200825,115421,210869
original-scan,independent,3,1,1,mixed,149947,60830,207265,121351,317003
original-scan,independent,3,1,4,eligible,522484,60830,656562,389359,922981
original-scan,independent,3,1,4,mixed,428588,60830,507572,497461,606435
original-scan,independent,3,16,1,eligible,366228,97442,370948,318243,616529
original-scan,independent,3,16,1,mixed,366168,97442,547257,366114,615374
original-scan,independent,3,16,4,eligible,1354296,97442,1785806,1155499,2483743
original-scan,independent,3,16,4,mixed,952252,97442,962712,758251,1292366
original-scan,early,0,0,1,eligible,24283,8938,32844,19461,34336
original-scan,early,0,0,1,mixed,23751,8938,32861,18474,34663
original-scan,early,0,0,4,eligible,58552,8938,47445,44217,72232
original-scan,early,0,0,4,mixed,53928,8938,72343,41472,91379
original-scan,early,0,1,1,eligible,27291,9285,40557,25084,42141
original-scan,early,0,1,1,mixed,27231,9285,40868,26663,45295
original-scan,early,0,1,4,eligible,67728,9285,102653,55805,113667
original-scan,early,0,1,4,mixed,58768,9285,86782,81337,97953
original-scan,early,0,16,1,eligible,70323,16806,101280,98662,117854
original-scan,early,0,16,1,mixed,70263,16806,102228,101666,108475
original-scan,early,0,16,4,eligible,204096,16822,314694,307633,328343
original-scan,early,0,16,4,mixed,161734,17385,157243,134449,233660
original-scan,early,3,0,1,eligible,65148,27503,89208,63708,90561
original-scan,early,3,0,1,mixed,64616,27503,82908,49781,83857
original-scan,early,3,0,4,eligible,213912,27503,238035,149594,264937
original-scan,early,3,0,4,mixed,202092,27503,216444,179338,241493
original-scan,early,3,1,1,eligible,72078,28642,115175,97096,138839
original-scan,early,3,1,1,mixed,72018,28642,107074,69569,114878
original-scan,early,3,1,4,eligible,238776,28642,222529,163923,328251
original-scan,early,3,1,4,mixed,205180,28642,241254,171612,351191
original-scan,early,3,16,1,eligible,194500,50519,265300,263403,285739
original-scan,early,3,16,1,mixed,194440,50519,185049,160703,280707
original-scan,early,3,16,4,eligible,686656,50519,735238,591129,1018149
original-scan,early,3,16,4,mixed,506648,50519,652022,400564,729259
original-indexed,common,0,0,1,eligible,27938,11026,41881,38258,47758
original-indexed,common,0,0,1,mixed,26670,11026,38177,37317,51168
original-indexed,common,0,0,4,eligible,70964,11026,89285,47267,97223
original-indexed,common,0,0,4,mixed,65508,11026,84598,54954,93754
original-indexed,common,0,1,1,eligible,31466,11373,43591,42848,62101
original-indexed,common,0,1,1,mixed,31406,11373,44287,43314,102067
original-indexed,common,0,1,4,eligible,82220,11373,115080,64719,152176
original-indexed,common,0,1,4,mixed,71802,11373,92799,52061,115928
original-indexed,common,0,16,1,eligible,86362,21294,126850,122700,141317
original-indexed,common,0,16,1,mixed,86302,21294,125383,76545,133445
original-indexed,common,0,16,4,eligible,264572,21294,391339,239917,495855
original-indexed,common,0,16,4,mixed,201824,21294,274085,163212,314646
original-indexed,common,3,0,1,eligible,126033,64445,146179,137067,209110
original-indexed,common,3,0,1,mixed,124765,64445,104373,80206,176328
original-indexed,common,3,0,4,eligible,455238,64445,477633,393779,533077
original-indexed,common,3,0,4,mixed,433066,64445,416997,247541,550467
original-indexed,common,3,1,1,eligible,142428,66881,201306,121726,233436
original-indexed,common,3,1,1,mixed,142368,66881,184638,173566,201582
original-indexed,common,3,1,4,eligible,517962,66881,586536,390260,610981
original-indexed,common,3,1,4,mixed,440430,66881,439915,308015,555086
original-indexed,common,3,16,1,eligible,455393,124877,342435,337335,582085
original-indexed,common,3,16,1,mixed,455333,124877,645314,582624,855228
original-indexed,common,3,16,4,eligible,1708174,124877,1485127,1358827,2449232
original-indexed,common,3,16,4,mixed,1185278,124877,945206,844987,1381582
original-indexed,independent,0,0,1,eligible,27706,10930,35620,34967,54221
original-indexed,independent,0,0,1,mixed,26438,10930,35268,23438,62822
original-indexed,independent,0,0,4,eligible,70612,10930,89432,87282,97746
original-indexed,independent,0,0,4,mixed,65156,10930,50825,44656,83561
original-indexed,independent,0,1,1,eligible,31234,11277,43139,28344,55667
original-indexed,independent,0,1,1,mixed,31174,11277,42892,26717,43259
original-indexed,independent,0,1,4,eligible,81868,11277,116404,65438,211520
original-indexed,independent,0,1,4,mixed,71450,11277,94415,61275,139393
original-indexed,independent,0,16,1,eligible,86130,21198,123869,92705,133280
original-indexed,independent,0,16,1,mixed,86070,21198,130861,88736,132049
original-indexed,independent,0,16,4,eligible,264220,21198,394321,223537,510680
original-indexed,independent,0,16,4,mixed,201472,21198,195849,167881,270725
original-indexed,independent,3,0,1,eligible,166555,75922,202319,158106,212606
original-indexed,independent,3,0,1,mixed,166495,75922,200812,128572,258565
original-indexed,independent,3,0,4,eligible,588604,75922,687953,405593,880945
original-indexed,independent,3,0,4,mixed,499300,75922,530700,333099,833792
original-indexed,independent,3,1,1,eligible,181638,77278,234557,163224,239345
original-indexed,independent,3,1,1,mixed,181578,77278,234259,140704,239215
original-indexed,independent,3,1,4,eligible,646800,77278,791388,476664,938085
original-indexed,independent,3,1,4,mixed,528984,77278,632556,343752,731822
original-indexed,independent,3,16,1,eligible,492771,132194,681369,396899,758654
original-indexed,independent,3,16,1,mixed,492711,132194,713130,668165,776782
original-indexed,independent,3,16,4,eligible,1858260,132322,1834874,1500504,2131119
original-indexed,independent,3,16,4,mixed,1280872,132194,1001393,943562,1112095
original-indexed,early,0,0,1,eligible,27938,11026,33467,23170,38883
original-indexed,early,0,0,1,mixed,26670,11026,38508,21725,55323
original-indexed,early,0,0,4,eligible,70964,11026,94235,53112,96709
original-indexed,early,0,0,4,mixed,65508,11026,81641,46734,87398
original-indexed,early,0,1,1,eligible,31466,11373,43526,42224,50471
original-indexed,early,0,1,1,mixed,31406,11373,45715,31797,56782
original-indexed,early,0,1,4,eligible,82220,11373,114047,66635,148238
original-indexed,early,0,1,4,mixed,71802,11373,93671,51853,100910
original-indexed,early,0,16,1,eligible,86362,21294,124363,94504,155566
original-indexed,early,0,16,1,mixed,86302,21294,127941,75787,136455
original-indexed,early,0,16,4,eligible,264572,21294,387611,269970,412756
original-indexed,early,0,16,4,mixed,201824,21294,282373,272443,430921
original-indexed,early,3,0,1,eligible,77475,34736,93403,59795,100690
original-indexed,early,3,0,1,mixed,76207,34736,92568,59306,98889
original-indexed,early,3,0,4,eligible,261012,34736,276680,187104,295853
original-indexed,early,3,0,4,mixed,246696,34736,292757,185236,335392
original-indexed,early,3,1,1,eligible,86485,36040,111296,108959,116310
original-indexed,early,3,1,1,mixed,86425,36040,109475,80533,119909
original-indexed,early,3,1,4,eligible,294196,36040,350690,244201,360505
original-indexed,early,3,1,4,mixed,254864,36040,276447,187517,287874
original-indexed,early,3,16,1,eligible,258027,66528,337062,300783,373850
original-indexed,early,3,16,1,mixed,257967,66528,226518,206367,351822
original-indexed,early,3,16,4,eligible,932668,66528,1084367,765589,1729193
original-indexed,early,3,16,4,mixed,671212,66528,968192,515247,1160230
original-special,common,0,0,1,eligible,26547,9328,36761,20355,39459
original-special,common,0,0,1,mixed,26015,9328,25800,21747,49746
original-special,common,0,0,4,eligible,59856,9328,80561,78570,87013
original-special,common,0,0,4,mixed,55232,9328,72182,44351,91226
original-special,common,0,1,1,eligible,29555,9675,45916,23481,78062
original-special,common,0,1,1,mixed,29495,9675,46040,26448,48508
original-special,common,0,1,4,eligible,69032,9675,95914,94596,98508
original-special,common,0,1,4,mixed,59336,9675,83453,80605,94006
original-special,common,0,16,1,eligible,72219,17196,100807,60527,102058
original-special,common,0,16,1,mixed,72159,17196,110130,103106,112362
original-special,common,0,16,4,eligible,203928,17212,306671,178129,451336
original-special,common,0,16,4,mixed,161566,17407,229710,225402,240015
original-special,common,3,0,1,eligible,107010,50846,125377,81263,138062
original-special,common,3,0,1,mixed,106478,50846,135883,131792,213116
original-special,common,3,0,4,eligible,372258,50846,392411,280763,425063
original-special,common,3,0,4,mixed,351366,50846,357218,209451,437014
original-special,common,3,1,1,eligible,119245,53025,177616,149663,184378
original-special,common,3,1,1,mixed,119185,53025,156681,152119,269185
original-special,common,3,1,4,eligible,418342,53025,344891,287681,514109
original-special,common,3,1,4,mixed,346362,53025,376011,261429,378890
original-special,common,3,16,1,eligible,334354,91590,478295,458346,711210
original-special,common,3,16,1,mixed,334294,91590,468446,277267,477657
original-special,common,3,16,4,eligible,1228906,91590,1762299,1109659,2375960
original-special,common,3,16,4,mixed,868874,91590,807272,675993,1232192
original-special,independent,0,0,1,eligible,26315,9232,34554,33873,58600
original-special,independent,0,0,1,mixed,25783,9232,35226,23790,37209
original-special,independent,0,0,4,eligible,59504,9232,81953,43990,87395
original-special,independent,0,0,4,mixed,54880,9232,74325,71390,74947
original-special,independent,0,1,1,eligible,29323,9579,45928,41003,54905
original-special,independent,0,1,1,mixed,29263,9579,42251,23893,43620
original-special,independent,0,1,4,eligible,68680,9579,55720,50850,104976
original-special,independent,0,1,4,mixed,58984,9579,84983,79643,103290
original-special,independent,0,16,1,eligible,71987,17100,105469,100634,114101
original-special,independent,0,16,1,mixed,71927,17100,102076,63088,132403
original-special,independent,0,16,4,eligible,203576,17116,300414,285202,327622
original-special,independent,0,16,4,mixed,161214,17311,238944,219368,240491
original-special,independent,3,0,1,eligible,141292,60333,176463,115091,178078
original-special,independent,3,0,1,mixed,141232,60333,179176,158385,276176
original-special,independent,3,0,4,eligible,480664,60333,370321,351800,591581
original-special,independent,3,0,4,mixed,401486,60333,420780,258538,470974
original-special,independent,3,1,1,eligible,152215,61388,200833,117327,202704
original-special,independent,3,1,1,mixed,152155,61388,196438,115118,198198
original-special,independent,3,1,4,eligible,522220,61388,446268,383724,823308
original-special,independent,3,1,4,mixed,422436,61388,337982,298779,558164
original-special,independent,3,16,1,eligible,368068,98000,556739,399062,657831
original-special,independent,3,16,1,mixed,368008,98000,546310,334618,607364
original-special,independent,3,16,4,eligible,1352560,98000,1258070,1138402,1981069
original-special,independent,3,16,4,mixed,945364,98000,818840,785175,1365340
original-special,early,0,0,1,eligible,26547,9328,34622,21921,35279
original-special,early,0,0,1,mixed,26015,9328,34989,34796,38190
original-special,early,0,0,4,eligible,59856,9328,78674,54226,92678
original-special,early,0,0,4,mixed,55232,9328,80299,69022,95093
original-special,early,0,1,1,eligible,29555,9675,44614,41597,51020
original-special,early,0,1,1,mixed,29495,9675,43119,30718,64362
original-special,early,0,1,4,eligible,69032,9675,92145,60014,98352
original-special,early,0,1,4,mixed,59336,9675,82988,68055,103258
original-special,early,0,16,1,eligible,72219,17196,102399,60875,115963
original-special,early,0,16,1,mixed,72159,17196,106034,79472,111827
original-special,early,0,16,4,eligible,203928,17212,312925,300469,1358388
original-special,early,0,16,4,mixed,161566,17407,232019,225082,338107
original-special,early,3,0,1,eligible,67636,28093,85177,59655,128978
original-special,early,3,0,1,mixed,67104,28093,85489,49062,100056
original-special,early,3,0,4,eligible,214768,28093,271164,233318,316835
original-special,early,3,0,4,mixed,202212,28093,214990,125793,218429
original-special,early,3,1,1,eligible,74566,29232,99247,97399,117386
original-special,early,3,1,1,mixed,74506,29232,97504,61548,99864
original-special,early,3,1,4,eligible,239632,29232,287710,170827,333847
original-special,early,3,1,4,mixed,202356,29232,233648,184640,248231
original-special,early,3,16,1,eligible,195516,49637,276429,269780,368268
original-special,early,3,16,1,mixed,195456,49637,317007,283862,374629
original-special,early,3,16,4,eligible,681624,49637,959008,641882,990210
original-special,early,3,16,4,mixed,500880,49637,655451,386858,798912
original-contextual,common,0,0,1,eligible,20494,7141,18010,12625,21536
original-contextual,common,0,0,1,mixed,21549,7141,21351,19100,30231
original-contextual,common,0,0,4,eligible,61624,7141,39903,26021,45294
original-contextual,common,0,0,4,mixed,54669,7141,44135,24680,51166
original-contextual,common,0,1,1,eligible,25100,7347,21702,21165,25463
original-contextual,common,0,1,1,mixed,26155,7347,22678,16008,25033
original-contextual,common,0,1,4,eligible,77618,7347,57328,55246,75124
original-contextual,common,0,1,4,mixed,56873,7347,49144,46203,58408
original-contextual,common,0,16,1,eligible,158622,17355,99304,77922,128146
original-contextual,common,0,16,1,mixed,159485,17355,99900,66087,108517
original-contextual,common,0,16,4,eligible,593736,17355,269459,195248,318461
original-contextual,common,0,16,4,mixed,333751,17355,201369,133954,228424
original-contextual,common,3,0,1,eligible,105088,29005,75861,45127,78123
original-contextual,common,3,0,1,mixed,108309,29005,76970,74045,86565
original-contextual,common,3,0,4,eligible,394522,29005,257219,253200,261625
original-contextual,common,3,0,4,mixed,338299,29005,247181,244161,267340
original-contextual,common,3,1,1,eligible,132900,29211,88110,85802,112702
original-contextual,common,3,1,1,mixed,136121,29211,71579,55262,213169
original-contextual,common,3,1,4,eligible,504492,29211,309046,290754,376170
original-contextual,common,3,1,4,mixed,345629,29211,244332,148300,431885
original-contextual,common,3,16,1,eligible,1127168,71132,536523,355634,583173
original-contextual,common,3,16,1,mixed,1129429,71132,363211,355443,570426
original-contextual,common,3,16,4,eligible,4456874,72476,2145033,1362647,2442494
original-contextual,common,3,16,4,mixed,2381595,71132,1255864,791987,1275149
original-contextual,independent,0,0,1,eligible,20350,7045,19320,18952,31851
original-contextual,independent,0,0,1,mixed,21357,7045,19759,11088,25486
original-contextual,independent,0,0,4,eligible,61336,7045,44627,25609,46193
original-contextual,independent,0,0,4,mixed,54333,7045,44972,44739,47106
original-contextual,independent,0,1,1,eligible,24956,7251,14166,13289,29049
original-contextual,independent,0,1,1,mixed,25963,7251,25322,24439,25845
original-contextual,independent,0,1,4,eligible,77330,7251,56589,31584,57398
original-contextual,independent,0,1,4,mixed,56537,7251,46854,28433,51214
original-contextual,independent,0,16,1,eligible,158478,17259,99206,98428,108250
original-contextual,independent,0,16,1,mixed,159293,17259,106974,64493,109285
original-contextual,independent,0,16,4,eligible,593448,17259,307543,235462,345254
original-contextual,independent,0,16,4,mixed,333415,17259,208328,148235,234624
original-contextual,independent,3,0,1,eligible,163109,38399,114007,112389,120228
original-contextual,independent,3,0,1,mixed,172819,38399,122555,77544,141266
original-contextual,independent,3,0,4,eligible,612011,38399,390671,247928,415593
original-contextual,independent,3,0,4,mixed,427483,38399,360194,202212,410903
original-contextual,independent,3,1,1,eligible,200809,41347,128928,85552,230194
original-contextual,independent,3,1,1,mixed,210519,41347,142727,85078,199717
original-contextual,independent,3,1,4,eligible,762253,41347,484453,378144,508425
original-contextual,independent,3,1,4,mixed,499575,41347,227875,227437,308087
original-contextual,independent,3,16,1,eligible,1459461,84321,752997,497766,920015
original-contextual,independent,3,16,1,mixed,1466867,84321,487116,478119,768739
original-contextual,independent,3,16,4,eligible,5779563,85665,2243093,1869958,2705841
original-contextual,independent,3,16,4,mixed,3063061,84321,1265754,1065385,1770488
original-contextual,early,0,0,1,eligible,20494,7141,12429,10894,17045
original-contextual,early,0,0,1,mixed,21549,7141,19356,18739,21983
original-contextual,early,0,0,4,eligible,61624,7141,44441,26472,48031
original-contextual,early,0,0,4,mixed,54669,7141,42911,24778,44460
original-contextual,early,0,1,1,eligible,25100,7347,22122,13168,24032
original-contextual,early,0,1,1,mixed,26155,7347,23287,13643,25497
original-contextual,early,0,1,4,eligible,77618,7347,56609,55430,71556
original-contextual,early,0,1,4,mixed,56873,7347,69014,26913,129150
original-contextual,early,0,16,1,eligible,158622,17355,103807,76212,131210
original-contextual,early,0,16,1,mixed,159485,17355,99592,65889,126764
original-contextual,early,0,16,4,eligible,593736,17355,310869,198096,328512
original-contextual,early,0,16,4,mixed,333751,17355,203660,199010,212736
original-contextual,early,3,0,1,eligible,62594,18219,46368,31819,50043
original-contextual,early,3,0,1,mixed,65814,18219,48952,34254,76497
original-contextual,early,3,0,4,eligible,224549,18219,141634,87040,149812
original-contextual,early,3,0,4,mixed,195565,18219,143107,100019,237661
original-contextual,early,3,1,1,eligible,76926,18425,57711,42074,83160
original-contextual,early,3,1,1,mixed,80146,18425,63377,59685,67027
original-contextual,early,3,1,4,eligible,280599,18425,175079,107292,290365
original-contextual,early,3,1,4,mixed,198759,18425,139022,94949,182165
original-contextual,early,3,16,1,eligible,579778,41698,270305,197901,405928
original-contextual,early,3,16,1,mixed,582038,41698,314452,196631,317812
original-contextual,early,3,16,4,eligible,2271157,42274,1152955,731492,1213952
original-contextual,early,3,16,4,mixed,1229093,41698,677284,423878,721269
original-demand,common,0,0,1,eligible,21678,6861,19521,10731,23507
original-demand,common,0,0,1,mixed,24349,6861,19318,11712,24046
original-demand,common,0,0,4,eligible,68352,6861,32374,26492,70011
original-demand,common,0,0,4,mixed,64213,6861,45162,31260,54008
original-demand,common,0,1,1,eligible,26860,7285,23848,15710,26331
original-demand,common,0,1,1,mixed,29531,7285,24240,17350,34388
original-demand,common,0,1,4,eligible,86650,7285,60570,60079,68874
original-demand,common,0,1,4,mixed,67329,7285,51403,49610,59071
original-demand,common,0,16,1,eligible,97870,11683,58995,38975,94130
original-demand,common,0,16,1,mixed,100349,11683,62266,38877,67001
original-demand,common,0,16,4,eligible,352720,11683,199312,194139,206378
original-demand,common,0,16,4,mixed,219183,12255,134383,85981,143248
original-demand,common,3,0,1,eligible,104384,28933,71541,50387,75667
original-demand,common,3,0,1,mixed,109221,28933,73261,45691,79301
original-demand,common,3,0,4,eligible,393698,28933,256344,245047,427128
original-demand,common,3,0,4,mixed,364243,28933,239462,173370,277491
original-demand,common,3,1,1,eligible,136804,29139,82649,52759,93107
original-demand,common,3,1,1,mixed,141641,29139,88779,53206,89914
original-demand,common,3,1,4,eligible,522100,29139,289676,204517,487268
original-demand,common,3,1,4,mixed,378101,29139,169402,144869,301108
original-demand,common,3,16,1,eligible,630976,36076,219546,170635,293713
original-demand,common,3,16,1,mixed,634853,36076,278303,208792,305123
original-demand,common,3,16,4,eligible,2474098,36076,795234,668843,1111767
original-demand,common,3,16,4,mixed,1413875,36076,482625,451574,719002
original-demand,independent,0,0,1,eligible,21534,6765,18106,10599,24557
original-demand,independent,0,0,1,mixed,24157,6765,19392,14525,19712
original-demand,independent,0,0,4,eligible,68064,6765,49997,46348,58953
original-demand,independent,0,0,4,mixed,63877,6765,49842,25505,57256
original-demand,independent,0,1,1,eligible,26716,7189,23617,13358,26371
original-demand,independent,0,1,1,mixed,29339,7189,24291,17244,25077
original-demand,independent,0,1,4,eligible,86362,7189,58351,55394,81388
original-demand,independent,0,1,4,mixed,66993,7189,47774,28009,50217
original-demand,independent,0,16,1,eligible,97726,11587,60053,58470,67520
original-demand,independent,0,16,1,mixed,100157,11587,61315,38428,79394
original-demand,independent,0,16,4,eligible,352432,11587,208439,193135,245539
original-demand,independent,0,16,4,mixed,218847,12159,142168,138138,158123
original-demand,independent,3,0,1,eligible,161541,34175,65773,60222,95881
original-demand,independent,3,0,1,mixed,172867,34175,103149,74567,105769
original-demand,independent,3,0,4,eligible,607731,34175,259024,224581,365220
original-demand,independent,3,0,4,mixed,449347,34175,316061,313319,344603
original-demand,independent,3,1,1,eligible,193481,34307,117809,73480,189711
original-demand,independent,3,1,1,mixed,204807,34307,126445,93582,142456
original-demand,independent,3,1,4,eligible,734933,34307,421072,272337,493529
original-demand,independent,3,1,4,mixed,509583,34307,339249,210922,350167
original-demand,independent,3,16,1,eligible,690917,42353,318600,205532,334229
original-demand,independent,3,16,1,mixed,699939,42353,332674,215039,410792
original-demand,independent,3,16,4,eligible,2707379,42353,912351,866847,1280976
original-demand,independent,3,16,4,mixed,1550637,42353,833843,530453,1086323
original-demand,early,0,0,1,eligible,21678,6861,18354,18034,19099
original-demand,early,0,0,1,mixed,24349,6861,19683,14440,24262
original-demand,early,0,0,4,eligible,68352,6861,46272,31032,48136
original-demand,early,0,0,4,mixed,64213,6861,44352,26765,46084
original-demand,early,0,1,1,eligible,26860,7285,23596,23078,23931
original-demand,early,0,1,1,mixed,29531,7285,25627,24957,33559
original-demand,early,0,1,4,eligible,86650,7285,61354,34702,69767
original-demand,early,0,1,4,mixed,67329,7285,50564,49543,51746
original-demand,early,0,16,1,eligible,97870,11683,63076,37827,80726
original-demand,early,0,16,1,mixed,100349,11683,61810,45395,90126
original-demand,early,0,16,4,eligible,352720,11683,197316,122826,212008
original-demand,early,0,16,4,mixed,219183,12255,137651,134611,146073
original-demand,early,3,0,1,eligible,62242,18147,47420,28869,48162
original-demand,early,3,0,1,mixed,67078,18147,43725,31197,52860
original-demand,early,3,0,4,eligible,225133,18147,147254,139571,155804
original-demand,early,3,0,4,mixed,210629,18147,142491,104485,152533
original-demand,early,3,1,1,eligible,78878,18353,56936,55838,64181
original-demand,early,3,1,1,mixed,83714,18353,59266,47561,68363
original-demand,early,3,1,4,eligible,290399,18353,173247,107500,262474
original-demand,early,3,1,4,mixed,217087,18353,141144,85570,142397
original-demand,early,3,16,1,eligible,331682,23474,169959,125270,178420
original-demand,early,3,16,1,mixed,335558,23474,166609,164210,170623
original-demand,early,3,16,4,eligible,1280765,23474,598593,439085,610740
original-demand,early,3,16,4,mixed,747325,23474,428517,286311,453154
original-shared,common,0,0,1,eligible,20518,7085,17709,10393,21091
original-shared,common,0,0,1,mixed,21573,7085,18876,11216,23337
original-shared,common,0,0,4,eligible,61720,7085,47899,33039,50612
original-shared,common,0,0,4,mixed,54765,7085,45260,33391,57072
original-shared,common,0,1,1,eligible,25124,7291,22239,18984,24657
original-shared,common,0,1,1,mixed,26179,7291,25742,13968,27077
original-shared,common,0,1,4,eligible,77714,7291,56598,32396,90495
original-shared,common,0,1,4,mixed,56921,7291,49684,29351,54373
original-shared,common,0,16,1,eligible,158646,17275,97241,61443,129487
original-shared,common,0,16,1,mixed,159509,17275,96848,66756,120335
original-shared,common,0,16,4,eligible,593832,17275,312223,202731,341256
original-shared,common,0,16,4,mixed,333799,17275,201662,129422,263582
original-shared,common,3,0,1,eligible,115210,35063,86574,69075,104860
original-shared,common,3,0,1,mixed,118431,35063,97010,88606,107772
original-shared,common,3,0,4,eligible,437914,35063,320056,196619,393593
original-shared,common,3,0,4,mixed,381691,35063,198522,192884,315890
original-shared,common,3,1,1,eligible,144866,34805,106827,101681,127165
original-shared,common,3,1,1,mixed,148087,34805,110302,81425,115847
original-shared,common,3,1,4,eligible,557724,34805,383776,234566,480746
original-shared,common,3,1,4,mixed,378349,34805,311338,302713,319612
original-shared,common,3,16,1,eligible,1140654,71686,588522,459188,845627
original-shared,common,3,16,1,mixed,1142915,71686,662256,495827,766457
original-shared,common,3,16,4,eligible,4505978,72638,2273483,1521669,2662018
original-shared,common,3,16,4,mixed,2414971,71686,1007138,861569,1544869
original-shared,independent,0,0,1,eligible,20374,6989,18425,13149,25742
original-shared,independent,0,0,1,mixed,21381,6989,19453,18789,23453
original-shared,independent,0,0,4,eligible,61432,6989,45143,26676,54474
original-shared,independent,0,0,4,mixed,54429,6989,44321,31674,51469
original-shared,independent,0,1,1,eligible,24980,7195,14368,13826,22940
original-shared,independent,0,1,1,mixed,25987,7195,25325,24811,26915
original-shared,independent,0,1,4,eligible,77426,7195,55472,32430,55879
original-shared,independent,0,1,4,mixed,56585,7195,48485,47697,55478
original-shared,independent,0,16,1,eligible,158502,17179,102477,97114,176519
original-shared,independent,0,16,1,mixed,159317,17179,93694,73261,104768
original-shared,independent,0,16,4,eligible,593544,17179,322200,212931,394916
original-shared,independent,0,16,4,mixed,333463,17179,199015,123983,225659
original-shared,independent,3,0,1,eligible,173679,39197,125592,97988,127884
original-shared,independent,3,0,1,mixed,183389,39197,140103,139509,149693
original-shared,independent,3,0,4,eligible,657195,39197,377130,296725,464006
original-shared,independent,3,0,4,mixed,461585,39197,368466,232464,443145
original-shared,independent,3,1,1,eligible,212607,42013,143153,82888,155411
original-shared,independent,3,1,1,mixed,222317,42013,141097,138936,166582
original-shared,independent,3,1,4,eligible,814813,42013,340662,338914,542438
original-shared,independent,3,1,4,mixed,531847,42013,423816,251798,466734
original-shared,independent,3,16,1,eligible,1472835,84875,775859,711252,818549
original-shared,independent,3,16,1,mixed,1480241,84875,718139,514993,1096881
original-shared,independent,3,16,4,eligible,5828219,85827,2024966,1868069,3035610
original-shared,independent,3,16,4,mixed,3096325,84875,1424943,1158380,2947330
original-shared,early,0,0,1,eligible,20518,7085,17752,10561,23704
original-shared,early,0,0,1,mixed,21573,7085,20715,18684,25733
original-shared,early,0,0,4,eligible,61720,7085,46512,30715,52386
original-shared,early,0,0,4,mixed,54765,7085,47343,29288,65848
original-shared,early,0,1,1,eligible,25124,7291,21867,13378,24428
original-shared,early,0,1,1,mixed,26179,7291,24483,23314,29663
original-shared,early,0,1,4,eligible,77714,7291,57464,42687,61308
original-shared,early,0,1,4,mixed,56921,7291,49084,29544,49628
original-shared,early,0,16,1,eligible,158646,17275,76517,72501,119892
original-shared,early,0,16,1,mixed,159509,17275,98862,64133,100957
original-shared,early,0,16,4,eligible,593832,17275,320166,210122,374885
original-shared,early,0,16,4,mixed,333799,17275,204200,125181,384260
original-shared,early,3,0,1,eligible,67363,20888,56532,54794,69482
original-shared,early,3,0,1,mixed,70583,20888,57284,40277,57961
original-shared,early,3,0,4,eligible,245077,20888,174115,136504,176238
original-shared,early,3,0,4,mixed,216093,20888,175268,167096,246680
original-shared,early,3,1,1,eligible,82365,20750,63972,40104,71450
original-shared,early,3,1,1,mixed,85585,20750,66458,65385,72171
original-shared,early,3,1,4,eligible,305039,20750,208209,128175,212761
original-shared,early,3,1,4,mixed,213199,20750,164388,154378,167473
original-shared,early,3,16,1,eligible,586229,41743,314217,200769,492124
original-shared,early,3,16,1,mixed,588489,41743,356521,237309,1139447
original-shared,early,3,16,4,eligible,2294541,42123,1153878,777640,1491209
original-shared,early,3,16,4,mixed,1244813,41743,580509,463219,725244
original-conditional,common,0,0,1,eligible,55207,11907,66137,41756,92358
original-conditional,common,0,0,1,mixed,53925,11907,66015,64818,79187
original-conditional,common,0,0,4,eligible,190561,11907,206239,117408,284298
original-conditional,common,0,0,4,mixed,161645,11907,177404,96286,179219
original-conditional,common,0,1,1,eligible,68170,12237,87911,61115,231294
original-conditional,common,0,1,1,mixed,66888,12237,88357,47225,94750
original-conditional,common,0,1,4,eligible,239773,12237,279315,264782,319544
original-conditional,common,0,1,4,mixed,170705,12237,196261,109371,204286
original-conditional,common,0,16,1,eligible,596890,48130,648114,368885,695026
original-conditional,common,0,16,1,mixed,595608,48130,667690,651973,794404
original-conditional,common,0,16,4,eligible,2306413,48130,1610025,1389630,2815474
original-conditional,common,0,16,4,mixed,1269629,48130,1379710,801167,1417727
original-conditional,common,3,0,1,eligible,117995,20656,165602,97609,214430
original-conditional,common,3,0,1,mixed,116713,20656,127615,115158,194622
original-conditional,common,3,0,4,eligible,434147,20656,549226,386775,585623
original-conditional,common,3,0,4,mixed,405091,20656,515549,302023,521641
original-conditional,common,3,1,1,eligible,130574,20986,182622,108287,185584
original-conditional,common,3,1,1,mixed,129292,20986,196266,108593,279065
original-conditional,common,3,1,4,eligible,482975,20986,608522,378327,659048
original-conditional,common,3,1,4,mixed,413383,20986,534556,406863,651295
original-conditional,common,3,16,1,eligible,658526,54964,551388,471420,760510
original-conditional,common,3,16,1,mixed,657244,54964,790805,525925,1072445
original-conditional,common,3,16,4,eligible,2546543,54964,1913218,1781244,2302955
original-conditional,common,3,16,4,mixed,1644013,54964,1209498,1143325,1316773
original-conditional,independent,0,0,1,eligible,54671,11811,67800,43938,194638
original-conditional,independent,0,0,1,mixed,53389,11811,69776,49053,75773
original-conditional,independent,0,0,4,eligible,188705,11811,206009,197340,264572
original-conditional,independent,0,0,4,mixed,159789,11811,176560,98614,230999
original-conditional,independent,0,1,1,eligible,67634,12141,88310,57200,93477
original-conditional,independent,0,1,1,mixed,66352,12141,82895,63712,124515
original-conditional,independent,0,1,4,eligible,237917,12141,172032,145668,291280
original-conditional,independent,0,1,4,mixed,168849,12141,194360,110103,195388
original-conditional,independent,0,16,1,eligible,596354,48034,561856,393783,685313
original-conditional,independent,0,16,1,mixed,595072,48034,682347,412921,696284
original-conditional,independent,0,16,4,eligible,2304557,48034,1481707,1407142,2540430
original-conditional,independent,0,16,4,mixed,1267773,48034,1387062,897503,1471715
original-conditional,independent,3,0,1,eligible,631202,49443,893742,567978,910887
original-conditional,independent,3,0,1,mixed,629920,49443,571329,547793,796613
original-conditional,independent,3,0,4,eligible,2468552,49443,2130123,2081844,2748362
original-conditional,independent,3,0,4,mixed,1701622,49443,1461729,1380908,1724581
original-conditional,independent,3,1,1,eligible,775923,55366,755890,661048,1107096
original-conditional,independent,3,1,1,mixed,774641,55366,1095815,630479,1122755
original-conditional,independent,3,1,4,eligible,3046764,55366,2830790,2441431,3530491
original-conditional,independent,3,1,4,mixed,1964940,55366,2361240,1622420,3051843
original-conditional,independent,3,16,1,eligible,5524298,323486,4333898,4093940,5203998
original-conditional,independent,3,16,1,mixed,5523016,323486,4368183,3840370,7194666
original-conditional,independent,3,16,4,eligible,21994808,323486,20113356,17249861,23897065
original-conditional,independent,3,16,4,mixed,11621264,323486,10042366,8901976,10565098
original-conditional,early,0,0,1,eligible,55207,11907,49003,38844,73235
original-conditional,early,0,0,1,mixed,53925,11907,70610,47491,85302
original-conditional,early,0,0,4,eligible,190561,11907,208700,110894,268024
original-conditional,early,0,0,4,mixed,161645,11907,178322,102266,187690
original-conditional,early,0,1,1,eligible,68170,12237,82429,68770,90867
original-conditional,early,0,1,1,mixed,66888,12237,82562,81191,86771
original-conditional,early,0,1,4,eligible,239773,12237,268275,145481,271195
original-conditional,early,0,1,4,mixed,170705,12237,196830,194904,211140
original-conditional,early,0,16,1,eligible,596890,48130,646328,407728,980053
original-conditional,early,0,16,1,mixed,595608,48130,669017,503463,768879
original-conditional,early,0,16,4,eligible,2306413,48130,1492855,1414852,1908808
original-conditional,early,0,16,4,mixed,1269629,48130,798753,763901,1414710
original-conditional,early,3,0,1,eligible,107732,17995,88888,82456,141584
original-conditional,early,3,0,1,mixed,106450,17995,97366,92137,142014
original-conditional,early,3,0,4,eligible,393098,17995,472556,332389,485734
original-conditional,early,3,0,4,mixed,364122,17995,281997,262488,449632
original-conditional,early,3,1,1,eligible,121935,18325,116061,92813,158800
original-conditional,early,3,1,1,mixed,120653,18325,163191,155582,173816
original-conditional,early,3,1,4,eligible,448422,18325,335690,310505,536183
original-conditional,early,3,1,4,mixed,373102,18325,454190,260861,463694
original-conditional,early,3,16,1,eligible,746247,52303,544370,501480,960995
original-conditional,early,3,16,1,mixed,744965,52303,826293,487087,926388
original-conditional,early,3,16,4,eligible,2897430,52303,1938896,1933241,2157109
original-conditional,early,3,16,4,mixed,1719436,52303,1230135,1157680,2068982
counted-scan,common,0,0,1,eligible,28315,9893,38886,21900,42409
counted-scan,common,0,0,1,mixed,26728,9893,39890,38842,64644
counted-scan,common,0,0,4,eligible,65890,9893,85950,60552,104435
counted-scan,common,0,0,4,mixed,58101,9893,84539,83798,88208
counted-scan,common,0,1,1,eligible,29313,10138,43154,42770,43640
counted-scan,common,0,1,1,mixed,28655,10138,42841,26141,51206
counted-scan,common,0,1,4,eligible,68385,10138,97811,53215,101966
counted-scan,common,0,1,4,mixed,59839,10138,83997,55262,110477
counted-scan,common,0,16,1,eligible,36891,12277,54337,52477,212686
counted-scan,common,0,16,1,mixed,43752,14116,64428,48210,96029
counted-scan,common,0,16,4,eligible,87330,12277,129812,86296,152803
counted-scan,common,0,16,4,mixed,106995,17941,155074,87913,209274
counted-scan,common,3,0,1,eligible,110406,51633,130328,129842,139602
counted-scan,common,3,0,1,mixed,108573,51633,128333,80665,140846
counted-scan,common,3,0,4,eligible,382170,51633,375654,263619,423599
counted-scan,common,3,0,4,mixed,357375,51633,260314,211843,488790
counted-scan,common,3,1,1,eligible,111404,51878,147896,92199,165421
counted-scan,common,3,1,1,mixed,110500,51878,136342,86538,138542
counted-scan,common,3,1,4,eligible,384665,51878,418080,246335,426530
counted-scan,common,3,1,4,mixed,336703,51878,203753,195340,352650
counted-scan,common,3,16,1,eligible,118982,54017,97168,85797,161331
counted-scan,common,3,16,1,mixed,125597,54017,149879,91631,194729
counted-scan,common,3,16,4,eligible,403610,54017,267556,252825,319625
counted-scan,common,3,16,4,mixed,459251,82469,387545,282970,501376
counted-scan,independent,0,0,1,eligible,27875,9797,37885,23128,40773
counted-scan,independent,0,0,1,mixed,26288,9797,38043,22096,39771
counted-scan,independent,0,0,4,eligible,65330,9797,97383,58154,99686
counted-scan,independent,0,0,4,mixed,57541,9797,82801,48402,94633
counted-scan,independent,0,1,1,eligible,28873,10042,28808,24046,47323
counted-scan,independent,0,1,1,mixed,28215,10042,45788,42531,50898
counted-scan,independent,0,1,4,eligible,67825,10042,90502,53973,102200
counted-scan,independent,0,1,4,mixed,59279,10042,90789,48503,94137
counted-scan,independent,0,16,1,eligible,36451,12181,54362,40251,55778
counted-scan,independent,0,16,1,mixed,43312,14020,64177,62956,70861
counted-scan,independent,0,16,4,eligible,86770,12181,119302,82204,133025
counted-scan,independent,0,16,4,mixed,106435,17845,142540,89957,371610
counted-scan,independent,3,0,1,eligible,151031,61276,192763,113634,247109
counted-scan,independent,3,0,1,mixed,149502,61276,191961,119148,278654
counted-scan,independent,3,0,4,eligible,497459,61276,615588,398020,696468
counted-scan,independent,3,0,4,mixed,419026,61276,475179,270604,535475
counted-scan,independent,3,1,1,eligible,151549,61425,191167,151374,209599
counted-scan,independent,3,1,1,mixed,150477,61425,146361,119449,191307
counted-scan,independent,3,1,4,eligible,498754,61425,613243,422896,739799
counted-scan,independent,3,1,4,mixed,420820,61425,483491,273201,543808
counted-scan,independent,3,16,1,eligible,159319,63660,211153,124127,221132
counted-scan,independent,3,16,1,mixed,165446,63660,275160,173101,346354
counted-scan,independent,3,16,4,eligible,518179,63660,512945,373889,604095
counted-scan,independent,3,16,4,mixed,542040,93398,632363,406908,763381
counted-scan,early,0,0,1,eligible,28315,9893,39725,37746,51916
counted-scan,early,0,0,1,mixed,26728,9893,39004,25382,41980
counted-scan,early,0,0,4,eligible,65890,9893,92752,52313,104761
counted-scan,early,0,0,4,mixed,58101,9893,85160,59625,116128
counted-scan,early,0,1,1,eligible,29313,10138,52267,43072,60866
counted-scan,early,0,1,1,mixed,28655,10138,44464,43794,70081
counted-scan,early,0,1,4,eligible,68385,10138,105556,53867,160634
counted-scan,early,0,1,4,mixed,59839,10138,83349,51969,86154
counted-scan,early,0,16,1,eligible,36891,12277,55713,33952,63489
counted-scan,early,0,16,1,mixed,43752,14116,62949,61787,72786
counted-scan,early,0,16,4,eligible,87330,12277,130145,107732,132804
counted-scan,early,0,16,4,mixed,106995,17941,149902,143604,191523
counted-scan,early,3,0,1,eligible,70648,28848,93494,90577,130430
counted-scan,early,3,0,1,mixed,68815,28848,95428,91353,113117
counted-scan,early,3,0,4,eligible,223456,28848,251298,151841,255938
counted-scan,early,3,0,4,mixed,207733,28848,166621,134922,259696
counted-scan,early,3,1,1,eligible,71646,29093,92693,54680,243253
counted-scan,early,3,1,1,mixed,70742,29093,93622,73253,140563
counted-scan,early,3,1,4,eligible,225951,29093,254486,166054,265218
counted-scan,early,3,1,4,mixed,199875,29093,221566,129781,252225
counted-scan,early,3,16,1,eligible,79224,31232,102374,102335,127351
counted-scan,early,3,16,1,mixed,85839,31232,111053,65358,117375
counted-scan,early,3,16,4,eligible,244896,31232,288319,200888,305431
counted-scan,early,3,16,4,mixed,286753,46648,326792,196195,329547
counted-indexed,common,0,0,1,eligible,31970,11981,45981,31699,63426
counted-indexed,common,0,0,1,mixed,29647,11981,45917,25017,71142
counted-indexed,common,0,0,4,eligible,78302,11981,100111,97466,129252
counted-indexed,common,0,0,4,mixed,69681,11981,96993,61387,118065
counted-indexed,common,0,1,1,eligible,32968,12226,45555,45155,56815
counted-indexed,common,0,1,1,mixed,32310,12226,46203,31864,50044
counted-indexed,common,0,1,4,eligible,80797,12226,109289,71810,120611
counted-indexed,common,0,1,4,mixed,71833,12226,96422,62575,99277
counted-indexed,common,0,16,1,eligible,40546,14365,55485,39717,69147
counted-indexed,common,0,16,1,mixed,47407,14852,68529,42928,69570
counted-indexed,common,0,16,4,eligible,99742,14365,139168,112301,168121
counted-indexed,common,0,16,4,mixed,122317,21693,160863,112922,261674
counted-indexed,common,3,0,1,eligible,131637,65790,149302,88254,255013
counted-indexed,common,3,0,1,mixed,129068,65790,147280,94327,173455
counted-indexed,common,3,0,4,eligible,464886,65790,507967,274164,590513
counted-indexed,common,3,0,4,mixed,438811,65790,427954,252392,449411
counted-indexed,common,3,1,1,eligible,132635,66035,170565,99023,214441
counted-indexed,common,3,1,1,mixed,131731,66035,159481,99053,185221
counted-indexed,common,3,1,4,eligible,467381,66035,520189,271482,530926
counted-indexed,common,3,1,4,mixed,416299,66035,279013,226951,403996
counted-indexed,common,3,16,1,eligible,140213,68174,176743,96205,218261
counted-indexed,common,3,16,1,mixed,146828,68174,172892,131442,190404
counted-indexed,common,3,16,4,eligible,486326,68174,380633,310498,549255
counted-indexed,common,3,16,4,mixed,565471,112485,349691,338042,648255
counted-indexed,independent,0,0,1,eligible,31530,11885,44125,24619,47877
counted-indexed,independent,0,0,1,mixed,29207,11885,34804,24569,45984
counted-indexed,independent,0,0,4,eligible,77742,11885,102324,54336,115227
counted-indexed,independent,0,0,4,mixed,69121,11885,89877,55583,109185
counted-indexed,independent,0,1,1,eligible,32528,12130,51567,44807,75888
counted-indexed,independent,0,1,1,mixed,31870,12130,44902,25300,77366
counted-indexed,independent,0,1,4,eligible,80237,12130,102590,61344,107838
counted-indexed,independent,0,1,4,mixed,71273,12130,93228,55790,94722
counted-indexed,independent,0,16,1,eligible,40106,14269,55932,32369,67773
counted-indexed,independent,0,16,1,mixed,46967,14756,74370,56719,78399
counted-indexed,independent,0,16,4,eligible,99182,14269,95856,75599,236406
counted-indexed,independent,0,16,4,mixed,121757,21597,160254,92528,192415
counted-indexed,independent,3,0,1,eligible,178502,77423,135911,125891,234889
counted-indexed,independent,3,0,1,mixed,176973,77423,213049,136873,1437729
counted-indexed,independent,3,0,4,eligible,605135,77423,682877,425091,718440
counted-indexed,independent,3,0,4,mixed,511424,77423,546848,348485,567245
counted-indexed,independent,3,1,1,eligible,179020,77572,223297,131637,338674
counted-indexed,independent,3,1,1,mixed,177948,77572,221741,158245,258811
counted-indexed,independent,3,1,4,eligible,606430,77572,703518,439705,782113
counted-indexed,independent,3,1,4,mixed,512896,77572,551128,324085,736671
counted-indexed,independent,3,16,1,eligible,186790,79807,242163,143926,291944
counted-indexed,independent,3,16,1,mixed,192917,79807,155116,146477,346542
counted-indexed,independent,3,16,4,eligible,625855,79807,514178,466162,744948
counted-indexed,independent,3,16,4,mixed,672516,129302,506893,456341,758479
counted-indexed,early,0,0,1,eligible,31970,11981,46107,25172,60324
counted-indexed,early,0,0,1,mixed,29647,11981,46934,26043,59965
counted-indexed,early,0,0,4,eligible,78302,11981,105041,104640,112057
counted-indexed,early,0,0,4,mixed,69681,11981,93987,91547,227920
counted-indexed,early,0,1,1,eligible,32968,12226,35581,27046,66546
counted-indexed,early,0,1,1,mixed,32310,12226,49741,45954,67778
counted-indexed,early,0,1,4,eligible,80797,12226,70835,60644,109306
counted-indexed,early,0,1,4,mixed,71833,12226,104811,79476,108273
counted-indexed,early,0,16,1,eligible,40546,14365,55129,43003,88734
counted-indexed,early,0,16,1,mixed,47407,14852,70660,47214,107918
counted-indexed,early,0,16,4,eligible,99742,14365,96010,81292,148309
counted-indexed,early,0,16,4,mixed,122317,21693,162206,160071,200684
counted-indexed,early,3,0,1,eligible,82975,36081,111873,101767,127940
counted-indexed,early,3,0,1,mixed,80406,36081,101223,59578,111089
counted-indexed,early,3,0,4,eligible,270556,36081,289365,199605,394663
counted-indexed,early,3,0,4,mixed,252337,36081,268085,161632,282616
counted-indexed,early,3,1,1,eligible,83973,36326,103847,58651,166139
counted-indexed,early,3,1,1,mixed,83069,36326,108089,64391,118385
counted-indexed,early,3,1,4,eligible,273051,36326,298216,171158,304377
counted-indexed,early,3,1,4,mixed,245399,36326,254312,170074,275634
counted-indexed,early,3,16,1,eligible,91551,38465,114787,71266,130270
counted-indexed,early,3,16,1,mixed,98166,38465,119578,73212,142528
counted-indexed,early,3,16,4,eligible,291996,38465,330487,215919,408348
counted-indexed,early,3,16,4,mixed,348917,61656,267190,251889,468115
counted-special,common,0,0,1,eligible,30579,10283,44462,26700,51342
counted-special,common,0,0,1,mixed,28992,10283,45862,40637,49619
counted-special,common,0,0,4,eligible,67194,10283,89424,52028,93310
counted-special,common,0,0,4,mixed,59405,10283,100045,79436,116945
counted-special,common,0,1,1,eligible,31577,10528,46619,29064,444798
counted-special,common,0,1,1,mixed,30919,10528,50128,46345,65055
counted-special,common,0,1,4,eligible,69689,10528,79880,51889,115536
counted-special,common,0,1,4,mixed,60407,10528,85708,59883,99303
counted-special,common,0,16,1,eligible,39155,12667,55621,32177,73008
counted-special,common,0,16,1,mixed,46016,14514,73590,65541,88949
counted-special,common,0,16,4,eligible,88634,12667,130237,78718,162023
counted-special,common,0,16,4,mixed,107563,17963,170454,87123,177974
counted-special,common,3,0,1,eligible,112614,52191,142662,124245,263235
counted-special,common,3,0,1,mixed,110781,52191,158576,83975,280529
counted-special,common,3,0,4,eligible,381906,52191,409842,246130,433955
counted-special,common,3,0,4,mixed,357111,52191,382035,220593,393347
counted-special,common,3,1,1,eligible,113612,52436,148040,85339,240495
counted-special,common,3,1,1,mixed,112708,52436,139199,92772,188317
counted-special,common,3,1,4,eligible,384401,52436,244152,238108,382185
counted-special,common,3,1,4,mixed,330551,52436,351980,341977,452848
counted-special,common,3,16,1,eligible,121190,54575,127953,100655,195763
counted-special,common,3,16,1,mixed,127805,54575,159167,88630,166526
counted-special,common,3,16,4,eligible,403346,54575,398291,256309,542362
counted-special,common,3,16,4,mixed,453099,80083,431094,279826,481542
counted-special,independent,0,0,1,eligible,30139,10187,41616,23123,42409
counted-special,independent,0,0,1,mixed,28552,10187,41366,26199,49022
counted-special,independent,0,0,4,eligible,66634,10187,88484,49644,105244
counted-special,independent,0,0,4,mixed,58845,10187,88840,60306,109740
counted-special,independent,0,1,1,eligible,31137,10432,45808,27438,46752
counted-special,independent,0,1,1,mixed,30479,10432,46076,27610,50747
counted-special,independent,0,1,4,eligible,69129,10432,93936,55285,102780
counted-special,independent,0,1,4,mixed,59847,10432,50835,48851,96175
counted-special,independent,0,16,1,eligible,38715,12571,54932,35244,100805
counted-special,independent,0,16,1,mixed,45576,14418,44268,40308,81161
counted-special,independent,0,16,4,eligible,88074,12571,78356,77631,141091
counted-special,independent,0,16,4,mixed,107003,17867,148177,108789,150590
counted-special,independent,3,0,1,eligible,153239,61834,215707,112190,305257
counted-special,independent,3,0,1,mixed,151710,61834,200648,124040,221625
counted-special,independent,3,0,4,eligible,497195,61834,614584,405152,657057
counted-special,independent,3,0,4,mixed,413610,61834,478033,293254,480474
counted-special,independent,3,1,1,eligible,153757,61983,188916,129630,193318
counted-special,independent,3,1,1,mixed,152685,61983,199670,189421,229988
counted-special,independent,3,1,4,eligible,498490,61983,599307,354259,616344
counted-special,independent,3,1,4,mixed,414668,61983,477785,290044,530962
counted-special,independent,3,16,1,eligible,161527,64218,134050,125928,188476
counted-special,independent,3,16,1,mixed,167654,64218,219507,128619,253089
counted-special,independent,3,16,4,eligible,517915,64218,389828,370112,641508
counted-special,independent,3,16,4,mixed,535888,91012,420368,380034,642249
counted-special,early,0,0,1,eligible,30579,10283,45838,43536,51970
counted-special,early,0,0,1,mixed,28992,10283,43718,24143,78077
counted-special,early,0,0,4,eligible,67194,10283,60073,48543,91719
counted-special,early,0,0,4,mixed,59405,10283,83155,46371,103642
counted-special,early,0,1,1,eligible,31577,10528,47234,45937,51598
counted-special,early,0,1,1,mixed,30919,10528,45853,45417,58587
counted-special,early,0,1,4,eligible,69689,10528,95451,94024,112249
counted-special,early,0,1,4,mixed,60407,10528,55363,46530,90014
counted-special,early,0,16,1,eligible,39155,12667,54725,35309,66088
counted-special,early,0,16,1,mixed,46016,14514,44385,37965,79697
counted-special,early,0,16,4,eligible,88634,12667,134840,131861,190321
counted-special,early,0,16,4,mixed,107563,17963,100413,86576,157860
counted-special,early,3,0,1,eligible,73136,29438,102221,98834,113667
counted-special,early,3,0,1,mixed,71303,29438,114381,94384,135517
counted-special,early,3,0,4,eligible,224312,29438,258934,158508,280065
counted-special,early,3,0,4,mixed,207853,29438,239909,134741,291362
counted-special,early,3,1,1,eligible,74134,29683,93881,66392,97399
counted-special,early,3,1,1,mixed,73230,29683,95773,55155,102335
counted-special,early,3,1,4,eligible,226807,29683,262389,260220,266263
counted-special,early,3,1,4,mixed,197051,29683,228996,218546,243165
counted-special,early,3,16,1,eligible,81712,31822,103901,83903,135830
counted-special,early,3,16,1,mixed,88327,31822,112178,82882,117022
counted-special,early,3,16,4,eligible,245752,31822,301663,173877,354824
counted-special,early,3,16,4,mixed,283929,45766,196338,188700,359044
counted-contextual,common,0,0,1,eligible,24526,8096,23636,13160,25553
counted-contextual,common,0,0,1,mixed,24526,8096,27135,14125,34182
counted-contextual,common,0,0,4,eligible,68962,8096,55319,53926,63590
counted-contextual,common,0,0,4,mixed,58842,8096,49758,27827,53335
counted-contextual,common,0,1,1,eligible,25524,8341,26279,15963,30035
counted-contextual,common,0,1,1,mixed,25839,8341,26687,26483,29374
counted-contextual,common,0,1,4,eligible,71457,8341,60101,58829,67297
counted-contextual,common,0,1,4,mixed,54464,8341,33544,31518,64302
counted-contextual,common,0,16,1,eligible,33102,10480,37152,21284,52654
counted-contextual,common,0,16,1,mixed,35166,10825,41193,40702,47969
counted-contextual,common,0,16,4,eligible,90402,10480,83878,48919,85042
counted-contextual,common,0,16,4,mixed,83396,12883,106075,66473,122346
counted-contextual,common,3,0,1,eligible,110692,30350,81331,58224,90710
counted-contextual,common,3,0,1,mixed,112612,30350,82969,63423,89051
counted-contextual,common,3,0,4,eligible,404170,30350,224146,159356,272733
counted-contextual,common,3,0,4,mixed,344044,30350,260973,249920,271425
counted-contextual,common,3,1,1,eligible,111690,30595,97485,49713,106202
counted-contextual,common,3,1,1,mixed,113541,30595,84028,50661,85865
counted-contextual,common,3,1,4,eligible,406665,30595,169619,164951,274149
counted-contextual,common,3,1,4,mixed,297612,30595,151255,138202,167301
counted-contextual,common,3,16,1,eligible,119268,32734,82625,64113,117615
counted-contextual,common,3,16,1,mixed,122100,32734,93005,63148,99716
counted-contextual,common,3,16,4,eligible,425610,32734,191442,190345,235278
counted-contextual,common,3,16,4,mixed,364140,33543,318784,211357,379080
counted-contextual,independent,0,0,1,eligible,24174,8000,24037,13628,26580
counted-contextual,independent,0,0,1,mixed,24126,8000,24452,16755,28986
counted-contextual,independent,0,0,4,eligible,68466,8000,54976,41742,59272
counted-contextual,independent,0,0,4,mixed,58298,8000,53914,36043,66342
counted-contextual,independent,0,1,1,eligible,25172,8245,29631,17336,38447
counted-contextual,independent,0,1,1,mixed,25439,8245,29204,28093,43613
counted-contextual,independent,0,1,4,eligible,70961,8245,62049,58361,80968
counted-contextual,independent,0,1,4,mixed,53920,8245,52596,52481,53188
counted-contextual,independent,0,16,1,eligible,32750,10384,24799,20119,40550
counted-contextual,independent,0,16,1,mixed,34766,10729,40681,40181,41284
counted-contextual,independent,0,16,4,eligible,89906,10384,65063,57221,93597
counted-contextual,independent,0,16,4,mixed,82852,12787,94783,92423,225967
counted-contextual,independent,3,0,1,eligible,175056,39900,114210,98853,142454
counted-contextual,independent,3,0,1,mixed,183297,39900,123103,94876,123555
counted-contextual,independent,3,0,4,eligible,628542,39900,282270,269070,433097
counted-contextual,independent,3,0,4,mixed,439607,39900,344628,215677,367528
counted-contextual,independent,3,1,1,eligible,175574,40049,126985,79172,135245
counted-contextual,independent,3,1,1,mixed,183746,40049,141999,132901,167914
counted-contextual,independent,3,1,4,eligible,629837,40049,352348,255822,452701
counted-contextual,independent,3,1,4,mixed,437201,40049,343170,226580,377800
counted-contextual,independent,3,16,1,eligible,183344,42284,149467,96773,175865
counted-contextual,independent,3,16,1,mixed,191153,42284,158079,156705,222180
counted-contextual,independent,3,16,4,eligible,649262,42284,403009,302026,472091
counted-contextual,independent,3,16,4,mixed,502865,42284,347217,296344,508677
counted-contextual,early,0,0,1,eligible,24526,8096,24328,13821,25964
counted-contextual,early,0,0,1,mixed,24526,8096,24551,16776,27137
counted-contextual,early,0,0,4,eligible,68962,8096,54945,32983,61992
counted-contextual,early,0,0,4,mixed,58842,8096,51368,50280,53780
counted-contextual,early,0,1,1,eligible,25524,8341,26034,16287,32597
counted-contextual,early,0,1,1,mixed,25839,8341,27164,19683,29392
counted-contextual,early,0,1,4,eligible,71457,8341,69691,33673,76126
counted-contextual,early,0,1,4,mixed,54464,8341,57219,31857,87823
counted-contextual,early,0,16,1,eligible,33102,10480,36390,25653,46724
counted-contextual,early,0,16,1,mixed,35166,10825,42542,35912,58391
counted-contextual,early,0,16,4,eligible,90402,10480,85564,82469,101017
counted-contextual,early,0,16,4,mixed,83396,12883,109279,78076,126884
counted-contextual,early,3,0,1,eligible,68094,19564,54558,32657,66055
counted-contextual,early,3,0,1,mixed,70013,19564,56947,55853,64665
counted-contextual,early,3,0,4,eligible,234093,19564,173699,162331,225526
counted-contextual,early,3,0,4,mixed,201206,19564,155581,108409,171121
counted-contextual,early,3,1,1,eligible,69092,19809,62083,60224,75199
counted-contextual,early,3,1,1,mixed,70942,19809,63040,44122,64903
counted-contextual,early,3,1,4,eligible,236588,19809,167133,122570,198422
counted-contextual,early,3,1,4,mixed,177598,19809,142420,83005,157709
counted-contextual,early,3,16,1,eligible,76670,21948,72483,65485,86361
counted-contextual,early,3,16,1,mixed,79501,21948,73655,43059,80861
counted-contextual,early,3,16,4,eligible,255533,21948,189213,121661,235153
counted-contextual,early,3,16,4,mixed,221326,23213,161819,138871,223105
counted-demand,common,0,0,1,eligible,25710,7816,24643,13917,25736
counted-demand,common,0,0,1,mixed,27326,7816,25864,18366,40007
counted-demand,common,0,0,4,eligible,75690,7816,67256,57646,159524
counted-demand,common,0,0,4,mixed,68386,7816,52715,34404,53917
counted-demand,common,0,1,1,eligible,26708,8061,19342,16201,38827
counted-demand,common,0,1,1,mixed,28639,8061,30232,17861,30869
counted-demand,common,0,1,4,eligible,78185,8061,77437,40444,96065
counted-demand,common,0,1,4,mixed,63768,8061,57717,33266,66652
counted-demand,common,0,16,1,eligible,34286,10200,38587,36717,43778
counted-demand,common,0,16,1,mixed,37966,11063,41232,32169,48310
counted-demand,common,0,16,4,eligible,97130,10200,102201,100749,111209
counted-demand,common,0,16,4,mixed,92700,12811,88741,87310,101227
counted-demand,common,3,0,1,eligible,109988,30278,81558,48061,98360
counted-demand,common,3,0,1,mixed,113524,30278,63121,48950,118350
counted-demand,common,3,0,4,eligible,403346,30278,249274,208318,293344
counted-demand,common,3,0,4,mixed,369988,30278,257805,153381,290754
counted-demand,common,3,1,1,eligible,110986,30523,81304,80557,83109
counted-demand,common,3,1,1,mixed,114453,30523,82562,63389,83274
counted-demand,common,3,1,4,eligible,405841,30523,192346,156379,309107
counted-demand,common,3,1,4,mixed,320868,30523,227288,225982,305852
counted-demand,common,3,16,1,eligible,118564,32662,90755,89389,95822
counted-demand,common,3,16,1,mixed,123012,32662,61763,56220,100891
counted-demand,common,3,16,4,eligible,424786,32662,298887,195860,315913
counted-demand,common,3,16,4,mixed,387396,33543,329523,253080,398743
counted-demand,independent,0,0,1,eligible,25358,7720,24594,13321,24844
counted-demand,independent,0,0,1,mixed,26926,7720,26023,25179,26796
counted-demand,independent,0,0,4,eligible,75194,7720,56769,30726,62020
counted-demand,independent,0,0,4,mixed,67842,7720,54296,29750,71600
counted-demand,independent,0,1,1,eligible,26356,7965,27490,15500,28637
counted-demand,independent,0,1,1,mixed,28239,7965,31093,18119,36064
counted-demand,independent,0,1,4,eligible,77689,7965,71077,39921,105094
counted-demand,independent,0,1,4,mixed,63224,7965,54168,31220,56634
counted-demand,independent,0,16,1,eligible,33934,10104,35009,33049,46828
counted-demand,independent,0,16,1,mixed,37566,10967,40117,27941,44888
counted-demand,independent,0,16,4,eligible,96634,10104,96322,60611,111362
counted-demand,independent,0,16,4,mixed,92156,12715,89315,87188,120474
counted-demand,independent,3,0,1,eligible,173488,35676,76018,67706,114808
counted-demand,independent,3,0,1,mixed,183345,35676,92720,73895,173347
counted-demand,independent,3,0,4,eligible,624262,35676,383004,275303,397092
counted-demand,independent,3,0,4,mixed,461471,35676,332703,285919,425617
counted-demand,independent,3,1,1,eligible,174006,35825,129011,88006,136307
counted-demand,independent,3,1,1,mixed,183794,35825,128534,92724,135348
counted-demand,independent,3,1,4,eligible,625557,35825,398398,259575,655789
counted-demand,independent,3,1,4,mixed,458729,35825,242508,210910,341828
counted-demand,independent,3,16,1,eligible,181776,38060,140063,93220,370284
counted-demand,independent,3,16,1,mixed,191201,38060,150912,147983,177986
counted-demand,independent,3,16,4,eligible,644982,38060,295171,270924,412701
counted-demand,independent,3,16,4,mixed,524393,41550,374678,280580,469286
counted-demand,early,0,0,1,eligible,25710,7816,25227,24228,36209
counted-demand,early,0,0,1,mixed,27326,7816,25545,17404,26960
counted-demand,early,0,0,4,eligible,75690,7816,59477,31778,62957
counted-demand,early,0,0,4,mixed,68386,7816,53731,28454,59546
counted-demand,early,0,1,1,eligible,26708,8061,28942,18216,40951
counted-demand,early,0,1,1,mixed,28639,8061,29962,16751,40902
counted-demand,early,0,1,4,eligible,78185,8061,73945,37593,82334
counted-demand,early,0,1,4,mixed,63768,8061,41596,36418,67154
counted-demand,early,0,16,1,eligible,34286,10200,37826,21167,42566
counted-demand,early,0,16,1,mixed,37966,11063,39971,31070,40770
counted-demand,early,0,16,4,eligible,97130,10200,70415,65178,104671
counted-demand,early,0,16,4,mixed,92700,12811,90194,88281,114958
counted-demand,early,3,0,1,eligible,67742,19492,58073,33574,61547
counted-demand,early,3,0,1,mixed,71277,19492,60195,44272,65643
counted-demand,early,3,0,4,eligible,234677,19492,163898,98162,181015
counted-demand,early,3,0,4,mixed,216270,19492,154773,112531,176528
counted-demand,early,3,1,1,eligible,68740,19737,60296,35286,71853
counted-demand,early,3,1,1,mixed,72206,19737,61644,36369,62320
counted-demand,early,3,1,4,eligible,237172,19737,166162,163726,202718
counted-demand,early,3,1,4,mixed,191318,19737,135977,104083,157140
counted-demand,early,3,16,1,eligible,76318,21876,68028,40823,71001
counted-demand,early,3,16,1,mixed,80765,21876,74181,69084,77184
counted-demand,early,3,16,4,eligible,256117,21876,191222,115225,270290
counted-demand,early,3,16,4,mixed,235046,23213,219589,168822,277946
counted-shared,common,0,0,1,eligible,24550,8040,24191,14336,28572
counted-shared,common,0,0,1,mixed,24550,8040,25567,25057,38884
counted-shared,common,0,0,4,eligible,69058,8040,56074,30540,64296
counted-shared,common,0,0,4,mixed,58938,8040,52065,51740,67013
counted-shared,common,0,1,1,eligible,25548,8285,28394,26437,34831
counted-shared,common,0,1,1,mixed,25863,8285,27962,27505,32684
counted-shared,common,0,1,4,eligible,71553,8285,74381,36354,83892
counted-shared,common,0,1,4,mixed,54512,8285,57936,40256,67222
counted-shared,common,0,16,1,eligible,33126,10424,36383,25387,36585
counted-shared,common,0,16,1,mixed,35190,10745,48224,45893,55928
counted-shared,common,0,16,4,eligible,90498,10424,98902,57612,121509
counted-shared,common,0,16,4,mixed,83444,12803,101328,100320,103302
counted-shared,common,3,0,1,eligible,120814,36408,95949,70499,97714
counted-shared,common,3,0,1,mixed,122734,36408,97236,80508,99531
counted-shared,common,3,0,4,eligible,447562,36408,272590,200374,403827
counted-shared,common,3,0,4,mixed,387436,36408,331314,204121,370407
counted-shared,common,3,1,1,eligible,121812,36653,101749,100997,122182
counted-shared,common,3,1,1,mixed,123663,36653,87407,74424,126371
counted-shared,common,3,1,4,eligible,450057,36653,336864,204014,400503
counted-shared,common,3,1,4,mixed,326644,36653,291499,177232,295138
counted-shared,common,3,16,1,eligible,129390,38792,114093,89138,114513
counted-shared,common,3,16,1,mixed,132222,38792,102628,77282,165185
counted-shared,common,3,16,4,eligible,469002,38792,302999,223155,399140
counted-shared,common,3,16,4,mixed,390788,39950,321324,237372,426431
counted-shared,independent,0,0,1,eligible,24198,7944,24415,12854,26427
counted-shared,independent,0,0,1,mixed,24150,7944,24972,24371,31427
counted-shared,independent,0,0,4,eligible,68562,7944,55315,31207,65460
counted-shared,independent,0,0,4,mixed,58394,7944,45927,29530,66196
counted-shared,independent,0,1,1,eligible,25196,8189,27850,15505,28521
counted-shared,independent,0,1,1,mixed,25463,8189,29005,17179,30322
counted-shared,independent,0,1,4,eligible,71057,8189,60637,59406,74753
counted-shared,independent,0,1,4,mixed,53968,8189,54793,31096,61414
counted-shared,independent,0,16,1,eligible,32774,10328,36099,20565,41282
counted-shared,independent,0,16,1,mixed,34790,10649,45148,41996,62505
counted-shared,independent,0,16,4,eligible,90002,10328,95472,67718,106752
counted-shared,independent,0,16,4,mixed,82900,12707,100099,80829,237177
counted-shared,independent,3,0,1,eligible,185626,40698,147888,88623,192379
counted-shared,independent,3,0,1,mixed,193867,40698,105380,93381,149911
counted-shared,independent,3,0,4,eligible,673726,40698,318408,296012,346664
counted-shared,independent,3,0,4,mixed,473709,40698,393271,391738,440253
counted-shared,independent,3,1,1,eligible,186144,40847,129604,95534,130772
counted-shared,independent,3,1,1,mixed,194316,40847,158691,91305,179104
counted-shared,independent,3,1,4,eligible,675021,40847,395527,335463,486435
counted-shared,independent,3,1,4,mixed,467017,40847,384429,240229,401965
counted-shared,independent,3,16,1,eligible,193914,43082,164255,106080,238261
counted-shared,independent,3,16,1,mixed,201723,43082,170313,106863,224550
counted-shared,independent,3,16,4,eligible,694446,43082,531886,392174,539837
counted-shared,independent,3,16,4,mixed,530521,48522,338255,331877,511975
counted-shared,early,0,0,1,eligible,24550,8040,24591,16306,25203
counted-shared,early,0,0,1,mixed,24550,8040,27871,17514,56772
counted-shared,early,0,0,4,eligible,69058,8040,54652,30373,63566
counted-shared,early,0,0,4,mixed,58938,8040,53215,28330,69692
counted-shared,early,0,1,1,eligible,25548,8285,26342,22737,27108
counted-shared,early,0,1,1,mixed,25863,8285,28219,17717,32046
counted-shared,early,0,1,4,eligible,71553,8285,63142,39444,67956
counted-shared,early,0,1,4,mixed,54512,8285,58928,38312,70682
counted-shared,early,0,16,1,eligible,33126,10424,42972,35538,140114
counted-shared,early,0,16,1,mixed,35190,10745,41579,24389,44876
counted-shared,early,0,16,4,eligible,90498,10424,95941,66124,100813
counted-shared,early,0,16,4,mixed,83444,12803,102934,66805,107982
counted-shared,early,3,0,1,eligible,72863,22233,63229,43900,64304
counted-shared,early,3,0,1,mixed,74782,22233,63651,38047,68856
counted-shared,early,3,0,4,eligible,254621,22233,190425,114460,363600
counted-shared,early,3,0,4,mixed,221734,22233,182046,178039,200130
counted-shared,early,3,1,1,eligible,73861,22478,65790,39482,67517
counted-shared,early,3,1,1,mixed,75711,22478,67500,48600,69842
counted-shared,early,3,1,4,eligible,257116,22478,197799,116345,222707
counted-shared,early,3,1,4,mixed,190698,22478,159649,94071,177320
counted-shared,early,3,16,1,eligible,81439,24617,74157,72749,90118
counted-shared,early,3,16,1,mixed,84270,24617,76055,50581,82645
counted-shared,early,3,16,4,eligible,276061,24617,146462,137683,224711
counted-shared,early,3,16,4,mixed,233682,25807,238595,171221,239778
counted-conditional,common,0,0,1,eligible,59239,12862,75899,51033,107626
counted-conditional,common,0,0,1,mixed,56902,12862,71366,51116,76807
counted-conditional,common,0,0,4,eligible,197899,12862,211442,210955,342111
counted-conditional,common,0,0,4,mixed,165818,12862,188614,117893,199485
counted-conditional,common,0,1,1,eligible,60237,13107,76709,73626,89448
counted-conditional,common,0,1,1,mixed,58285,13107,76130,51132,109318
counted-conditional,common,0,1,4,eligible,200394,13107,188314,126547,242902
counted-conditional,common,0,1,4,mixed,151722,13107,188520,97123,216468
counted-conditional,common,0,16,1,eligible,67815,15246,89853,52535,91111
counted-conditional,common,0,16,1,mixed,78214,17254,96086,57413,111105
counted-conditional,common,0,16,4,eligible,219339,15246,176782,141895,251946
counted-conditional,common,0,16,4,mixed,233124,24330,261981,161606,290100
counted-conditional,common,3,0,1,eligible,123599,22001,188230,130393,195937
counted-conditional,common,3,0,1,mixed,121016,22001,166104,98505,178408
counted-conditional,common,3,0,4,eligible,443795,22001,599458,334381,643846
counted-conditional,common,3,0,4,mixed,410836,22001,394075,320067,533348
counted-conditional,common,3,1,1,eligible,124597,22246,187617,170005,224145
counted-conditional,common,3,1,1,mixed,122015,22246,123193,105151,209127
counted-conditional,common,3,1,4,eligible,446290,22246,554817,406645,570236
counted-conditional,common,3,1,4,mixed,395972,22246,516411,300797,1136711
counted-conditional,common,3,16,1,eligible,132175,24385,187770,119088,234258
counted-conditional,common,3,16,1,mixed,141944,24385,196106,122738,245487
counted-conditional,common,3,16,4,eligible,465235,24385,369157,353759,606677
counted-conditional,common,3,16,4,mixed,610616,47839,783559,461146,811905
counted-conditional,independent,0,0,1,eligible,58495,12766,79370,53496,92726
counted-conditional,independent,0,0,1,mixed,56158,12766,48871,42613,81411
counted-conditional,independent,0,0,4,eligible,195835,12766,211031,136507,226641
counted-conditional,independent,0,0,4,mixed,163754,12766,197993,186053,210062
counted-conditional,independent,0,1,1,eligible,59493,13011,74915,73192,99207
counted-conditional,independent,0,1,1,mixed,57541,13011,73362,41325,90415
counted-conditional,independent,0,1,4,eligible,198330,13011,222984,118462,227854
counted-conditional,independent,0,1,4,mixed,149658,13011,173858,120522,182246
counted-conditional,independent,0,16,1,eligible,67071,15150,97518,66145,104462
counted-conditional,independent,0,16,1,mixed,77470,17158,94558,57833,111418
counted-conditional,independent,0,16,4,eligible,217275,15150,249596,133869,310507
counted-conditional,independent,0,16,4,mixed,231060,24234,193085,175155,279912
counted-conditional,independent,3,0,1,eligible,643149,50944,594734,579256,1137337
counted-conditional,independent,3,0,1,mixed,640398,50944,664605,556811,933993
counted-conditional,independent,3,0,4,eligible,2485083,50944,2287314,2046685,2705271
counted-conditional,independent,3,0,4,mixed,1713746,50944,1485313,1395920,5494803
counted-conditional,independent,3,1,1,eligible,643667,51093,576243,523746,929184
counted-conditional,independent,3,1,1,mixed,640885,51093,908626,523631,1061614
counted-conditional,independent,3,1,4,eligible,2486378,51093,2367798,2090240,4210949
counted-conditional,independent,3,1,4,mixed,1688600,51093,1440393,1378536,1693466
counted-conditional,independent,3,16,1,eligible,651437,53328,605189,550692,691231
counted-conditional,independent,3,16,1,mixed,659982,53328,607187,552795,679067
counted-conditional,independent,3,16,4,eligible,2505803,53328,2694837,2390484,3063879
counted-conditional,independent,3,16,4,mixed,1886428,58999,1918451,1601099,3397370
counted-conditional,early,0,0,1,eligible,59239,12862,73929,73209,96736
counted-conditional,early,0,0,1,mixed,56902,12862,73309,71141,75098
counted-conditional,early,0,0,4,eligible,197899,12862,132847,111457,302503
counted-conditional,early,0,0,4,mixed,165818,12862,188433,182669,206114
counted-conditional,early,0,1,1,eligible,60237,13107,76291,74965,88201
counted-conditional,early,0,1,1,mixed,58285,13107,76673,73676,87121
counted-conditional,early,0,1,4,eligible,200394,13107,222780,141123,280070
counted-conditional,early,0,1,4,mixed,151722,13107,177294,109518,200574
counted-conditional,early,0,16,1,eligible,67815,15246,90427,89513,123345
counted-conditional,early,0,16,1,mixed,78214,17254,95309,94634,96265
counted-conditional,early,0,16,4,eligible,219339,15246,255552,171964,262968
counted-conditional,early,0,16,4,mixed,233124,24330,186687,155839,271635
counted-conditional,early,3,0,1,eligible,113232,19340,99641,87746,167412
counted-conditional,early,3,0,1,mixed,110649,19340,115235,93997,177605
counted-conditional,early,3,0,4,eligible,402642,19340,478255,278624,558734
counted-conditional,early,3,0,4,mixed,369763,19340,311089,255082,586948
counted-conditional,early,3,1,1,eligible,114230,19585,106306,87175,154331
counted-conditional,early,3,1,1,mixed,111648,19585,147321,103929,185223
counted-conditional,early,3,1,4,eligible,405137,19585,469147,291365,490712
counted-conditional,early,3,1,4,mixed,352339,19585,423167,293544,531165
counted-conditional,early,3,16,1,eligible,121808,21724,159638,96620,274532
counted-conditional,early,3,16,1,mixed,131577,21724,147796,114118,201300
counted-conditional,early,3,16,4,eligible,424082,21724,330425,292358,589164
counted-conditional,early,3,16,4,mixed,489967,36662,584535,518405,766797
