mode,family,n,reuse,consumer,requested_bytes,peak_above_start,consumer_retained_bytes,wall_median_ns,wall_min_ns,wall_max_ns
scan,independent,0,1,query,24615,9770,0,29118,18526,29398
scan,independent,0,1,prepared,24615,9770,151,29437,23128,68041
scan,independent,0,4,query,42150,9770,0,45497,29098,49078
scan,independent,0,4,prepared,42150,10223,604,47487,27148,54135
scan,independent,1,1,query,51972,19829,0,72842,44383,103762
scan,independent,1,1,prepared,51972,19829,2132,73600,44903,76165
scan,independent,1,4,query,140055,20043,0,181472,178156,189848
scan,independent,1,4,prepared,140055,26439,8528,179164,175895,194384
scan,independent,3,1,query,216084,81893,0,311570,295377,321743
scan,independent,3,1,prepared,216084,81893,22016,309260,305758,429249
scan,independent,3,4,query,776529,81893,0,768964,645610,889959
scan,independent,3,4,prepared,776529,147477,88064,837197,634547,1113184
scan,shared,0,1,query,24615,9770,0,29757,29126,31220
scan,shared,0,1,prepared,24615,9770,151,34076,29320,35694
scan,shared,0,4,query,42150,9770,0,50877,32462,66718
scan,shared,0,4,prepared,42150,10223,604,48389,47013,50510
scan,shared,1,1,query,51972,19829,0,54742,44763,88115
scan,shared,1,1,prepared,51972,19829,2132,76597,75274,114387
scan,shared,1,4,query,140055,20043,0,178946,177053,193288
scan,shared,1,4,prepared,140055,26439,8528,177661,105619,196879
scan,shared,3,1,query,129186,35213,0,173778,108540,178284
scan,shared,3,1,prepared,129186,35213,5600,174941,123672,187597
scan,shared,3,4,query,428937,40364,0,547344,327206,551058
scan,shared,3,4,prepared,428937,57164,22400,569551,400769,574466
scan,delayed,0,1,query,25015,9962,0,27876,27496,30786
scan,delayed,0,1,prepared,25015,9962,151,28563,27389,35473
scan,delayed,0,4,query,42550,9962,0,45349,44535,50098
scan,delayed,0,4,prepared,42550,10415,604,46339,45421,46962
scan,delayed,1,1,query,57252,20245,0,84703,82515,90341
scan,delayed,1,1,prepared,57252,20245,2132,91527,82615,98635
scan,delayed,1,4,query,159975,20459,0,233765,146741,246414
scan,delayed,1,4,prepared,159975,26855,8528,225890,211295,230948
scan,delayed,3,1,query,271188,89765,0,394174,273453,417299
scan,delayed,3,1,prepared,271188,89765,22016,398857,256617,404257
scan,delayed,3,4,query,995745,89765,0,1017197,959627,1446617
scan,delayed,3,4,prepared,995745,155349,88064,874379,838264,1546429
scan,early,0,1,query,23931,9433,0,29295,28032,37289
scan,early,0,1,prepared,23931,9433,151,34248,28832,48464
scan,early,0,4,query,41466,9433,0,43728,43176,46618
scan,early,0,4,prepared,41466,9886,604,45887,44332,53375
scan,early,1,1,query,45405,17236,0,66053,45882,69257
scan,early,1,1,prepared,45405,17236,1018,70943,63526,83342
scan,early,1,4,query,116431,17236,0,145423,138528,151312
scan,early,1,4,prepared,116431,20290,4072,146300,83067,149849
scan,early,3,1,query,89304,24608,0,131066,126637,189031
scan,early,3,1,prepared,89304,24608,2752,133883,128818,155392
scan,early,3,4,query,273237,24608,0,362246,345887,408644
scan,early,3,4,prepared,273237,32864,11008,212592,194329,368846
scan,late,0,1,query,24817,9866,0,28404,17361,33041
scan,late,0,1,prepared,24817,9866,151,29882,27835,37159
scan,late,0,4,query,42352,9866,0,45593,44623,46733
scan,late,0,4,prepared,42352,10319,604,50582,45309,53584
scan,late,1,1,query,51260,19917,0,74493,73068,79709
scan,late,1,1,prepared,51260,19917,1018,72719,43888,73113
scan,late,1,4,query,136601,20323,0,177744,134435,184037
scan,late,1,4,prepared,136601,23377,4072,181889,119675,188394
scan,late,3,1,query,114435,35459,0,163900,100674,190741
scan,late,3,1,prepared,114435,35459,2752,179608,105364,236479
scan,late,3,4,query,358319,35459,0,491903,314943,573939
scan,late,3,4,prepared,358319,40963,11008,516412,349366,563390
scan,history,0,1,query,24615,9770,0,21976,18055,30316
scan,history,0,1,prepared,24615,9770,151,29543,22212,40017
scan,history,0,4,query,42150,9770,0,48566,45577,53849
scan,history,0,4,prepared,42150,10223,604,49169,47751,86252
scan,history,1,1,query,123008,40487,0,214364,135868,220202
scan,history,1,1,prepared,123008,40487,8812,215842,212660,238347
scan,history,1,4,query,383567,40487,0,693732,466837,821178
scan,history,1,4,prepared,383567,66923,35248,476223,412851,710509
scan,history,3,1,query,745720,292871,0,1037641,884090,1698249
scan,history,3,1,prepared,745720,292871,102496,1227876,871924,1705201
scan,history,3,4,query,2804281,292871,0,3915891,3355361,4143476
scan,history,3,4,prepared,2804281,599335,409984,3994717,3659914,4212558
scan,deep,0,1,query,26247,10586,0,33132,32871,42898
scan,deep,0,1,prepared,26247,10586,151,33245,32820,34014
scan,deep,0,4,query,43782,10586,0,51264,50708,76151
scan,deep,0,4,prepared,43782,11039,604,52879,30849,68646
scan,deep,1,1,query,66620,26857,0,101886,79484,106459
scan,deep,1,1,prepared,66620,26857,3764,96575,66285,114233
scan,deep,1,4,query,193751,26857,0,260595,154374,264574
scan,deep,1,4,prepared,193751,38149,15056,266048,165806,328812
scan,deep,3,1,query,391948,176105,0,503292,327122,528039
scan,deep,3,1,prepared,391948,176105,41600,500209,489703,567397
scan,deep,3,4,query,1475089,176105,0,1401474,1089093,1975024
scan,deep,3,4,prepared,1475089,299881,166400,1273099,1134328,1901535
scan,stable_history,0,1,query,9009,4589,0,10473,6515,11496
scan,stable_history,0,1,prepared,9009,4628,151,10491,6551,10948
scan,stable_history,0,4,query,18792,4589,0,18177,16566,19070
scan,stable_history,0,4,prepared,18792,5081,604,19271,12670,20430
scan,stable_history,1,1,query,58717,19526,0,106595,69678,107419
scan,stable_history,1,1,prepared,58717,19526,3491,114333,108923,147454
scan,stable_history,1,4,query,174904,19526,0,349410,296618,389469
scan,stable_history,1,4,prepared,174904,29999,13964,356364,190869,377470
scan,stable_history,3,1,query,180685,43446,0,346235,321222,552907
scan,stable_history,3,1,prepared,180685,43446,10211,540883,310345,591473
scan,stable_history,3,4,query,605896,43446,0,1775629,1016380,2101810
scan,stable_history,3,4,prepared,605896,74079,40844,1127122,1027894,2416273
scan,reset_history,0,1,query,9393,4781,0,13519,12913,13984
scan,reset_history,0,1,prepared,9393,4820,151,13235,12857,14831
scan,reset_history,0,4,query,19176,4781,0,18535,18209,21529
scan,reset_history,0,4,prepared,19176,5273,604,19788,18918,20817
scan,reset_history,1,1,query,60893,19718,0,114281,111857,254625
scan,reset_history,1,1,prepared,60893,19718,3491,111771,67322,116615
scan,reset_history,1,4,query,182456,19718,0,362896,199516,401303
scan,reset_history,1,4,prepared,182456,30191,13964,375489,234795,449137
scan,reset_history,3,1,query,186445,43638,0,560279,359124,562039
scan,reset_history,3,1,prepared,186445,43638,10211,561346,311477,648151
scan,reset_history,3,4,query,627784,43638,0,1070887,1036197,2129237
scan,reset_history,3,4,prepared,627784,74271,40844,1841315,1049972,2273578
scan,dense,0,1,query,9398,4740,0,12834,6793,49157
scan,dense,0,1,prepared,9398,4747,151,12881,7412,14671
scan,dense,0,4,query,19418,4740,0,19709,10194,20599
scan,dense,0,4,prepared,19418,5200,604,20481,19629,22235
scan,dense,1,1,query,13638,6419,0,21896,20477,34363
scan,dense,1,1,prepared,13638,6419,653,21193,20604,22365
scan,dense,1,4,query,34647,6419,0,52232,49072,57793
scan,dense,1,4,prepared,34647,8378,2612,53958,31585,58251
scan,dense,3,1,query,84802,16931,0,266771,143747,309538
scan,dense,3,1,prepared,84802,16931,5305,270559,145586,272913
scan,dense,3,4,query,315307,16931,0,1003823,553148,1016894
scan,dense,3,4,prepared,315307,32846,21220,1014716,552040,1025931
contextual,independent,0,1,query,8107,6114,0,12623,8090,18011
contextual,independent,0,1,prepared,8107,6265,151,12432,12125,13034
contextual,independent,0,4,query,13174,6114,0,15294,9191,15810
contextual,independent,0,4,prepared,13174,6718,604,17505,11971,19845
contextual,independent,1,1,query,54321,14410,0,50481,37075,69957
contextual,independent,1,1,prepared,54321,14410,2132,43614,39578,56883
contextual,independent,1,4,query,184191,14410,0,138626,96584,140646
contextual,independent,1,4,prepared,184191,20806,8528,147282,84721,155883
contextual,independent,3,1,query,372351,48287,0,293370,169849,317156
contextual,independent,3,1,prepared,372351,48287,22016,288244,275186,295114
contextual,independent,3,4,query,1435659,48287,0,1012131,657655,1123453
contextual,independent,3,4,prepared,1435659,114119,88064,1029556,677196,1061847
contextual,shared,0,1,query,8107,6114,0,12253,12000,13200
contextual,shared,0,1,prepared,8107,6265,151,12068,10024,13254
contextual,shared,0,4,query,13174,6114,0,15408,10830,17954
contextual,shared,0,4,prepared,13174,6718,604,12331,10446,18228
contextual,shared,1,1,query,54321,14410,0,54923,50356,142065
contextual,shared,1,1,prepared,54321,14410,2132,56521,32552,79904
contextual,shared,1,4,query,184191,14410,0,140450,138647,151234
contextual,shared,1,4,prepared,184191,20806,8528,155364,145172,233616
contextual,shared,3,1,query,184483,24039,0,148849,91221,166035
contextual,shared,3,1,prepared,184483,24039,5600,149572,90154,159832
contextual,shared,3,4,query,684187,24039,0,505104,309576,512151
contextual,shared,3,4,prepared,684187,40839,22400,488981,294728,511549
contextual,delayed,0,1,query,8307,6314,0,12552,12265,13264
contextual,delayed,0,1,prepared,8307,6465,151,12804,12359,14193
contextual,delayed,0,4,query,13374,6314,0,16603,12295,17392
contextual,delayed,0,4,prepared,13374,6918,604,17132,9675,18031
contextual,delayed,1,1,query,72581,14610,0,60336,47302,69923
contextual,delayed,1,1,prepared,72581,14610,2132,65182,61178,69949
contextual,delayed,1,4,query,256631,14610,0,163164,96603,167956
contextual,delayed,1,4,prepared,256631,21006,8528,173060,101616,306247
contextual,delayed,3,1,query,529755,48487,0,361347,254028,383665
contextual,delayed,3,1,prepared,529755,48487,22016,345440,223855,372242
contextual,delayed,3,4,query,2064675,48487,0,1326287,852578,1622815
contextual,delayed,3,4,prepared,2064675,114319,88064,1007403,958396,1419431
contextual,early,0,1,query,7765,5772,0,14082,8371,15640
contextual,early,0,1,prepared,7765,5923,151,13475,9986,13701
contextual,early,0,4,query,12832,5772,0,16610,15907,20962
contextual,early,0,4,prepared,12832,6376,604,15968,15085,17009
contextual,early,1,1,query,36889,11442,0,38857,38578,39362
contextual,early,1,1,prepared,36889,11442,1018,41505,30422,44509
contextual,early,1,4,query,115737,11442,0,92280,91891,108551
contextual,early,1,4,prepared,115737,14496,4072,96345,93130,97927
contextual,early,3,1,query,109963,19477,0,97672,71410,99655
contextual,early,3,1,prepared,109963,19477,2752,100033,62309,101386
contextual,early,3,4,query,387877,19477,0,299798,173069,305515
contextual,early,3,4,prepared,387877,27733,11008,297104,291679,315127
contextual,late,0,1,query,8208,6215,0,10440,7686,12494
contextual,late,0,1,prepared,8208,6366,151,12412,9480,13432
contextual,late,0,4,query,13275,6215,0,15631,9301,16931
contextual,late,0,4,prepared,13275,6819,604,16485,15260,19804
contextual,late,1,1,query,54031,14520,0,52554,52061,54311
contextual,late,1,1,prepared,54031,14520,1018,53423,52433,58288
contextual,late,1,4,query,182728,14736,0,135926,76350,151486
contextual,late,1,4,prepared,182728,17790,4072,141180,136880,164744
contextual,late,3,1,query,173334,23062,0,139665,136871,154540
contextual,late,3,1,prepared,173334,23062,2752,136592,102558,142091
contextual,late,3,4,query,639288,23278,0,445772,280093,481997
contextual,late,3,4,prepared,639288,31534,11008,455130,271454,502799
contextual,history,0,1,query,8107,6114,0,13093,12308,18684
contextual,history,0,1,prepared,8107,6265,151,12122,9496,13546
contextual,history,0,4,query,13174,6114,0,16293,15911,16396
contextual,history,0,4,prepared,13174,6718,604,18351,18019,23051
contextual,history,1,1,query,150705,30654,0,150515,139629,176328
contextual,history,1,1,prepared,150705,30654,8812,138414,92285,150915
contextual,history,1,4,query,545739,30654,0,452337,273377,521528
contextual,history,1,4,prepared,545739,57090,35248,457315,275291,515751
contextual,history,3,1,query,1651719,150896,0,1055225,721925,1220512
contextual,history,3,1,prepared,1651719,150896,102496,824448,723097,1176023
contextual,history,3,4,query,6481719,150896,0,2794200,2701597,3021681
contextual,history,3,4,prepared,6481719,458168,409984,3164529,2743103,3475470
contextual,deep,0,1,query,8923,6930,0,15459,14903,17126
contextual,deep,0,1,prepared,8923,7081,151,15810,15316,16545
contextual,deep,0,4,query,13990,6930,0,17394,16938,17809
contextual,deep,0,4,prepared,13990,7534,604,18241,16865,22398
contextual,deep,1,1,query,65041,18074,0,71433,54773,86174
contextual,deep,1,1,prepared,65041,18074,3764,77347,74787,91609
contextual,deep,1,4,query,224623,18074,0,201268,196502,215054
contextual,deep,1,4,prepared,224623,29366,15056,204367,122790,207291
contextual,deep,3,1,query,475455,84626,0,418422,411576,423994
contextual,deep,3,1,prepared,475455,84626,41600,400952,250456,555565
contextual,deep,3,4,query,1845627,84626,0,1541603,949583,1889193
contextual,deep,3,4,prepared,1845627,209426,166400,1126160,955632,1655897
contextual,stable_history,0,1,query,3611,2264,0,5736,5240,48039
contextual,stable_history,0,1,prepared,3611,2415,151,5613,5502,5969
contextual,stable_history,0,4,query,7478,2264,0,8827,4568,9831
contextual,stable_history,0,4,prepared,7478,2868,604,8384,4721,9252
contextual,stable_history,1,1,query,56118,15571,0,57672,57316,61944
contextual,stable_history,1,1,prepared,56118,17974,3491,57315,55749,65520
contextual,stable_history,1,4,query,153861,15571,0,159736,112633,222436
contextual,stable_history,1,4,prepared,153861,28447,13964,146818,100593,151569
contextual,stable_history,3,1,query,148374,38915,0,142648,140335,179170
contextual,stable_history,3,1,prepared,148374,44270,10211,143202,85601,185268
contextual,stable_history,3,4,query,415389,38915,0,394090,281332,449364
contextual,stable_history,3,4,prepared,415389,74903,40844,370110,230439,388734
contextual,reset_history,0,1,query,3803,2456,0,5919,5510,7200
contextual,reset_history,0,1,prepared,3803,2607,151,5591,3693,6000
contextual,reset_history,0,4,query,7670,2456,0,9431,8904,10300
contextual,reset_history,0,4,prepared,7670,3060,604,9208,4864,9430
contextual,reset_history,1,1,query,255894,18051,0,144704,93943,145227
contextual,reset_history,1,1,prepared,255894,18166,3491,148594,142594,166440
contextual,reset_history,1,4,query,952101,18051,0,474395,301812,488304
contextual,reset_history,1,4,prepared,952101,28639,13964,494705,318856,611049
contextual,reset_history,3,1,query,1895542,43499,0,760368,523103,914035
contextual,reset_history,3,1,prepared,1895542,44462,10211,867783,618542,898451
contextual,reset_history,3,4,query,7403197,43499,0,2659980,2055142,3497336
contextual,reset_history,3,4,prepared,7403197,75095,40844,2062588,2009958,3356256
contextual,dense,0,1,query,3856,2402,0,5746,3165,6600
contextual,dense,0,1,prepared,3856,2553,151,6994,6081,8403
contextual,dense,0,4,query,7882,2402,0,10171,5545,11466
contextual,dense,0,4,prepared,7882,3006,604,7796,5495,52653
contextual,dense,1,1,query,14543,4204,0,16102,15245,16923
contextual,dense,1,1,prepared,14543,4666,653,15950,15535,20462
contextual,dense,1,4,query,36578,4204,0,31138,30223,49246
contextual,dense,1,4,prepared,36578,6625,2612,33938,33906,37564
contextual,dense,3,1,query,95555,17136,0,82471,74534,83982
contextual,dense,3,1,prepared,95555,20518,5305,84062,52366,102024
contextual,dense,3,4,query,266114,17136,0,221590,136952,222190
contextual,dense,3,4,prepared,266114,36433,21220,231152,144553,351512
demand,independent,0,1,query,11147,6289,0,12729,12213,14433
demand,independent,0,1,prepared,11147,6440,151,12336,8048,14699
demand,independent,0,4,query,20774,6289,0,16641,10265,17176
demand,independent,0,4,prepared,20774,6893,604,18270,16359,26399
demand,independent,1,1,query,59510,14439,0,50763,50197,54560
demand,independent,1,1,prepared,59510,14439,2132,52884,50018,54428
demand,independent,1,4,query,206099,14439,0,137436,137272,149969
demand,independent,1,4,prepared,206099,20835,8528,147262,144235,153354
demand,independent,3,1,query,440266,47480,0,272460,264434,308218
demand,independent,3,1,prepared,440266,47480,22016,261158,165753,312817
demand,independent,3,4,query,1711591,47480,0,994683,650799,1361905
demand,independent,3,4,prepared,1711591,113528,88064,1091369,757779,1280185
demand,shared,0,1,query,11147,6289,0,12366,10305,13259
demand,shared,0,1,prepared,11147,6440,151,12553,12147,13201
demand,shared,0,4,query,20774,6289,0,17061,16377,17969
demand,shared,0,4,prepared,20774,6893,604,17277,16999,17974
demand,shared,1,1,query,59510,14439,0,53861,50089,54467
demand,shared,1,1,prepared,59510,14439,2132,51047,50427,51706
demand,shared,1,4,query,206099,14439,0,146551,136216,161793
demand,shared,1,4,prepared,206099,20835,8528,148944,144572,157581
demand,shared,3,1,query,208602,23420,0,154326,141170,184627
demand,shared,3,1,prepared,208602,23420,5600,143532,88282,146627
demand,shared,3,4,query,784935,23420,0,328785,285670,490953
demand,shared,3,4,prepared,784935,40220,22400,353211,301358,481837
demand,delayed,0,1,query,11347,6489,0,12636,8281,13745
demand,delayed,0,1,prepared,11347,6640,151,12783,8974,14068
demand,delayed,0,4,query,20974,6489,0,17213,17157,17713
demand,delayed,0,4,prepared,20974,7093,604,17293,17067,17827
demand,delayed,1,1,query,83930,14639,0,60703,59615,66711
demand,delayed,1,1,prepared,83930,14639,2132,60120,59910,66709
demand,delayed,1,4,query,303179,14639,0,176883,117417,182804
demand,delayed,1,4,prepared,303179,21035,8528,184612,175302,208535
demand,delayed,3,1,query,696150,47680,0,366695,224487,436636
demand,delayed,3,1,prepared,696150,47680,22016,356267,233849,427260
demand,delayed,3,4,query,2734527,47680,0,1374205,932594,1483062
demand,delayed,3,4,prepared,2734527,113728,88064,1304495,892403,1493531
demand,early,0,1,query,10805,5947,0,12320,11310,24791
demand,early,0,1,prepared,10805,6098,151,12107,7744,12311
demand,early,0,4,query,20432,5947,0,16345,15860,16655
demand,early,0,4,prepared,20432,6551,604,19775,18787,24166
demand,early,1,1,query,39218,11994,0,38951,38753,55393
demand,early,1,1,prepared,39218,11994,1018,38710,28313,40721
demand,early,1,4,query,131123,11994,0,100083,94550,118999
demand,early,1,4,prepared,131123,15048,4072,106344,98957,122908
demand,early,3,1,query,120750,19261,0,92876,56061,227631
demand,early,3,1,prepared,120750,19261,2752,96982,59209,133628
demand,early,3,4,query,450051,19261,0,282531,165349,317956
demand,early,3,4,prepared,450051,27517,11008,281715,177557,288104
demand,late,0,1,query,11248,6390,0,12482,7845,14778
demand,late,0,1,prepared,11248,6541,151,12592,8011,14525
demand,late,0,4,query,20875,6390,0,16429,10003,18329
demand,late,0,4,prepared,20875,6994,604,16941,16019,20679
demand,late,1,1,query,58060,14513,0,55049,52393,58174
demand,late,1,1,prepared,58060,14513,1018,53476,33997,62791
demand,late,1,4,query,199996,14513,0,131680,75190,143329
demand,late,1,4,prepared,199996,17567,4072,136056,132553,150776
demand,late,3,1,query,195533,22486,0,135150,130688,151963
demand,late,3,1,prepared,195533,22486,2752,129154,80107,172190
demand,late,3,4,query,732356,22486,0,423997,422358,463389
demand,late,3,4,prepared,732356,30742,11008,428257,257662,713299
demand,history,0,1,query,11147,6289,0,12269,8469,13187
demand,history,0,1,prepared,11147,6440,151,12587,12277,12713
demand,history,0,4,query,20774,6289,0,17333,16278,20249
demand,history,0,4,prepared,20774,6893,604,18979,13644,21881
demand,history,1,1,query,309438,28132,0,169071,164284,200083
demand,history,1,1,prepared,309438,28132,8812,163825,161526,189392
demand,history,1,4,query,1181823,28132,0,561670,350974,569618
demand,history,1,4,prepared,1181823,54568,35248,565671,349318,799796
demand,history,3,1,query,3094978,142854,0,1026259,866155,1345144
demand,history,3,1,prepared,3094978,142854,102496,1315599,848767,1362429
demand,history,3,4,query,12259027,142854,0,4709145,3435740,5611269
demand,history,3,4,prepared,12259027,450342,409984,3600821,3259304,3875127
demand,deep,0,1,query,11963,7105,0,14043,13857,14233
demand,deep,0,1,prepared,11963,7256,151,14256,9256,15452
demand,deep,0,4,query,21590,7105,0,18594,12727,36603
demand,deep,0,4,prepared,21590,7709,604,21935,20275,23165
demand,deep,1,1,query,70230,18002,0,72683,69911,144424
demand,deep,1,1,prepared,70230,18002,3764,77803,73553,86621
demand,deep,1,4,query,246531,18002,0,201184,118746,337162
demand,deep,1,4,prepared,246531,29294,15056,207215,201243,209731
demand,deep,3,1,query,543370,84410,0,411267,265902,479245
demand,deep,3,1,prepared,543370,84410,41600,386366,264904,401405
demand,deep,3,4,query,2121559,84410,0,1060340,975759,1268032
demand,deep,3,4,prepared,2121559,209210,166400,1493409,948812,1566371
demand,stable_history,0,1,query,4107,2407,0,5472,5352,5973
demand,stable_history,0,1,prepared,4107,2558,151,5625,3073,5889
demand,stable_history,0,4,query,8718,2407,0,9211,4831,9656
demand,stable_history,0,4,prepared,8718,3011,604,9367,5046,9791
demand,stable_history,1,1,query,172846,14419,0,83804,63853,87830
demand,stable_history,1,1,prepared,172846,14419,3491,84383,51789,90793
demand,stable_history,1,4,query,653917,14419,0,257810,170644,275555
demand,stable_history,1,4,prepared,653917,24892,13964,268249,263433,283759
demand,stable_history,3,1,query,1179166,35459,0,388855,243284,411985
demand,stable_history,3,1,prepared,1179166,35459,10211,384218,243500,404345
demand,stable_history,3,4,query,4642717,35459,0,967745,957242,1518475
demand,stable_history,3,4,prepared,4642717,66092,40844,1169438,951631,1471268
demand,reset_history,0,1,query,4299,2599,0,5706,5400,7058
demand,reset_history,0,1,prepared,4299,2750,151,5515,3386,6152
demand,reset_history,0,4,query,8910,2599,0,9214,8751,15591
demand,reset_history,0,4,prepared,8910,3203,604,10087,5117,195035
demand,reset_history,1,1,query,174734,14675,0,86830,85837,93297
demand,reset_history,1,1,prepared,174734,14675,3491,91866,53928,97246
demand,reset_history,1,4,query,660605,14675,0,281621,177987,285847
demand,reset_history,1,4,prepared,660605,25148,13964,282896,279909,302063
demand,reset_history,3,1,query,1184126,35715,0,410879,248941,441937
demand,reset_history,3,1,prepared,1184126,35715,10211,392105,287432,432727
demand,reset_history,3,4,query,4661693,35715,0,1530576,957449,1854669
demand,reset_history,3,4,prepared,4661693,66348,40844,980778,955988,1539965
demand,dense,0,1,query,4384,2561,0,6121,5815,6757
demand,dense,0,1,prepared,4384,2712,151,6369,3768,6871
demand,dense,0,4,query,9202,2561,0,10252,10077,11553
demand,dense,0,4,prepared,9202,3165,604,10532,9687,11618
demand,dense,1,1,query,20935,4877,0,23519,9953,32740
demand,dense,1,1,prepared,20935,4877,653,18001,11304,19450
demand,dense,1,4,query,65902,4877,0,36764,35191,38988
demand,dense,1,4,prepared,65902,6836,2612,41232,39227,46328
demand,dense,3,1,query,728659,14976,0,250306,248448,272784
demand,dense,3,1,prepared,728659,14976,5305,245835,164028,292285
demand,dense,3,4,query,2893030,14976,0,964230,644772,979952
demand,dense,3,4,prepared,2893030,30891,21220,972328,634599,1061429
resumable,independent,0,1,query,14627,8109,0,17635,16976,19567
resumable,independent,0,1,prepared,14627,8260,151,17440,16887,20005
resumable,independent,0,4,query,29474,8109,0,21645,21108,23176
resumable,independent,0,4,prepared,29474,8713,604,25073,22650,26787
resumable,independent,1,1,query,68688,19452,0,64688,64306,72571
resumable,independent,1,1,prepared,68688,19452,2132,65326,39985,85528
resumable,independent,1,4,query,240297,19452,0,165775,98661,168592
resumable,independent,1,4,prepared,240297,25848,8528,173979,126802,191137
resumable,independent,3,1,query,489292,69023,0,366029,276052,386340
resumable,independent,3,1,prepared,489292,69023,22016,358788,356709,369608
resumable,independent,3,4,query,1905181,69023,0,1330496,1005136,1704943
resumable,independent,3,4,prepared,1905181,135071,88064,1383933,1363184,1490221
resumable,shared,0,1,query,14627,8109,0,17907,16627,22139
resumable,shared,0,1,prepared,14627,8260,151,17448,16187,18912
resumable,shared,0,4,query,29474,8109,0,21533,21140,25079
resumable,shared,0,4,prepared,29474,8713,604,20948,15306,22868
resumable,shared,1,1,query,68688,19452,0,64332,39511,67923
resumable,shared,1,1,prepared,68688,19452,2132,63283,40055,234442
resumable,shared,1,4,query,240297,19452,0,167798,111570,275631
resumable,shared,1,4,prepared,240297,25848,8528,176906,175481,238178
resumable,shared,3,1,query,232100,32194,0,183921,182884,197692
resumable,shared,3,1,prepared,232100,32194,5600,184500,119817,200291
resumable,shared,3,4,query,876413,32194,0,399815,375948,626062
resumable,shared,3,4,prepared,876413,48994,22400,657176,382763,683019
resumable,delayed,0,1,query,14827,8309,0,18186,14818,19012
resumable,delayed,0,1,prepared,14827,8460,151,17510,16751,19227
resumable,delayed,0,4,query,29674,8309,0,23197,21379,30839
resumable,delayed,0,4,prepared,29674,8913,604,24268,23876,26621
resumable,delayed,1,1,query,92228,19652,0,78547,74561,162706
resumable,delayed,1,1,prepared,92228,19652,2132,74691,46343,76359
resumable,delayed,1,4,query,333857,19652,0,221279,208561,253408
resumable,delayed,1,4,prepared,333857,26048,8528,221374,215830,225982
resumable,delayed,3,1,query,714152,69223,0,502750,419320,564798
resumable,delayed,3,1,prepared,714152,69223,22016,467363,302376,540924
resumable,delayed,3,4,query,2804021,69223,0,1354275,1161039,2028707
resumable,delayed,3,4,prepared,2804021,135271,88064,1959333,1537801,2500626
resumable,early,0,1,query,14285,7767,0,15423,10285,16631
resumable,early,0,1,prepared,14285,7918,151,15157,14397,17612
resumable,early,0,4,query,29132,7767,0,22067,13651,23342
resumable,early,0,4,prepared,29132,8371,604,23800,22575,24288
resumable,early,1,1,query,45782,14650,0,56357,48107,59152
resumable,early,1,1,prepared,45782,14650,1018,49175,48216,54758
resumable,early,1,4,query,154865,14650,0,114641,112630,120063
resumable,early,1,4,prepared,154865,17704,4072,122396,118845,140899
resumable,early,3,1,query,131950,21870,0,115162,84563,143659
resumable,early,3,1,prepared,131950,21870,2752,114797,89215,147050
resumable,early,3,4,query,492337,21870,0,350699,211023,457896
resumable,early,3,4,prepared,492337,30126,11008,367232,305453,504745
resumable,late,0,1,query,14728,8210,0,18237,17597,18631
resumable,late,0,1,prepared,14728,8361,151,17067,10977,18156
resumable,late,0,4,query,29575,8210,0,20668,13102,22889
resumable,late,0,4,prepared,29575,8814,604,23051,21367,32934
resumable,late,1,1,query,67201,19562,0,61258,60694,79377
resumable,late,1,1,prepared,67201,19562,1018,61491,38194,64243
resumable,late,1,4,query,234046,19562,0,160961,121078,192614
resumable,late,1,4,prepared,234046,22616,4072,167378,98480,192696
resumable,late,3,1,query,214560,28480,0,175637,172871,209468
resumable,late,3,1,prepared,214560,28480,2752,174456,173064,183558
resumable,late,3,4,query,805950,28480,0,565532,367399,568942
resumable,late,3,4,prepared,805950,36736,11008,588894,351894,636771
resumable,history,0,1,query,14627,8109,0,17206,11771,17734
resumable,history,0,1,prepared,14627,8260,151,16762,11018,19406
resumable,history,0,4,query,29474,8109,0,21456,21069,23378
resumable,history,0,4,prepared,29474,8713,604,21345,21194,23193
resumable,history,1,1,query,175512,30798,0,178842,165521,188979
resumable,history,1,1,prepared,175512,30798,8812,156107,153818,163585
resumable,history,1,4,query,643605,30798,0,542438,516211,600334
resumable,history,1,4,prepared,643605,57234,35248,323466,315136,532205
resumable,history,3,1,query,1959364,145178,0,1551509,957479,1725563
resumable,history,3,1,prepared,1959364,145178,102496,1119017,932315,1521805
resumable,history,3,4,query,7714057,145178,0,3754200,3652876,4257984
resumable,history,3,4,prepared,7714057,452666,409984,4148406,3696821,4548592
resumable,deep,0,1,query,15443,8925,0,16466,10869,17720
resumable,deep,0,1,prepared,15443,9076,151,17599,16488,24711
resumable,deep,0,4,query,30290,8925,0,25147,24458,33297
resumable,deep,0,4,prepared,30290,9529,604,24992,24267,28992
resumable,deep,1,1,query,79408,22385,0,81984,65870,87162
resumable,deep,1,1,prepared,79408,22385,3764,88730,87864,141736
resumable,deep,1,4,query,280729,22385,0,231431,152545,234476
resumable,deep,1,4,prepared,280729,33677,15056,256312,245493,261033
resumable,deep,3,1,query,592396,90559,0,355731,345900,539838
resumable,deep,3,1,prepared,592396,90559,41600,496693,338506,529470
resumable,deep,3,4,query,2315149,90559,0,1292199,1214554,1552423
resumable,deep,3,4,prepared,2315149,215359,166400,1291231,1209707,1449346
resumable,stable_history,0,1,query,4531,2619,0,5838,5547,5909
resumable,stable_history,0,1,prepared,4531,2770,151,5681,3870,6531
resumable,stable_history,0,4,query,9778,2619,0,10358,9154,11115
resumable,stable_history,0,4,prepared,9778,3223,604,9553,7936,10498
resumable,stable_history,1,1,query,48014,14799,0,52872,50749,58522
resumable,stable_history,1,1,prepared,48014,14799,3491,49895,30702,57019
resumable,stable_history,1,4,query,153401,14799,0,126168,124778,138558
resumable,stable_history,1,4,prepared,153401,25272,13964,138827,137403,146904
resumable,stable_history,3,1,query,121086,35839,0,104729,76634,112196
resumable,stable_history,3,1,prepared,121086,35839,10211,81454,67270,131141
resumable,stable_history,3,4,query,409209,35839,0,362952,230349,369527
resumable,stable_history,3,4,prepared,409209,66472,40844,347151,336167,377803
resumable,reset_history,0,1,query,4723,2811,0,6057,3117,6149
resumable,reset_history,0,1,prepared,4723,2962,151,5819,3265,6254
resumable,reset_history,0,4,query,9970,2811,0,9940,5260,10236
resumable,reset_history,0,4,prepared,9970,3415,604,11595,11005,13406
resumable,reset_history,1,1,query,181550,15055,0,91037,89872,101127
resumable,reset_history,1,1,prepared,181550,15055,3491,95754,70697,109526
resumable,reset_history,1,4,query,686681,15055,0,337293,307525,399505
resumable,reset_history,1,4,prepared,686681,25528,13964,317283,223193,361869
resumable,reset_history,3,1,query,1209118,36095,0,487489,322715,546009
resumable,reset_history,3,1,prepared,1209118,36095,10211,496948,293892,565148
resumable,reset_history,3,4,query,4760473,36095,0,1472030,1178612,1801676
resumable,reset_history,3,4,prepared,4760473,66728,40844,1286241,1138120,1842635
resumable,dense,0,1,query,4964,2851,0,6562,4386,7857
resumable,dense,0,1,prepared,4964,3002,151,6848,6341,12409
resumable,dense,0,4,query,10652,2851,0,11751,7004,13605
resumable,dense,0,4,prepared,10652,3455,604,13312,12412,14286
resumable,dense,1,1,query,15023,5219,0,15469,14773,16746
resumable,dense,1,1,prepared,15023,5608,653,15913,8863,50517
resumable,dense,1,4,query,40856,5219,0,33134,32414,34262
resumable,dense,1,4,prepared,40856,7567,2612,35844,20074,41107
resumable,dense,3,1,query,72067,15450,0,65381,49332,71443
resumable,dense,3,1,prepared,72067,15450,5305,76251,63210,83402
resumable,dense,3,4,query,265264,15450,0,203123,126282,205461
resumable,dense,3,4,prepared,265264,31365,21220,206557,201084,215928
conditional,independent,0,1,query,21620,12706,0,20929,20185,21196
conditional,independent,0,1,prepared,21620,12706,295,21104,21007,22222
conditional,independent,0,4,query,43748,12706,0,41443,33755,44111
conditional,independent,0,4,prepared,43748,13591,1180,35073,21204,35350
conditional,independent,1,1,query,137106,21396,0,184511,104827,212166
conditional,independent,1,1,prepared,137106,21396,2420,183672,115589,212568
conditional,independent,1,4,query,490653,21396,0,621341,340123,674843
conditional,independent,1,4,prepared,490653,28656,9680,622459,353701,701965
conditional,independent,3,1,query,879448,62428,0,1216199,736673,1326076
conditional,independent,3,1,prepared,879448,62428,23168,1212390,705558,1247249
conditional,independent,3,4,query,3428743,62428,0,2805719,2576492,4765556
conditional,independent,3,4,prepared,3428743,131932,92672,2978734,2618166,3414118
conditional,shared,0,1,query,21620,12706,0,20623,12974,24350
conditional,shared,0,1,prepared,21620,12706,295,22007,13776,26963
conditional,shared,0,4,query,43748,12706,0,36443,32801,42007
conditional,shared,0,4,prepared,43748,13591,1180,34880,21089,44479
conditional,shared,1,1,query,137106,21396,0,183756,180100,206775
conditional,shared,1,1,prepared,137106,21396,2420,184799,107283,295651
conditional,shared,1,4,query,490653,21396,0,610705,339423,616706
conditional,shared,1,4,prepared,490653,28656,9680,626739,361585,723583
conditional,shared,3,1,query,811216,46956,0,1142477,699851,1259448
conditional,shared,3,1,prepared,811216,46956,5888,663568,650988,1201218
conditional,shared,3,4,query,3159463,46956,0,2822146,2450052,4565754
conditional,shared,3,4,prepared,3159463,64620,23552,2696576,2374451,2995474
conditional,delayed,0,1,query,21820,12906,0,20792,13927,26095
conditional,delayed,0,1,prepared,21820,12906,295,21180,17483,22664
conditional,delayed,0,4,query,43948,12906,0,35199,32955,48379
conditional,delayed,0,4,prepared,43948,13791,1180,34528,33940,38657
conditional,delayed,1,1,query,188434,21712,0,283729,155365,353632
conditional,delayed,1,1,prepared,188434,21712,2420,257461,158620,270911
conditional,delayed,1,4,query,695365,21712,0,935100,518274,1082847
conditional,delayed,1,4,prepared,695365,28972,9680,919595,882131,1256319
conditional,delayed,3,1,query,1307792,65352,0,1748806,1028617,1865429
conditional,delayed,3,1,prepared,1307792,65352,23168,1130938,972254,1933278
conditional,delayed,3,4,query,5141519,65352,0,4023289,3809785,4207678
conditional,delayed,3,4,prepared,5141519,134856,92672,3912763,3707893,4750436
conditional,early,0,1,query,21278,12364,0,22595,21982,26312
conditional,early,0,1,prepared,21278,12364,295,22888,21768,24053
conditional,early,0,4,query,43406,12364,0,33386,24049,35054
conditional,early,0,4,prepared,43406,13249,1180,34133,33335,41202
conditional,early,1,1,query,92802,19186,0,127109,119757,148343
conditional,early,1,1,prepared,92802,19186,1162,120706,118818,127224
conditional,early,1,4,query,337119,19210,0,408697,239249,450829
conditional,early,1,4,prepared,337119,22696,4648,418367,409820,587141
conditional,early,3,1,query,470022,34952,0,606223,584852,953705
conditional,early,3,1,prepared,470022,34952,2896,599232,585256,614207
conditional,early,3,4,query,1868225,35024,0,1558514,1314980,2533790
conditional,early,3,4,prepared,1868225,43712,11584,1987722,1292384,2379338
conditional,late,0,1,query,21721,12807,0,20967,20627,21348
conditional,late,0,1,prepared,21721,12807,295,22790,21059,25033
conditional,late,0,4,query,43849,12807,0,34295,19562,59868
conditional,late,0,4,prepared,43849,13692,1180,41084,35057,43713
conditional,late,1,1,query,139447,20385,0,178218,104531,193061
conditional,late,1,1,prepared,139447,20385,1162,118470,103537,181454
conditional,late,1,4,query,499714,20420,0,606799,371438,671666
conditional,late,1,4,prepared,499714,23906,4648,601703,592324,609433
conditional,late,3,1,query,836315,44504,0,1065493,717932,1152121
conditional,late,3,1,prepared,836315,44504,2896,1123218,1065265,1195601
conditional,late,3,4,query,3249764,44504,0,2693186,2204595,4203259
conditional,late,3,4,prepared,3249764,53192,11584,2693451,2185795,4125104
conditional,history,0,1,query,21620,12706,0,20655,13313,20951
conditional,history,0,1,prepared,21620,12706,295,21004,13453,21364
conditional,history,0,4,query,43748,12706,0,35969,34056,37617
conditional,history,0,4,prepared,43748,13591,1180,37537,23831,40496
conditional,history,1,1,query,644618,44350,0,691469,412001,801561
conditional,history,1,1,prepared,644618,44350,11404,684317,386322,736842
conditional,history,1,4,query,2459213,44350,0,1720245,1421708,2949508
conditional,history,1,4,prepared,2459213,78562,45616,2494042,1435804,2718148
conditional,history,3,1,query,4212848,183166,0,2718139,2421450,4061855
conditional,history,3,1,prepared,4212848,183166,109792,2782549,2474583,4578329
conditional,history,3,4,query,16627239,183166,0,11015507,10182648,11454893
conditional,history,3,4,prepared,16627239,512174,439168,10906490,10555871,11409665
conditional,deep,0,1,query,22436,13522,0,25500,15451,29018
conditional,deep,0,1,prepared,22436,13522,295,25250,17309,29618
conditional,deep,0,4,query,44564,13522,0,35699,20937,40818
conditional,deep,0,4,prepared,44564,14407,1180,36994,25475,38563
conditional,deep,1,1,query,190514,33145,0,273096,231748,314208
conditional,deep,1,1,prepared,190514,33145,4052,236757,234795,278065
conditional,deep,1,4,query,701837,33145,0,834488,487897,908478
conditional,deep,1,4,prepared,701837,45301,16208,821713,523164,845423
conditional,deep,3,1,query,1157352,100831,0,1536670,927840,2003080
conditional,deep,3,1,prepared,1157352,100831,42752,1048906,884778,1565012
conditional,deep,3,4,query,4537911,100831,0,3607067,3427530,5923662
conditional,deep,3,4,prepared,4537911,229087,171008,3404133,3345455,8029983
conditional,stable_history,0,1,query,11934,5996,0,13640,12202,14069
conditional,stable_history,0,1,prepared,11934,5996,295,12272,8451,12803
conditional,stable_history,0,4,query,33582,5996,0,24161,22448,26424
conditional,stable_history,0,4,prepared,33582,6881,1180,24826,23846,25851
conditional,stable_history,1,1,query,448370,26215,0,431044,411609,457668
conditional,stable_history,1,1,prepared,448370,26215,4979,428896,239760,441562
conditional,stable_history,1,4,query,1715222,26215,0,1600971,1428481,1632293
conditional,stable_history,1,4,prepared,1715222,41152,19916,931561,866304,1643306
conditional,stable_history,3,1,query,2449618,54787,0,2162451,1129730,2861756
conditional,stable_history,3,1,prepared,2449618,54787,11699,1187399,1129152,2296637
conditional,stable_history,3,4,query,9632782,54787,0,4672405,4481323,7438698
conditional,stable_history,3,4,prepared,9632782,89884,46796,4938354,4433669,5825881
conditional,reset_history,0,1,query,12126,6188,0,10551,10387,11207
conditional,reset_history,0,1,prepared,12126,6188,295,10351,7022,10754
conditional,reset_history,0,4,query,33774,6188,0,22841,12058,24654
conditional,reset_history,0,4,prepared,33774,7073,1180,24406,23665,25814
conditional,reset_history,1,1,query,484402,26407,0,436107,272743,514521
conditional,reset_history,1,1,prepared,484402,26407,4979,478661,432129,529283
conditional,reset_history,1,4,query,1858774,26407,0,957820,883112,1751673
conditional,reset_history,1,4,prepared,1858774,41344,19916,1137596,931895,1244718
conditional,reset_history,3,1,query,2557330,54979,0,1434785,1168838,2325627
conditional,reset_history,3,1,prepared,2557330,54979,11699,2258517,1207053,2561098
conditional,reset_history,3,4,query,10063054,54979,0,4954484,4527086,6040571
conditional,reset_history,3,4,prepared,10063054,90076,46796,4800648,4612125,5052647
conditional,dense,0,1,query,12221,6137,0,10611,6193,12973
conditional,dense,0,1,prepared,12221,6137,295,11857,10696,27819
conditional,dense,0,4,query,34124,6137,0,24087,12884,24329
conditional,dense,0,4,prepared,34124,7022,1180,25141,13754,26808
conditional,dense,1,1,query,52305,8832,0,62518,62161,74752
conditional,dense,1,1,prepared,52305,8832,797,61953,61333,75780
conditional,dense,1,4,query,192681,8832,0,201358,122677,216326
conditional,dense,1,4,prepared,192681,11223,3188,210346,135423,239105
conditional,dense,3,1,query,1328709,24309,0,910000,752479,1216956
conditional,dense,3,1,prepared,1328709,24309,6601,1229692,649534,1324775
conditional,dense,3,4,query,5290365,24309,0,2635562,2501214,5096814
conditional,dense,3,4,prepared,5290365,44112,26404,3153745,2465897,4225659
