kind,rep,family,n,rounds,mode,total_ns,preparation_ns,setup_ns,execution_ns,observation_ns,disposal_ns,first_cold_ns,cancellation_ns,requested_bytes,peak_increment_bytes
time,0,inactive,4,2,compiled,5742434,47503,136867,5409178,90969,57917,2826957,168331,,
time,0,unique,4,8,compiled,66421620,118354,269869,65626453,268639,138305,33228351,207707,,
time,0,consuming,2,2,indexed,61199,18880,15056,14334,7233,5696,37580,14625,,
time,0,churn-sparse,4,2,indexed,503312,52954,168404,88032,128637,65285,224180,126141,,
time,0,selective,2,8,eager,67392,12457,22405,12406,11697,8427,35172,19189,,
time,0,selective,2,2,subscribed,44206,11440,13900,7960,5837,5069,25414,11595,,
time,0,reopen,4,2,eager,810058,55824,481356,74340,116544,81994,380224,309730,,
time,0,binding,2,8,compiled,1600396,38886,98545,1394093,38358,30514,807708,77587,,
time,0,reopen,4,2,indexed,481298,52508,162757,82264,119532,64237,218065,146802,,
time,0,dense,2,2,indexed,71312,14324,15438,17251,15269,9030,36458,20847,,
time,0,dense,2,8,compiled,683563,31143,41411,561062,30801,19146,342028,32722,,
time,0,churn-sparse,2,2,compiled,777514,29110,78886,629878,20476,19164,374228,57800,,
time,0,unique,2,8,eager,343209,36397,151912,57831,58485,38584,163153,103106,,
time,0,binding,2,2,compiled,725431,37104,90560,560035,18374,19358,387465,56409,,
time,0,reopen,4,2,compiled,6458827,53414,143480,6123699,81858,56376,3177650,120755,,
time,0,consuming,2,2,compiled,146838,22189,24620,88984,4351,6694,83255,17093,,
time,0,unique,2,2,compiled,778640,29064,88314,617850,21401,22011,389086,65869,,
time,0,binding,4,2,compiled,7968522,63004,175629,7570988,93719,65182,3769325,132928,,
time,0,selective,2,2,indexed,50395,15040,16099,5647,7701,5908,29927,12341,,
time,0,churn-sparse,2,2,indexed,168560,21720,75740,21533,28615,20952,80787,53959,,
time,0,consuming,4,2,compiled,258508,23568,31692,187727,7282,8239,137682,20636,,
time,0,binding,2,2,eager,220904,22843,112463,35742,27098,22758,107520,83378,,
time,0,dense,4,8,compiled,17636800,100499,164642,16995825,239179,136655,8938502,158589,,
time,0,churn-sparse,2,8,eager,384679,36074,159330,87254,60522,41499,183226,121809,,
time,0,consuming,4,2,indexed,92849,19592,23564,29937,11813,7943,51358,21432,,
time,0,selective,4,2,eager,58884,13576,25520,4269,8076,7443,31374,18115,,
time,0,consuming,4,8,indexed,273063,27660,75765,112272,28693,28673,138744,39020,,
time,0,reopen,4,8,subscribed,1697046,150315,281551,665065,396764,203351,774034,247047,,
time,0,selective,4,8,eager,79761,13796,30675,11868,13004,10418,40956,24315,,
time,0,binding,2,8,eager,336695,34595,136460,66722,58545,40373,157950,127853,,
time,0,dense,4,8,indexed,1019791,51468,136716,301907,350185,179515,389173,145432,,
time,0,unique,4,2,indexed,518691,56025,168869,98400,131524,63873,222762,120438,,
time,0,churn-sparse,4,8,indexed,1346744,167290,274690,334707,382125,187932,609179,224538,,
time,0,inactive,4,8,eager,1621875,154234,583808,275614,389090,219129,720661,377734,,
time,0,binding,4,2,subscribed,590839,55557,170901,175329,120269,68783,276152,163951,,
time,0,churn-broad,4,8,compiled,35311073,136261,336440,34408748,262400,167224,17703870,259562,,
time,0,churn-broad,4,2,subscribed,728654,57098,200523,271186,125485,74362,322517,188568,,
time,0,selective,4,2,compiled,145233,23355,30945,77085,5179,8669,79192,24023,,
time,0,unique,2,2,eager,206421,23571,117446,15441,27953,22010,101036,75717,,
time,0,binding,4,8,eager,1637764,146609,560892,345568,373138,211557,727474,426364,,
time,0,inactive,4,8,indexed,1300194,153858,253025,293425,412211,187675,558329,215762,,
time,0,inactive,2,2,subscribed,168341,19921,75316,23587,29192,20325,78320,52241,,
time,0,churn-broad,2,2,subscribed,193588,21721,79255,42837,28927,20848,93132,72087,,
time,0,reopen,2,8,compiled,2076676,42238,115802,1845198,41012,32426,1049089,83131,,
time,0,reopen,2,8,indexed,302934,35987,108119,58890,61450,38488,140703,82826,,
time,0,consuming,2,8,eager,177371,21712,40889,76104,16304,22362,86151,36988,,
time,0,consuming,4,2,eager,193586,19830,56798,95321,13295,8342,102895,47548,,
time,0,reopen,4,2,subscribed,588194,54112,171587,172797,123646,66052,270154,141413,,
time,0,churn-broad,2,2,compiled,926533,30448,85597,768620,21492,20376,460956,62673,,
time,0,reopen,2,8,subscribed,371012,35995,111744,115014,70275,37984,174869,95779,,
time,0,churn-broad,2,8,eager,461918,37518,178573,126023,70751,49053,220726,129171,,
time,0,inactive,4,2,eager,837379,54815,506047,77677,120485,78355,389495,302894,,
time,0,churn-broad,4,8,eager,2244537,162735,717795,738038,393532,232437,1030964,476353,,
time,0,unique,4,8,subscribed,1765217,150441,305226,721356,386997,201197,772858,264606,,
time,0,inactive,2,8,indexed,275355,33852,92938,53487,60842,34236,127066,75178,,
time,0,reopen,2,2,indexed,162998,21062,76354,17176,28919,19487,77903,55608,,
time,0,churn-sparse,2,8,compiled,2227045,39823,119989,1987953,45188,34092,1101403,94982,,
time,0,consuming,2,2,eager,70958,18111,18626,21516,7070,5635,42174,19654,,
time,0,unique,4,2,eager,864050,55899,505125,85478,130964,86584,390386,301619,,
time,0,reopen,4,8,compiled,24760847,117057,268657,23973936,249372,151825,12303143,232220,,
time,0,churn-broad,4,2,indexed,554264,56351,196463,108470,122654,70326,247143,137302,,
time,0,inactive,2,8,eager,350024,38545,157295,49080,64807,40297,176202,95501,,
time,0,churn-sparse,4,8,eager,1778632,151582,612221,413340,390680,210809,789904,415466,,
time,0,churn-sparse,4,2,eager,898348,56613,509305,120952,122163,89315,420432,325298,,
time,0,dense,2,8,subscribed,191835,28519,36761,56634,45841,24080,89016,40967,,
time,0,selective,2,8,subscribed,69260,12382,20699,15396,12424,8359,35943,20038,,
time,0,inactive,4,8,subscribed,1331522,149576,263926,338420,389866,189734,587860,236647,,
time,0,dense,4,2,eager,357813,41519,81504,87619,96620,50551,159325,74862,,
time,0,selective,4,8,indexed,77576,13624,27691,12786,13845,9630,40721,23232,,
time,0,dense,4,2,compiled,4424697,42999,54011,4231363,61398,34926,2210951,53578,,
time,0,churn-broad,4,8,indexed,1705104,177956,348875,418703,415283,344287,683755,175860,,
time,0,churn-broad,2,8,subscribed,446137,40837,144251,148408,66519,46122,215626,155818,,
time,0,unique,4,8,indexed,1404144,156019,289223,355831,391543,211528,625556,230765,,
time,0,selective,2,8,compiled,233915,22706,35724,156854,8537,10094,124430,31008,,
time,0,churn-sparse,2,2,subscribed,180670,21143,77002,32988,28555,20982,86542,59834,,
time,0,reopen,2,2,eager,203485,21965,116466,14681,27714,22659,97407,76063,,
time,0,binding,4,8,compiled,22402766,116377,255099,21613177,273401,144712,11163783,201702,,
time,0,binding,4,8,subscribed,1395854,140256,276655,369965,413640,195338,624368,257537,,
time,0,consuming,4,8,subscribed,609365,30031,69377,444167,32720,33070,300818,71122,,
time,0,inactive,4,8,compiled,21664345,132880,262236,20851257,268577,149395,10724676,208493,,
time,0,binding,4,8,indexed,1349662,144869,261131,354106,378887,210669,598471,240320,,
time,0,unique,2,8,subscribed,413797,37539,121236,143798,68988,42236,186399,103498,,
time,0,dense,4,2,indexed,342122,47019,48163,105906,95902,45132,161988,55880,,
time,0,churn-broad,2,2,eager,253186,23901,134326,37532,31663,25764,122570,96943,,
time,0,unique,2,2,indexed,169214,22253,78293,18827,29237,20604,82071,59037,,
time,0,binding,4,2,indexed,525294,53919,167935,117486,118886,67068,239742,141723,,
time,0,dense,4,8,subscribed,1167921,12188,30433,339919,371381,414000,375579,52293,,
time,0,churn-broad,4,2,eager,1032711,58586,533405,223099,123857,93764,479249,346269,,
time,0,binding,4,2,eager,879607,54481,476784,144185,118243,85914,394872,325451,,
time,0,churn-broad,2,8,indexed,396000,37935,141665,106597,66307,43496,177723,101282,,
time,0,selective,4,2,indexed,56011,12574,22375,5450,8626,6986,29653,16181,,
time,0,reopen,2,2,subscribed,178923,21292,77517,30948,29151,20015,86159,73660,,
time,0,churn-broad,4,8,subscribed,1857720,21932,351559,857868,412353,214008,759541,317073,,
time,0,binding,2,2,indexed,175900,20942,73907,34160,28071,18820,85132,63483,,
time,0,consuming,2,8,compiled,385250,24910,47734,285160,15424,12022,199190,28740,,
time,0,unique,2,2,subscribed,186397,21250,76751,37256,29860,21280,87006,79025,,
time,0,unique,4,2,subscribed,601862,53565,174870,185117,125384,62926,276091,172302,,
time,0,binding,2,8,subscribed,303690,34486,95941,73961,60759,38543,141483,86467,,
time,0,inactive,4,2,subscribed,568361,56390,174207,135366,129708,72690,256816,147550,,
time,0,selective,2,2,eager,45872,14618,15138,4439,6252,5425,27335,11561,,
time,0,dense,2,8,indexed,207844,24485,36246,68639,51200,27274,82366,42713,,
time,0,dense,2,2,subscribed,81537,15991,15930,23584,16951,9081,42462,23103,,
time,0,unique,4,8,eager,1682074,152965,615806,307860,386863,218580,740864,409602,,
time,0,dense,2,2,compiled,241974,23385,22708,173728,12852,9301,125369,18329,,
time,0,churn-sparse,4,2,compiled,7090212,53046,155984,6751748,78718,50716,3524431,112859,,
time,0,consuming,2,2,subscribed,76906,19676,15619,28036,7313,6262,45793,23079,,
time,0,consuming,4,2,subscribed,216778,26507,27455,138320,15484,9012,114392,48748,,
time,0,unique,2,8,indexed,346954,35989,118199,81058,67759,43949,153456,99387,,
time,0,selective,4,8,subscribed,93000,14299,29310,16816,14428,18147,44712,26556,,
time,0,binding,2,8,indexed,331241,38791,105764,78830,66855,41001,156002,92118,,
time,0,dense,2,2,eager,79787,14902,21699,16450,16103,10633,39193,22629,,
time,0,inactive,2,2,indexed,172134,24188,77904,18266,30810,20966,88608,53677,,
time,0,churn-broad,2,8,compiled,2876722,42189,152861,2599752,47342,34578,1426980,109790,,
time,0,consuming,2,8,subscribed,181759,22131,38286,89462,19056,12824,95811,39124,,
time,0,consuming,4,8,eager,568793,28277,99156,379670,31812,29878,289578,67055,,
time,0,unique,4,2,compiled,8125063,54463,151473,7786323,79608,53196,4077666,134420,,
time,0,inactive,2,8,subscribed,287161,33574,97321,58144,61884,36238,134951,77948,,
time,0,churn-sparse,2,8,subscribed,360324,37417,117047,100496,65302,40062,170197,97517,,
time,0,consuming,2,8,indexed,144309,21541,37947,51182,15999,17640,72475,31119,,
time,0,churn-sparse,4,8,subscribed,1536461,154143,289885,487851,400652,203930,680118,258545,,
time,0,dense,2,8,eager,187340,25203,35212,47637,53526,25762,83024,39267,,
time,0,reopen,4,8,indexed,1374342,173913,275672,316793,396793,211171,610152,231352,,
time,0,reopen,2,2,compiled,717307,31528,77739,568193,19972,19875,354093,56913,,
time,0,churn-sparse,4,2,subscribed,609392,63679,178233,172527,125263,69690,278948,156454,,
time,0,churn-sparse,4,8,compiled,24957331,119030,272718,24158493,259605,147485,12387578,223798,,
time,0,reopen,4,8,eager,1755252,170506,647896,309963,401016,225871,779724,410260,,
time,0,inactive,2,2,compiled,579598,29318,74884,437689,19000,18707,292892,54133,,
time,0,selective,2,2,compiled,134136,35398,26970,61245,3623,6900,84443,16167,,
time,0,churn-broad,2,2,indexed,181017,21844,81348,26835,28944,22046,85646,67466,,
time,0,churn-sparse,2,2,eager,232616,23252,128965,27685,29502,23212,113459,92275,,
time,0,inactive,2,8,compiled,1524190,39229,98208,1313192,41568,31993,756504,76825,,
time,0,dense,4,8,eager,1082327,14122,176102,297898,389803,204402,370208,180239,,
time,0,selective,4,8,compiled,252357,23819,37104,169211,9636,12587,132358,29515,,
time,0,selective,4,2,subscribed,65943,12788,26399,10369,8984,7403,35288,17487,,
time,0,inactive,4,2,indexed,512868,54245,172763,86670,131194,67996,221901,122006,,
time,0,binding,2,2,subscribed,201340,22227,84681,43663,29386,21383,99696,70261,,
time,0,inactive,2,2,eager,207688,21904,120465,14490,28572,22257,98463,77216,,
time,0,churn-broad,4,2,compiled,9704066,53641,179386,9333251,82442,55346,4838374,123155,,
time,0,unique,2,8,compiled,3071236,41176,120508,2833927,41547,34078,1520938,84286,,
time,0,selective,2,8,indexed,69090,13176,20899,14320,12494,8201,36034,19514,,
time,0,reopen,2,8,eager,369040,36660,164608,56206,64936,46630,174699,108439,,
time,0,consuming,4,8,compiled,991977,31261,79476,835284,28055,17901,514346,53329,,
time,0,churn-sparse,2,8,indexed,334001,37208,116617,76293,62689,41194,157518,90257,,
time,0,dense,4,2,subscribed,396537,41004,53769,151086,100847,49831,171862,72638,,
time,1,dense,2,2,eager,77524,14379,19927,16774,16459,9985,38858,21790,,
time,1,selective,4,8,eager,81305,14040,31519,12137,13227,10382,41934,29331,,
time,1,churn-sparse,2,2,indexed,197467,24206,91459,26917,32136,22749,95806,54682,,
time,1,churn-broad,4,2,eager,1038041,60713,533095,223490,124179,96564,485620,362926,,
time,1,churn-broad,2,2,indexed,182121,22532,82146,27193,29272,20978,86987,65395,,
time,1,churn-broad,4,2,subscribed,744917,58049,194913,267429,144333,80193,347379,204720,,
time,1,unique,2,8,indexed,330048,36867,112392,78955,62863,38971,157355,87748,,
time,1,selective,2,2,subscribed,45482,11450,14534,8093,6109,5296,25752,12295,,
time,1,selective,4,8,compiled,253812,25370,37502,170009,9812,11119,136070,27363,,
time,1,inactive,4,2,indexed,493773,54908,166248,83814,125098,63705,225974,124153,,
time,1,unique,4,8,compiled,67415513,116283,266007,66649520,251460,132243,33718969,226637,,
time,1,reopen,4,2,indexed,506070,54129,174030,87122,125279,65510,229662,126232,,
time,1,binding,2,2,eager,236335,22837,122008,38885,28854,23751,111719,90176,,
time,1,reopen,2,2,compiled,686613,30670,78506,537303,19885,20249,341570,59134,,
time,1,reopen,2,2,indexed,165442,21426,78158,16973,28982,19903,79144,56015,,
time,1,consuming,4,8,indexed,287167,30385,67929,124966,31296,32591,137400,42318,,
time,1,consuming,2,2,compiled,192054,25564,29717,99022,29804,7947,116488,16244,,
time,1,selective,4,2,subscribed,76977,12114,38400,8876,9266,8321,44549,21405,,
time,1,unique,2,8,eager,378897,45459,166040,62586,63575,41237,185071,111602,,
time,1,churn-broad,4,8,indexed,1680203,158985,359832,435829,407236,318321,688045,171865,,
time,1,binding,2,8,subscribed,327389,35560,100970,88181,63815,38863,148831,90468,,
time,1,inactive,4,8,indexed,1316987,147955,268327,309576,392139,198990,562423,235256,,
time,1,inactive,2,8,indexed,306122,35979,102325,56603,73903,37312,139993,80121,,
time,1,consuming,4,2,compiled,272813,23698,31266,200607,8056,9186,141935,25443,,
time,1,binding,4,2,compiled,12977463,64143,351675,12416029,94834,50782,6421464,106866,,
time,1,consuming,4,8,compiled,942538,29522,80153,784544,31712,16607,473946,45007,,
time,1,consuming,2,8,indexed,141302,22843,36850,48946,15326,17337,72206,30579,,
time,1,unique,4,8,indexed,1416224,172760,286811,355528,396376,204749,632580,230380,,
time,1,inactive,4,2,eager,887507,56183,531598,83137,129337,87252,396255,305970,,
time,1,binding,4,8,eager,1726049,155434,591888,355187,410872,212668,778194,423181,,
time,1,consuming,2,2,eager,65817,17820,16774,19238,6615,5370,39285,17791,,
time,1,churn-sparse,2,2,eager,220316,22555,121530,24941,28162,23128,107327,87204,,
time,1,churn-broad,2,8,eager,485465,43703,190634,139605,65376,46147,231390,137762,,
time,1,selective,2,8,subscribed,72351,12992,21655,16286,12906,8512,37824,20917,,
time,1,inactive,2,8,compiled,1544067,36545,98108,1337561,40345,31508,750007,77456,,
time,1,inactive,2,2,eager,204654,22284,117437,14076,28370,22487,99000,75054,,
time,1,dense,4,8,indexed,1084319,54416,145609,331950,366638,185706,405098,147226,,
time,1,churn-broad,4,2,indexed,543105,57770,184541,107819,123113,69862,247834,139208,,
time,1,inactive,2,2,compiled,590483,30242,73987,447113,19570,19571,298213,56609,,
time,1,unique,2,8,compiled,3004531,41136,118290,2769842,41509,33754,1494896,86090,,
time,1,selective,4,8,indexed,81925,14352,28937,13651,14510,10475,42765,25274,,
time,1,churn-sparse,4,8,indexed,1372387,151412,285627,339865,392367,203116,602236,233895,,
time,1,reopen,2,8,subscribed,416987,40368,127169,128226,77825,43399,196089,110179,,
time,1,reopen,4,2,compiled,6644068,56135,153649,6298670,82269,53345,3329495,114826,,
time,1,binding,4,8,compiled,22617490,113356,244156,21851656,265673,142649,11252668,210878,,
time,1,selective,4,2,indexed,56373,12548,22537,5567,8769,6952,29898,16127,,
time,1,binding,2,8,eager,342575,34485,138076,68040,60718,41256,160559,106139,,
time,1,unique,4,2,subscribed,630366,54977,182803,192739,127143,72704,293193,144998,,
time,1,consuming,2,2,subscribed,78722,20232,15734,28730,7859,6167,47335,22295,,
time,1,selective,4,8,subscribed,88429,13634,28283,15880,13709,16923,42197,25773,,
time,1,inactive,4,8,subscribed,1569491,162442,309022,396612,479320,222095,666080,273239,,
time,1,churn-sparse,4,8,compiled,32199855,125020,279836,31386214,258430,150355,12545974,229245,,
time,1,churn-sparse,4,2,compiled,7300736,57432,159051,6949419,80811,54023,3686742,117987,,
time,1,churn-broad,4,8,eager,2312688,163144,715363,793560,399706,240915,1043362,488584,,
time,1,reopen,4,8,compiled,24905744,121868,271771,24117095,250282,144728,12345416,233683,,
time,1,unique,2,2,compiled,717740,30609,76476,570936,19878,19841,351201,59880,,
time,1,reopen,4,8,eager,1700680,152508,623873,303935,394493,225871,753481,462534,,
time,1,reopen,4,2,subscribed,619959,58740,176482,182815,131479,70443,286555,159221,,
time,1,binding,4,2,indexed,545689,55695,174714,122750,122300,70230,248895,159677,,
time,1,inactive,4,8,eager,1689466,163673,604492,292388,410102,218811,743198,393164,,
time,1,unique,4,8,subscribed,1894416,157813,304817,767295,416281,248210,798949,270505,,
time,1,inactive,4,2,subscribed,568910,57950,179924,134294,127034,69708,264157,144589,,
time,1,selective,2,8,compiled,220118,25421,34677,143265,7143,9612,119752,32120,,
time,1,selective,2,8,eager,67684,12493,22218,12790,11798,8385,35167,19097,,
time,1,inactive,2,2,indexed,156635,20088,71838,16040,28671,19998,74183,54407,,
time,1,churn-broad,2,2,compiled,951660,31123,88209,790528,21521,20279,487271,66159,,
time,1,consuming,4,8,subscribed,699078,33434,83492,509944,37461,34747,337724,76180,,
time,1,unique,4,8,eager,1731597,161157,639925,321703,396305,212507,767540,415836,,
time,1,churn-sparse,4,8,eager,1874677,153958,640323,456374,398854,225168,828585,430063,,
time,1,unique,4,2,eager,872950,57670,521059,81052,125453,87716,404095,310034,,
time,1,dense,4,2,indexed,329395,41143,47220,94637,97838,48557,148188,59357,,
time,1,churn-broad,2,2,subscribed,236795,26902,97105,53639,34043,25106,113598,97914,,
time,1,reopen,4,2,eager,858293,57544,510784,79471,122664,87830,395822,312956,,
time,1,inactive,2,8,subscribed,305321,37260,105042,61440,65173,36406,147776,81224,,
time,1,dense,4,2,subscribed,388316,41066,48350,148868,101896,48136,180803,75031,,
time,1,dense,2,8,compiled,744564,32295,45299,608686,37524,20760,376045,35142,,
time,1,binding,4,8,indexed,1305644,148307,261095,329819,380920,185503,581438,246283,,
time,1,inactive,2,8,eager,332829,35173,144173,48698,64271,40514,156031,117208,,
time,1,reopen,4,8,subscribed,1736069,158671,295777,662206,403717,215698,759717,250735,,
time,1,selective,4,2,compiled,146020,23041,32398,76844,5271,8466,81814,23330,,
time,1,binding,2,8,indexed,317725,38495,102671,75050,63807,37702,150248,87114,,
time,1,selective,2,2,eager,50438,14387,17627,5134,7243,6047,29287,12843,,
time,1,churn-broad,4,8,compiled,36079732,129028,353008,35134501,295373,167822,18070406,261847,,
time,1,unique,2,2,subscribed,217723,25680,93556,41098,34724,22665,108906,73795,,
time,1,reopen,2,8,compiled,2207957,41592,127283,1960154,44303,34625,1100759,86653,,
time,1,churn-sparse,4,8,subscribed,1578235,167832,298295,506740,405475,199893,695521,259288,,
time,1,reopen,2,8,indexed,319038,37145,114863,62078,64467,40485,148013,87251,,
time,1,reopen,4,8,indexed,1368186,161350,278083,315081,400368,213304,595382,243768,,
time,1,dense,2,2,compiled,280808,23895,25342,205926,14571,11074,146821,22643,,
time,1,unique,4,2,indexed,539774,57758,182804,93839,135218,70155,252588,132055,,
time,1,churn-broad,2,8,subscribed,442719,39530,139314,147457,66484,49934,207542,120520,,
time,1,churn-broad,4,8,subscribed,1826955,21874,366830,825682,397734,214835,736053,319183,,
time,1,consuming,4,2,eager,190892,21086,56619,91049,13504,8634,102583,47022,,
time,1,churn-sparse,2,8,compiled,2292837,42320,132708,2040979,44917,31913,1132337,95675,,
time,1,churn-sparse,2,8,eager,416911,41103,173094,92071,64644,45999,195618,120684,,
time,1,inactive,2,2,subscribed,179768,21580,80682,24515,31072,21919,84839,54853,,
time,1,dense,2,2,subscribed,100927,16395,19316,32953,20536,11727,53179,28578,,
time,1,churn-sparse,4,2,eager,985923,61261,564509,132343,133494,94316,466719,329467,,
time,1,inactive,4,8,compiled,22099459,115555,256832,21331698,254770,140604,10954410,203940,,
time,1,churn-broad,2,8,indexed,404113,38745,141641,108533,68936,46258,197177,103840,,
time,1,unique,4,2,compiled,8208237,53393,174600,7837327,89364,53553,4112727,112030,,
time,1,binding,4,8,subscribed,1410926,150280,274783,402733,387044,196086,610424,257925,,
time,1,dense,2,8,eager,190821,30882,38442,49237,47016,25244,92166,41523,,
time,1,consuming,4,8,eager,571079,29807,101491,374627,32673,32481,281773,69286,,
time,1,dense,4,8,eager,1081693,12939,191251,324860,373924,178719,404642,171089,,
time,1,consuming,4,2,indexed,93694,19800,23984,30339,11604,7967,51936,20903,,
time,1,churn-broad,2,8,compiled,2995020,44007,162420,2699425,51123,38045,1490713,111547,,
time,1,consuming,2,8,compiled,426533,25611,52109,312493,22561,13759,214577,31214,,
time,1,churn-sparse,2,8,indexed,364699,41304,128658,85787,68459,40491,176052,94078,,
time,1,binding,2,8,compiled,1701223,42147,105684,1477416,43152,32824,840262,84356,,
time,1,dense,2,2,indexed,75135,14724,16138,18695,16136,9442,38526,22411,,
time,1,selective,4,2,eager,60129,13762,25930,4461,8215,7761,32424,19294,,
time,1,unique,2,2,indexed,160119,21263,74145,17731,28130,18850,78088,53955,,
time,1,dense,4,8,compiled,18875417,107151,170408,18179878,253070,164910,9136361,170188,,
time,1,consuming,2,8,eager,182603,26653,42983,82010,17612,13345,95340,40551,,
time,1,binding,2,2,compiled,795629,31087,83371,636198,22319,22654,389451,67777,,
time,1,churn-sparse,2,8,subscribed,382038,38676,128814,105368,66553,42627,177572,100536,,
time,1,churn-sparse,4,2,subscribed,632836,60972,185239,177429,129933,79263,288408,167041,,
time,1,dense,2,8,subscribed,190118,25794,32939,59735,48107,23543,88591,43612,,
time,1,unique,2,8,subscribed,434500,38571,127673,152211,71037,45008,212210,106358,,
time,1,churn-sparse,2,2,subscribed,202639,23511,87162,37192,31524,23250,97280,67394,,
time,1,unique,2,2,eager,227014,24129,131344,17238,30479,23824,109809,83557,,
time,1,dense,2,8,indexed,189142,26249,32837,55291,49320,25445,87338,39291,,
time,1,binding,2,2,indexed,185789,21477,77221,35995,29544,21552,88830,71305,,
time,1,selective,2,2,compiled,107558,21005,20535,56179,3414,6425,61933,14765,,
time,1,churn-broad,2,2,eager,275423,29940,143290,42659,33043,26491,133383,106181,,
time,1,consuming,2,2,indexed,61399,19777,15044,13976,7105,5497,38179,14843,,
time,1,consuming,4,2,subscribed,214876,26782,31258,134692,13642,8502,116172,48132,,
time,1,churn-broad,4,2,compiled,9891625,57594,177360,9519708,83974,52989,4959214,121822,,
time,1,inactive,4,2,compiled,6274276,52333,148343,5934678,82628,56294,3109698,114513,,
time,1,selective,2,8,indexed,70418,13570,21330,14498,12590,8430,36687,20061,,
time,1,churn-sparse,4,2,indexed,528182,56842,180114,92195,126593,72438,239715,129556,,
time,1,binding,4,2,subscribed,601725,56296,175785,178997,125695,64952,281148,165204,,
time,1,dense,4,2,eager,356737,42215,82463,87171,97417,47471,162020,73102,,
time,1,binding,4,2,eager,916014,57724,491385,153015,126069,87821,428513,329932,,
time,1,dense,4,8,subscribed,1210338,13449,30489,353426,382363,430611,395152,54376,,
time,1,binding,2,2,subscribed,199455,22750,81244,44264,29917,21280,96356,71810,,
time,1,consuming,2,8,subscribed,186522,22000,39535,93181,18390,13416,97689,40169,,
time,1,churn-sparse,2,2,compiled,766163,30950,82197,612366,20430,20220,382585,61047,,
time,1,dense,4,2,compiled,4487883,43571,54446,4284746,69434,35686,2236827,50414,,
time,1,reopen,2,2,eager,243822,25725,140947,18130,32835,26185,121426,86220,,
time,1,reopen,2,8,eager,368163,38520,158639,65188,63692,42124,168903,112714,,
time,1,selective,2,2,indexed,43205,12514,14250,4756,6541,5144,25398,10937,,
time,1,reopen,2,2,subscribed,190097,22144,81675,33567,31071,21640,89717,71098,,
time,2,churn-sparse,4,2,subscribed,622560,60616,179797,176178,134967,71002,284074,161491,,
time,2,churn-sparse,4,8,subscribed,1521637,157014,288296,478326,402406,195595,678842,265961,,
time,2,consuming,2,8,compiled,423183,25467,52066,317053,15677,12920,210709,32790,,
time,2,reopen,4,2,indexed,500524,54762,171103,84502,126745,63412,228762,129365,,
time,2,dense,4,2,compiled,4466769,44097,55770,4267756,64031,35115,2227031,49581,,
time,2,selective,4,2,subscribed,67730,13906,25752,9506,9780,8786,36034,23214,,
time,2,dense,4,8,eager,1039754,13410,177391,293734,368152,187067,375940,168248,,
time,2,reopen,2,2,subscribed,194013,22887,86184,33355,30892,20695,91349,68289,,
time,2,churn-sparse,4,8,compiled,25525571,127689,285961,24687258,270749,153914,12710555,222830,,
time,2,selective,4,2,eager,61512,14172,26824,4297,8321,7898,33008,18707,,
time,2,churn-broad,4,2,subscribed,751027,58280,204021,283508,133505,71713,346440,194284,,
time,2,consuming,4,8,eager,604831,31160,105695,400710,34606,32660,290436,72910,,
time,2,inactive,4,8,compiled,21965406,120402,256440,21194421,251815,142328,10912880,212591,,
time,2,churn-sparse,4,2,eager,909421,59994,516886,119382,122510,90649,424883,321593,,
time,2,selective,4,8,indexed,83894,15535,29692,13819,14394,10454,45280,24270,,
time,2,unique,4,2,compiled,8204067,53749,154180,7864583,79054,52501,4061358,114176,,
time,2,inactive,4,8,indexed,1315269,155122,267455,304900,392454,195338,574242,223084,,
time,2,churn-broad,4,8,subscribed,1860222,22295,387170,837285,404180,209292,766043,324749,,
time,2,binding,2,2,subscribed,213350,22761,95001,44275,30009,21304,110137,71992,,
time,2,unique,4,2,subscribed,640949,60032,183170,197867,132864,67016,296562,151827,,
time,2,unique,2,2,compiled,805226,31663,82498,648666,21292,21107,425062,66000,,
time,2,inactive,2,8,compiled,1583862,40019,100770,1365707,42822,34544,780943,84059,,
time,2,selective,4,8,eager,98605,17560,37956,14673,15860,12556,51689,30093,,
time,2,binding,2,8,subscribed,325795,37528,102784,78987,65320,41176,152321,91345,,
time,2,selective,2,2,eager,47669,13858,16684,4789,6560,5778,27785,12217,,
time,2,unique,2,2,subscribed,197962,21949,81694,38354,33286,22679,93568,69896,,
time,2,consuming,2,8,subscribed,183204,21674,38420,92656,17899,12555,94667,40758,,
time,2,consuming,4,8,compiled,1039190,32388,86671,873057,29438,17636,529560,46447,,
time,2,inactive,2,2,indexed,208810,21262,110626,20868,33402,22652,110298,57206,,
time,2,dense,2,2,subscribed,82326,14195,16380,24180,17693,9878,41115,23823,,
time,2,binding,2,8,indexed,319559,38040,102319,76603,63370,39227,150410,90808,,
time,2,reopen,2,8,compiled,2189062,46840,122657,1941992,43299,34274,1105802,90168,,
time,2,binding,4,2,indexed,553732,55308,172975,126050,129774,69625,257559,145303,,
time,2,inactive,2,8,eager,337771,35781,147110,49718,63793,41369,155413,100367,,
time,2,selective,2,8,compiled,226893,24339,37215,141973,7643,15723,117839,26999,,
time,2,binding,2,2,eager,240432,23334,122070,40319,30479,24230,114675,90186,,
time,2,reopen,2,8,indexed,318422,37915,114808,62401,64082,39216,149288,89209,,
time,2,churn-broad,2,8,indexed,408912,39735,140333,106988,73632,48224,191060,109358,,
time,2,churn-sparse,2,8,indexed,352488,37797,123180,79967,66775,44769,165443,100358,,
time,2,reopen,4,8,indexed,1389460,171824,295232,314456,400347,207601,617623,231380,,
time,2,inactive,4,2,eager,869771,60408,517484,82192,124856,84831,405731,308278,,
time,2,churn-broad,2,2,subscribed,227954,24982,95382,49269,33312,25009,109024,84461,,
time,2,churn-sparse,2,8,compiled,2292094,46784,124977,2040221,45714,34398,1156038,102322,,
time,2,selective,2,8,eager,70507,13413,23259,13084,12229,8522,37125,19911,,
time,2,inactive,2,2,subscribed,178591,22310,79652,24440,31323,20866,85175,54422,,
time,2,dense,4,2,eager,369199,41927,85507,88274,100955,52536,163918,73768,,
time,2,consuming,2,8,eager,176587,22381,43620,80565,17258,12763,91411,39096,,
time,2,dense,4,8,compiled,17860328,104725,169214,17215396,237508,133485,8836131,153520,,
time,2,dense,2,8,indexed,192814,25487,36639,56400,48577,25711,86152,39662,,
time,2,reopen,2,8,eager,372609,37296,162187,57787,68310,47029,168183,128225,,
time,2,unique,2,2,indexed,182547,25319,83049,20062,31754,22363,89127,61314,,
time,2,dense,4,8,indexed,1094051,53643,139202,312451,377509,211246,411590,154131,,
time,2,churn-broad,4,2,eager,1064384,61259,550019,226128,130753,96225,498437,365261,,
time,2,binding,4,8,compiled,22973144,123215,257604,22193406,252040,146879,11412618,210624,,
time,2,inactive,2,2,compiled,573512,29852,72225,433625,18860,18950,289173,56863,,
time,2,selective,2,2,subscribed,43736,11245,13903,7484,5976,5128,24602,11372,,
time,2,binding,4,2,eager,914966,57810,489510,152616,127643,87387,424650,337508,,
time,2,binding,2,2,compiled,750466,32597,80261,596722,19510,21376,373443,61083,,
time,2,consuming,4,2,eager,218804,24982,64510,105678,14281,9353,122734,48998,,
time,2,selective,2,2,indexed,54794,11531,13689,4670,6392,18512,24198,11598,,
time,2,inactive,4,2,subscribed,579774,58236,177988,137673,132221,73656,265666,149502,,
time,2,consuming,4,8,subscribed,646649,31879,71988,473200,36197,33385,323107,77782,,
time,2,churn-sparse,2,2,indexed,176425,22220,80702,22157,30473,20873,84461,55770,,
time,2,reopen,2,2,compiled,719125,32045,81216,563249,21077,21538,361324,60340,,
time,2,unique,4,2,indexed,526237,61455,178798,88863,127919,69202,242304,125584,,
time,2,unique,4,2,eager,879717,59798,523651,82142,128270,85856,404909,314025,,
time,2,consuming,2,2,subscribed,76289,19569,15609,27783,7389,5939,45638,21852,,
time,2,inactive,4,8,eager,1667876,151810,609141,291991,393904,221030,728555,394359,,
time,2,reopen,4,8,eager,1766119,155490,640099,322373,429060,219097,789401,410057,,
time,2,selective,4,2,indexed,56331,13123,22469,5273,8661,6805,30501,15997,,
time,2,binding,4,2,compiled,6934389,58370,161838,6574360,80853,58968,3434037,127063,,
time,2,selective,4,2,compiled,151293,24881,32438,79620,5409,8945,83657,23384,,
time,2,dense,2,2,compiled,250193,25042,24077,175103,16694,9277,130853,19448,,
time,2,churn-broad,2,2,eager,319984,30335,167568,51540,38362,32179,157175,126539,,
time,2,churn-broad,2,8,compiled,2976548,43707,158505,2688899,48338,37099,1482583,112535,,
time,2,churn-sparse,2,2,eager,240220,24919,130120,26831,30601,27749,115230,107125,,
time,2,dense,4,2,subscribed,379635,42033,48862,137586,101602,49552,171527,72257,,
time,2,dense,2,2,eager,78045,14982,20370,17129,16130,9434,39824,23476,,
time,2,dense,4,8,subscribed,1186921,15153,32582,354802,375966,408418,402271,53178,,
time,2,reopen,2,2,indexed,176622,22545,82554,18563,31189,21771,84238,61070,,
time,2,churn-sparse,4,8,eager,2656631,161208,1065217,469643,604543,356020,876059,1070502,,
time,2,dense,4,2,indexed,325880,41144,46442,91749,98962,47583,146040,58645,,
time,2,reopen,4,2,subscribed,679620,84222,187375,201915,135911,70197,333826,153573,,
time,2,consuming,4,2,subscribed,215818,28481,28508,136105,14211,8513,119795,49877,,
time,2,reopen,4,2,compiled,6788660,53878,153659,6446114,80560,54449,3415117,113615,,
time,2,inactive,2,8,subscribed,308908,36159,103576,60835,66374,41964,142992,84657,,
time,2,reopen,4,8,subscribed,1747719,160768,286977,691852,407841,200281,795377,251745,,
time,2,selective,2,8,indexed,68649,12946,20987,14195,12288,8233,35609,19376,,
time,2,selective,2,2,compiled,108244,21724,20951,55597,3417,6555,62384,17006,,
time,2,unique,4,8,compiled,69070802,135584,278494,68233294,267167,156263,34546903,231360,,
time,2,binding,4,8,subscribed,1428369,154024,270566,389309,408385,206085,618926,258556,,
time,2,unique,2,2,eager,214988,22716,123463,16330,28770,23709,103842,78948,,
time,2,selective,4,8,compiled,253363,25676,38145,168539,9756,11247,135483,28809,,
time,2,consuming,2,2,eager,66565,17806,17289,19372,6647,5451,39693,18409,,
time,2,churn-sparse,2,2,compiled,789042,32322,85805,629855,20405,20655,397568,61632,,
time,2,reopen,4,2,eager,882864,58157,533217,80242,125456,85792,422207,311060,,
time,2,churn-broad,2,2,indexed,188993,22940,84860,28659,30081,22453,88491,68492,,
time,2,unique,2,8,indexed,354382,40046,122282,80500,67386,44168,166571,95374,,
time,2,reopen,4,8,compiled,25543992,119509,286242,24703502,287028,147711,12660505,215212,,
time,2,churn-broad,2,2,compiled,987424,32726,89120,821427,22408,21743,496708,64388,,
time,2,churn-sparse,2,8,subscribed,396233,40149,138833,107609,66768,42874,197695,101121,,
time,2,binding,4,8,eager,1665687,148053,564026,355205,380145,218258,734824,427898,,
time,2,dense,2,2,indexed,70515,13801,15359,17397,15025,8933,36000,20793,,
time,2,reopen,2,8,subscribed,377519,37546,119705,113872,66003,40393,179033,104059,,
time,2,inactive,2,8,indexed,295101,34052,100185,59196,64132,37536,133203,83687,,
time,2,churn-sparse,4,2,compiled,7195872,53739,162324,6843470,81589,54750,3595784,116913,,
time,2,churn-broad,2,8,subscribed,456943,40757,142309,156514,71850,45513,214959,117699,,
time,2,unique,2,8,eager,386586,41011,166561,64736,67093,47185,180616,119079,,
time,2,dense,2,8,compiled,743208,33589,46617,607491,34215,21296,373351,36027,,
time,2,binding,4,8,indexed,1366146,162246,271194,346023,388473,198210,597766,238943,,
time,2,churn-broad,4,8,eager,2298645,167695,703402,774166,416908,236474,1071280,507252,,
time,2,binding,2,2,indexed,193376,24957,82280,35577,29273,21289,91909,66491,,
time,2,consuming,4,8,indexed,314969,36450,72520,139231,33382,33386,153512,44474,,
time,2,unique,4,8,indexed,1415582,159181,280975,360780,416979,197667,634239,236167,,
time,2,churn-broad,2,8,eager,483885,41582,191847,135940,68603,45913,231495,145463,,
time,2,consuming,2,2,indexed,68978,20906,16851,16445,8292,6484,42681,16870,,
time,2,churn-broad,4,8,compiled,36860125,130687,389615,35921051,271706,147066,18428348,279646,,
time,2,unique,2,8,subscribed,412605,38484,121769,143334,67000,42018,196443,105252,,
time,2,inactive,4,8,subscribed,1425104,203938,276276,345945,402453,196492,663961,242064,,
time,2,consuming,2,8,indexed,139648,20686,37075,49200,16046,16641,70596,30902,,
time,2,dense,2,8,subscribed,185264,25573,32001,58162,46395,23133,86746,41531,,
time,2,churn-broad,4,2,indexed,559438,58213,192111,111187,126485,71442,255797,141528,,
time,2,churn-sparse,2,2,subscribed,208701,25364,90423,38984,31807,22123,100906,65343,,
time,2,churn-sparse,2,8,eager,411658,38749,170708,92239,65574,44388,196236,118984,,
time,2,unique,4,8,eager,1761295,161391,658543,320138,401800,219423,778144,412043,,
time,2,churn-broad,4,2,compiled,9806196,55140,174774,9437417,83742,55123,4864717,122469,,
time,2,inactive,2,2,eager,224283,23778,131774,14624,30120,23987,105317,78891,,
time,2,consuming,2,2,compiled,141728,21022,25767,84433,4203,6303,77857,15792,,
time,2,selective,2,8,subscribed,69922,13134,20484,15618,12461,8225,36582,20357,,
time,2,inactive,4,2,compiled,6500329,56482,165758,6143606,80917,53566,3200560,125803,,
time,2,churn-broad,4,8,indexed,1691769,164233,355039,444170,400549,327778,702481,166649,,
time,2,selective,4,8,subscribed,88409,13338,28059,15930,14030,17052,42377,26304,,
time,2,churn-sparse,4,8,indexed,1424627,154399,306498,350050,418968,194712,628846,239092,,
time,2,inactive,4,2,indexed,501926,55973,167034,83160,124691,71068,223116,140590,,
time,2,binding,4,2,subscribed,608688,55810,178194,177828,126767,70089,280907,169121,,
time,2,churn-sparse,4,2,indexed,517731,56060,174509,90922,126030,70210,234117,130377,,
time,2,consuming,4,2,indexed,99982,21248,25928,32007,12619,8180,56075,22050,,
time,2,unique,4,8,subscribed,1808518,158311,286217,737807,424321,201862,834323,268739,,
time,2,reopen,2,2,eager,218989,22461,126872,15840,29419,24397,104172,83185,,
time,2,consuming,4,2,compiled,270606,24332,32696,197444,7610,8524,145421,22690,,
time,2,binding,2,8,eager,351375,38303,143462,68202,61183,40225,169209,106686,,
time,2,dense,2,8,eager,196354,29560,38270,52823,48807,26894,94270,41012,,
time,2,unique,2,8,compiled,3257250,44135,127236,3001775,46919,37185,1624628,93533,,
time,2,binding,2,8,compiled,1689464,38793,101091,1472414,42754,34412,813187,86404,,
time,3,churn-broad,2,8,compiled,3012456,47414,156393,2720679,49705,38265,1504482,120636,,
time,3,binding,4,8,indexed,1384550,147708,277050,363260,381248,215284,611520,240882,,
time,3,reopen,4,2,compiled,6831494,54252,158780,6478181,85680,54601,3414712,117121,,
time,3,churn-sparse,4,2,indexed,519827,56383,172988,91001,127353,72102,235858,130598,,
time,3,binding,4,8,eager,1716408,176438,572258,352449,397010,218253,765618,417228,,
time,3,churn-sparse,2,2,indexed,187147,22316,85889,23913,32423,22606,86260,61317,,
time,3,binding,2,8,indexed,329161,38641,107256,76890,66399,39975,155578,89798,,
time,3,selective,2,8,eager,77457,14294,25446,14247,13130,10340,40786,20794,,
time,3,selective,4,8,subscribed,92078,14252,29135,16654,14577,17460,44207,26844,,
time,3,churn-sparse,4,8,indexed,1439200,165444,283338,369538,406247,214633,646826,247867,,
time,3,unique,4,8,indexed,1386131,155211,280797,350894,392869,206360,601426,245162,,
time,3,dense,4,2,compiled,4454484,43884,55042,4255010,64442,36106,2221380,48936,,
time,3,unique,2,2,eager,261806,24727,164444,17233,31032,24370,110292,84752,,
time,3,churn-broad,2,2,indexed,203251,24145,90750,31170,32774,24412,96983,71342,,
time,3,binding,2,8,compiled,1705240,41661,107559,1480360,42694,32966,846704,81816,,
time,3,unique,4,8,compiled,72594656,120242,324842,71744155,256794,148623,38398897,251022,,
time,3,dense,4,8,indexed,1054604,54145,141534,312294,371759,174872,408710,148836,,
time,3,selective,4,2,eager,73353,16287,33553,5134,9505,8874,41256,21607,,
time,3,unique,4,8,subscribed,1827486,154721,298509,765918,406521,201817,807964,246474,,
time,3,dense,2,2,indexed,73701,14972,16030,17920,15672,9107,38100,21665,,
time,3,churn-sparse,2,8,eager,418212,38414,174128,94804,66205,44661,195954,190157,,
time,3,inactive,2,2,compiled,594344,30639,75295,449502,19889,19019,298803,56288,,
time,3,consuming,2,8,compiled,436973,26579,51867,327506,16726,14295,239240,34806,,
time,3,consuming,2,2,eager,67815,18116,17336,19828,6938,5597,40338,18904,,
time,3,selective,4,2,subscribed,67379,13969,25991,9710,9802,7907,36120,20433,,
time,3,binding,4,2,eager,926391,58020,499860,159500,123162,85849,436898,329205,,
time,3,churn-broad,2,8,indexed,403459,45088,148324,102054,65424,42569,200766,103165,,
time,3,binding,2,8,eager,376320,37574,154502,73623,66441,44180,169480,117281,,
time,3,reopen,2,8,eager,364112,37793,162406,56208,65667,42038,170067,109846,,
time,3,consuming,4,2,compiled,255442,23179,30871,185945,7037,8410,137720,22062,,
time,3,selective,2,8,compiled,210135,23394,32713,136803,7266,9959,112623,33014,,
time,3,inactive,2,8,subscribed,302395,34415,102699,60048,66809,38424,138570,83971,,
time,3,churn-broad,2,8,eager,470479,39511,184665,132092,66872,47339,222082,139973,,
time,3,selective,2,2,indexed,43548,12478,14078,4900,6805,5287,25506,10813,,
time,3,reopen,2,2,subscribed,201248,22707,83644,41651,31401,21845,94112,69232,,
time,3,churn-broad,2,2,eager,255058,25759,136538,36873,31462,24426,125963,97512,,
time,3,dense,4,8,subscribed,1277424,17307,34962,411661,383579,429915,423081,55627,,
time,3,consuming,2,2,subscribed,75212,19934,15454,27054,7003,5767,45495,21054,,
time,3,dense,2,8,subscribed,184175,25122,31735,57762,46243,23313,85384,41668,,
time,3,unique,2,8,compiled,3326801,44665,127166,3075378,43382,36210,1772707,95569,,
time,3,binding,2,2,indexed,197721,22495,83307,38818,31582,21519,94820,75731,,
time,3,binding,2,8,subscribed,344536,40108,110100,87797,66938,39593,165367,95780,,
time,3,inactive,4,2,indexed,503845,57283,170074,82987,124999,68502,226055,123518,,
time,3,binding,2,2,eager,258154,24360,126226,40174,37051,30343,125759,103139,,
time,3,reopen,2,8,compiled,2210405,41489,122110,1967064,45402,34340,1104433,87015,,
time,3,reopen,2,8,indexed,330214,38849,119747,63850,66662,41106,154495,89137,,
time,3,dense,4,2,indexed,324381,41538,47124,93619,96272,45828,145105,58384,,
time,3,consuming,4,2,subscribed,224156,28022,28400,144280,14448,9006,121229,52968,,
time,3,churn-sparse,4,8,subscribed,1554995,157710,300460,491558,399429,205838,706414,263882,,
time,3,consuming,4,2,eager,205020,21870,61374,99449,13731,8596,111697,49448,,
time,3,inactive,4,2,compiled,6267064,55533,151686,5925556,79088,55201,3123148,111231,,
time,3,dense,2,8,indexed,216414,30171,37791,65936,54918,27598,100588,46789,,
time,3,unique,4,2,subscribed,636704,57330,179424,196233,137692,66025,292468,148418,,
time,3,selective,4,2,indexed,56749,12681,22942,5355,8841,6930,30311,15629,,
time,3,reopen,4,8,subscribed,1705579,156516,287159,662078,402090,197736,761498,251437,,
time,3,churn-broad,4,8,subscribed,1871626,21647,360225,834606,430308,224840,782397,350631,,
time,3,churn-broad,4,8,indexed,1663714,166879,350999,422206,401650,321980,689686,164889,,
time,3,inactive,2,8,indexed,299039,36347,100446,57672,66153,38421,139384,87711,,
time,3,consuming,4,8,eager,637630,30903,107066,431993,34422,33246,312555,69782,,
time,3,reopen,2,2,indexed,169428,21570,79936,17341,29785,20796,80930,57850,,
time,3,reopen,2,2,compiled,751798,34025,84953,589155,21929,21736,380177,65736,,
time,3,churn-sparse,2,8,indexed,352773,40879,122936,81074,66565,41319,167922,92561,,
time,3,selective,4,2,compiled,153568,24625,33623,80520,5416,9384,83859,25272,,
time,3,unique,2,2,indexed,172725,22427,79677,19654,30411,20556,83363,59133,,
time,3,selective,2,2,eager,49821,14006,17684,4971,7100,6060,28737,13025,,
time,3,inactive,2,2,subscribed,191095,23345,86286,26456,32486,22522,92445,53202,,
time,3,inactive,2,2,indexed,154557,20022,71521,16254,27863,18897,73923,54555,,
time,3,inactive,4,8,indexed,1345080,154889,266081,313755,410383,199972,578680,220807,,
time,3,churn-broad,4,8,compiled,36795927,127454,357667,35874792,274770,161244,18170917,276335,,
time,3,dense,4,8,eager,1037807,12639,171869,306125,370733,176441,393253,163421,,
time,3,reopen,4,8,indexed,1410450,159163,291690,324480,418412,216705,627028,251217,,
time,3,inactive,4,2,eager,913126,59351,540023,81872,135856,96024,422415,345988,,
time,3,unique,2,8,indexed,366353,38892,127171,83344,70353,46593,171434,92158,,
time,3,inactive,2,8,compiled,1540436,39190,99701,1327865,41152,32528,776200,77339,,
time,3,inactive,2,2,eager,244730,23878,152536,15079,30293,22944,133124,86685,,
time,3,consuming,2,8,indexed,166547,23508,46970,58704,17869,19496,85966,33265,,
time,3,churn-broad,4,8,eager,2319761,164397,714333,773780,431666,235585,1065124,492301,,
time,3,dense,4,2,subscribed,389778,42891,51325,140275,104371,50916,176354,74108,,
time,3,reopen,4,2,eager,877084,60098,518910,83043,127046,87987,406439,334320,,
time,3,consuming,2,2,indexed,85758,42759,15443,14332,7447,5777,61768,19606,,
time,3,unique,2,8,subscribed,406113,38930,125882,137345,65104,38852,197750,101538,,
time,3,dense,2,2,compiled,253072,26025,24626,180273,12339,9809,134086,19091,,
time,3,consuming,4,8,indexed,275674,28832,64642,119729,30434,32037,131115,41650,,
time,3,binding,4,2,compiled,7070737,53874,159152,6703229,80249,74233,3509914,114586,,
time,3,churn-broad,2,2,subscribed,212062,23113,88230,46320,31468,22931,101717,79117,,
time,3,churn-sparse,2,8,compiled,2293307,43555,127212,2040818,46979,34743,1134369,99107,,
time,3,dense,4,2,eager,364687,41577,84119,89060,98537,51394,162287,76147,,
time,3,reopen,4,8,eager,1744951,160310,628354,336569,394396,225322,770530,407490,,
time,3,unique,2,2,compiled,729267,30286,78477,580231,19867,20406,360037,59243,,
time,3,binding,4,8,compiled,24457391,126512,273012,23628793,263854,165220,12469447,225984,,
time,3,churn-sparse,2,2,eager,241125,23981,133734,28131,30848,24431,116146,99028,,
time,3,selective,2,2,subscribed,58099,13764,17405,9481,11166,6283,34757,14402,,
time,3,inactive,4,8,subscribed,1403289,154124,265413,343801,432086,207865,598082,268992,,
time,3,churn-broad,4,2,indexed,554623,58277,188743,111711,127201,68691,254334,138553,,
time,3,reopen,2,2,eager,223585,24128,129113,16158,30239,23947,107551,98298,,
time,3,consuming,2,8,subscribed,189729,23570,40662,93077,18453,13967,99037,45453,,
time,3,consuming,4,8,subscribed,640925,30357,70944,470095,35210,34319,303505,72977,,
time,3,unique,4,2,compiled,8503906,54919,155113,8157043,82684,54147,4211307,115313,,
time,3,unique,4,2,eager,909978,59620,536233,83060,125467,105598,407982,333086,,
time,3,unique,4,2,indexed,537567,61054,181305,93904,128791,72513,242952,133865,,
time,3,dense,2,8,compiled,729949,34160,44335,597719,33026,20709,366731,36188,,
time,3,inactive,2,8,eager,353546,36600,157066,51236,65789,42855,163310,112085,,
time,3,consuming,4,8,compiled,1015139,30836,81696,854726,29815,18066,502011,46655,,
time,3,selective,4,8,eager,83710,14369,32599,12479,13590,10673,43414,26368,,
time,3,reopen,2,8,subscribed,392593,39333,122209,119277,68792,42982,182437,104812,,
time,3,dense,2,2,eager,81393,15756,20560,17682,17256,10139,41279,24099,,
time,3,inactive,4,2,subscribed,569042,55987,173770,137946,129098,72241,258656,153607,,
time,3,churn-broad,2,8,subscribed,449422,38987,143421,151354,68382,47278,213167,123430,,
time,3,dense,2,2,subscribed,89771,15270,18285,27550,18588,10078,44731,25001,,
time,3,inactive,4,8,eager,1740726,159843,625672,313405,407551,234255,763500,426387,,
time,3,consuming,2,8,eager,193884,22152,46060,93220,17983,14469,94695,45888,,
time,3,churn-sparse,2,2,compiled,780603,31672,81960,625682,21034,20255,395728,62733,,
time,3,churn-broad,4,2,compiled,10462855,59773,191810,10053516,97267,60489,5134539,137402,,
time,3,unique,2,8,eager,412464,41978,179638,71304,70945,48599,194538,123360,,
time,3,selective,4,8,compiled,307416,26528,44205,210246,11953,14484,164836,31575,,
time,3,churn-sparse,4,2,compiled,7334626,54719,160146,6982121,83488,54152,3640245,119411,,
time,3,binding,2,2,compiled,751218,32561,81321,595349,20616,21371,382740,62994,,
time,3,inactive,4,8,compiled,22257037,119752,266054,21460744,266273,144214,11004173,209093,,
time,3,churn-broad,4,2,eager,1060670,60230,549856,228999,126152,95433,497881,367167,,
time,3,dense,2,8,eager,178790,25052,35209,47028,46096,25405,82322,39714,,
time,3,unique,4,8,eager,1791860,156585,677063,329647,397328,231237,807537,422154,,
time,3,binding,4,2,subscribed,605410,56402,176655,179401,125998,66954,276000,169628,,
time,3,churn-sparse,2,8,subscribed,389434,38615,128551,110154,65879,46235,190107,105663,,
time,3,binding,4,2,indexed,498575,50719,158852,110993,113568,64443,224913,136641,,
time,3,churn-sparse,4,2,subscribed,633787,57452,179678,186033,136768,73856,282472,158801,,
time,3,selective,2,8,subscribed,73176,13283,21835,16540,13144,8374,38450,21591,,
time,3,consuming,4,2,indexed,96310,20489,25804,30363,11716,7938,53450,20872,,
time,3,churn-broad,2,2,compiled,1004005,31292,86984,839829,22929,22971,491520,91945,,
time,3,reopen,4,2,indexed,520536,55798,170641,90310,131238,72549,230074,130684,,
time,3,unique,2,2,subscribed,205292,26738,88516,36422,31397,22219,103919,69491,,
time,3,consuming,2,2,compiled,150604,22882,26139,90301,4454,6828,85250,16148,,
time,3,binding,2,2,subscribed,192134,21777,78234,42736,29032,20355,93485,72720,,
time,3,churn-sparse,4,8,eager,1858077,158102,635156,448298,398338,218183,830793,447029,,
time,3,reopen,4,8,compiled,25455489,123128,271173,24664334,256487,140367,12664066,213441,,
time,3,churn-sparse,2,2,subscribed,197557,22964,85047,36490,31288,21768,93738,69438,,
time,3,selective,2,8,indexed,67936,12830,20770,13896,12413,8027,35564,19228,,
time,3,dense,4,8,compiled,17965965,124502,183221,17275364,239315,143563,8966443,165162,,
time,3,churn-broad,4,2,subscribed,768916,63029,206384,283895,138429,77179,359947,209512,,
time,3,selective,2,2,compiled,117726,23189,22395,61063,4016,7063,67563,17362,,
time,3,churn-sparse,4,2,eager,925260,59163,526452,124679,126222,88744,432764,327044,,
time,3,selective,4,8,indexed,79790,14573,28231,12989,14186,9811,42270,23432,,
time,3,binding,4,8,subscribed,1376194,149582,272431,378328,382777,193076,606806,260121,,
time,3,reopen,4,2,subscribed,622120,56947,173555,185426,131086,75106,282455,152477,,
time,3,churn-sparse,4,8,compiled,26132955,120203,285019,25328577,256509,142647,12987615,222822,,
time,4,selective,4,2,eager,64317,15076,27665,4750,8521,8305,34478,19582,,
time,4,churn-sparse,4,8,compiled,25999360,140308,287823,25161520,260142,149567,12926240,219769,,
time,4,consuming,2,2,indexed,68819,20525,17308,16181,8438,6367,42303,15604,,
time,4,churn-sparse,2,2,indexed,185945,24964,84472,24985,30465,21059,93577,57015,,
time,4,selective,4,8,eager,80931,13590,31449,12326,13253,10313,41476,25004,,
time,4,selective,2,2,eager,42932,12429,15088,4226,5945,5244,24957,11010,,
time,4,unique,2,2,eager,231707,24240,132579,18051,31436,25401,110498,87215,,
time,4,churn-broad,2,2,subscribed,245495,26876,100867,54200,36583,26969,116456,92218,,
time,4,dense,4,8,eager,1027679,12661,178509,290898,370333,175278,373743,165607,,
time,4,dense,4,2,compiled,4468131,43822,55971,4268839,63697,35802,2221765,49728,,
time,4,churn-sparse,4,2,indexed,532010,57382,179831,93480,130516,70801,245303,134518,,
time,4,inactive,2,2,eager,218724,23487,125544,14769,30337,24587,105468,80142,,
time,4,dense,2,8,compiled,760104,33501,45430,623095,35531,22547,367902,38686,,
time,4,consuming,4,2,eager,191651,20610,56209,93152,13181,8499,103985,46108,,
time,4,churn-sparse,4,8,indexed,1407236,147486,283542,354756,422739,198713,611812,222328,,
time,4,inactive,4,2,indexed,533322,57346,173720,91640,140264,70352,250251,133431,,
time,4,consuming,2,2,compiled,229474,46147,38525,129182,5770,9850,133936,25606,,
time,4,churn-sparse,4,8,subscribed,1624397,181163,298544,496124,416481,232085,716735,267865,,
time,4,churn-sparse,4,8,eager,1867406,159332,638236,439159,412445,218234,848372,427492,,
time,4,churn-broad,2,8,subscribed,447903,42933,140585,148778,67622,47985,212928,117752,,
time,4,inactive,4,8,compiled,22204387,116720,255316,21398491,292471,141389,11007705,206705,,
time,4,churn-broad,2,2,indexed,191859,23345,86933,28015,30957,22609,91466,69451,,
time,4,dense,2,8,indexed,198445,26790,33345,57364,53515,27431,88200,47534,,
time,4,consuming,4,2,compiled,289226,24453,35717,211763,8123,9170,149026,25023,,
time,4,reopen,2,2,subscribed,193447,22578,82665,32787,32899,22518,91066,77378,,
time,4,reopen,4,2,indexed,556474,77853,185798,91853,131510,69460,254955,134031,,
time,4,dense,4,2,subscribed,396209,42536,48869,145849,107246,51709,176416,76421,,
time,4,binding,2,2,subscribed,230068,25363,94450,52285,34294,23676,110430,83284,,
time,4,inactive,4,8,subscribed,1382134,158702,271144,351616,400601,200071,613028,254155,,
time,4,unique,2,2,indexed,193040,23008,87239,21136,38196,23461,89447,66413,,
time,4,dense,2,2,indexed,82540,16562,17505,19818,17718,10937,42347,32338,,
time,4,dense,2,2,compiled,237096,22809,22566,170528,12267,8926,124167,18646,,
time,4,consuming,2,2,subscribed,86912,27348,16322,29131,7756,6355,54716,22955,,
time,4,binding,2,8,indexed,307828,35097,98404,73978,62061,38288,142475,88082,,
time,4,inactive,4,2,eager,899564,57693,540843,85048,130408,85572,407087,318633,,
time,4,churn-broad,2,8,compiled,2947702,42324,154174,2669010,48332,33862,1462664,109119,,
time,4,binding,4,2,compiled,6952167,55769,153306,6608942,79793,54357,3488254,114264,,
time,4,churn-broad,4,2,indexed,572578,58052,205082,110848,127588,71008,255631,142355,,
time,4,selective,4,8,indexed,81505,14965,28537,13379,14473,10151,43255,24327,,
time,4,binding,2,2,indexed,217515,47674,81070,37251,30538,20982,118287,68716,,
time,4,reopen,4,8,compiled,26189908,130075,280529,25364671,263955,150678,13090631,225123,,
time,4,selective,4,2,indexed,58554,13701,23225,5556,8846,7226,31448,16222,,
time,4,dense,4,8,compiled,18535945,118265,183292,17848730,247183,138475,9261085,161057,,
time,4,selective,2,2,compiled,116365,23483,22190,60291,3735,6666,66972,18578,,
time,4,reopen,2,8,compiled,2161918,42060,131092,1909440,45176,34150,1076329,89753,,
time,4,unique,2,8,indexed,346206,37927,119510,80331,65882,42556,163883,91343,,
time,4,churn-sparse,2,8,indexed,343580,37943,118805,79397,65947,41488,160336,93719,,
time,4,reopen,4,8,indexed,1377152,171438,293138,319138,395034,198404,613136,229054,,
time,4,unique,4,8,compiled,69145016,139447,292502,68294610,263773,154684,34464987,216958,,
time,4,dense,2,2,subscribed,83762,14513,16690,24785,17843,9931,41988,28287,,
time,4,unique,4,8,subscribed,1821847,161616,296242,755326,413549,195114,834256,269265,,
time,4,churn-broad,2,8,indexed,757745,37674,292689,240460,74561,112361,173597,145313,,
time,4,unique,2,8,subscribed,407545,39720,120075,140918,66795,40037,196946,106760,,
time,4,unique,4,2,indexed,524320,56985,178983,92067,128329,67956,236919,131278,,
time,4,churn-broad,2,2,compiled,989116,33360,92636,818305,23003,21812,493453,66893,,
time,4,inactive,4,2,subscribed,612825,63344,188238,160043,132919,68281,287243,153192,,
time,4,inactive,4,2,compiled,6386655,55520,152979,6043564,79333,55259,3181100,111326,,
time,4,consuming,2,8,eager,175922,22408,42022,81390,16806,13296,91426,38610,,
time,4,inactive,2,2,indexed,168289,21669,77334,17599,30341,21346,79688,57957,,
time,4,unique,4,2,compiled,8330394,59708,158593,7978079,79630,54384,4140056,112072,,
time,4,reopen,4,2,subscribed,636742,57971,179576,193163,134056,71976,296435,156294,,
time,4,consuming,4,2,indexed,100372,21312,25730,32401,12551,8378,56176,21941,,
time,4,unique,2,8,eager,406120,41424,182726,68337,68994,44639,185925,121780,,
time,4,selective,4,2,subscribed,62042,12709,23949,8965,8831,7588,33188,18993,,
time,4,churn-broad,4,8,subscribed,1896379,24352,366285,855167,434364,216211,754638,379749,,
time,4,binding,4,2,eager,935640,62919,502574,154826,125203,90118,436689,344454,,
time,4,consuming,2,8,compiled,406200,26796,50606,301081,15531,12186,211907,30580,,
time,4,churn-sparse,2,2,compiled,879850,33288,85527,714943,23876,22216,419501,66637,,
time,4,selective,2,8,indexed,79171,14997,24817,16384,13852,9121,41262,21923,,
time,4,unique,2,8,compiled,3160355,45842,124784,2910160,43744,35825,1577271,90932,,
time,4,binding,4,2,indexed,548658,56259,174282,121480,125796,70841,247651,154986,,
time,4,selective,2,8,eager,82098,13772,32414,13919,12768,9225,38085,20944,,
time,4,churn-sparse,2,8,subscribed,378870,37838,124049,107768,66216,42999,179442,101653,,
time,4,churn-broad,4,2,subscribed,760507,66167,205740,282007,133586,73007,354238,197479,,
time,4,churn-sparse,4,2,compiled,7407019,56102,162060,7045902,89283,53672,3618533,123324,,
time,4,consuming,4,8,subscribed,651653,31312,71207,481270,35148,32716,330162,72827,,
time,4,unique,4,8,eager,1773278,164562,656225,324375,407435,220681,814974,414957,,
time,4,reopen,2,2,indexed,193259,23188,99733,18772,30192,21374,103002,59139,,
time,4,inactive,2,2,compiled,593675,30906,74722,449204,19931,18912,300296,56064,,
time,4,churn-broad,4,8,compiled,36682972,134854,356238,35766324,274188,151368,18169655,277981,,
time,4,inactive,2,2,subscribed,211890,21604,106326,27828,32766,23366,110433,55152,,
time,4,reopen,2,8,indexed,323786,37305,115915,63544,65085,41937,150679,87006,,
time,4,churn-broad,4,2,eager,1054192,60467,551256,221739,125123,95607,488085,362384,,
time,4,unique,4,8,indexed,1430875,157782,291697,359795,404066,217535,620873,260348,,
time,4,binding,2,8,subscribed,332614,37221,104715,86112,64740,39826,160349,94699,,
time,4,selective,2,2,subscribed,44809,11304,14238,8047,6010,5210,25328,12049,,
time,4,reopen,2,2,compiled,668429,30642,77810,520795,19464,19718,337649,56731,,
time,4,reopen,4,2,compiled,6804361,54723,152381,6459917,81515,55825,3407532,118057,,
time,4,reopen,4,2,eager,881874,59134,524089,82477,127984,88190,412089,308607,,
time,4,reopen,2,8,subscribed,404226,39895,124647,126232,70471,42981,194184,113699,,
time,4,dense,4,2,indexed,340667,43858,48852,95411,101835,50711,155189,58805,,
time,4,inactive,2,8,compiled,1539023,40272,99666,1324543,42000,32542,772588,80876,,
time,4,dense,2,8,subscribed,203073,26800,35280,62368,52766,25859,95781,43884,,
time,4,selective,4,8,compiled,267394,26057,42814,176766,10090,11667,139929,29009,,
time,4,churn-broad,2,8,eager,489785,40584,192856,141192,67687,47466,228482,148276,,
time,4,binding,4,2,subscribed,645883,58937,188748,190122,138334,69742,292743,170339,,
time,4,reopen,2,8,eager,372964,40796,164685,58414,64515,44554,171598,113237,,
time,4,binding,2,2,eager,261682,24248,137006,42066,32904,25458,129938,101964,,
time,4,churn-broad,4,2,compiled,9923140,55785,178554,9547216,86750,54835,4928089,128680,,
time,4,unique,4,2,eager,886782,59304,533261,83592,126098,84527,416135,309947,,
time,4,churn-broad,4,8,indexed,1713217,173004,350445,426589,437061,326118,690967,162474,,
time,4,dense,4,8,subscribed,1272538,13447,34975,385284,397482,441350,425447,51920,,
time,4,binding,2,2,compiled,740030,32347,80750,585840,20523,20570,370967,62760,,
time,4,inactive,2,8,indexed,306808,36161,106460,61204,65644,37339,150219,78696,,
time,4,churn-sparse,2,2,subscribed,206311,24526,89079,37706,31825,23175,99049,67361,,
time,4,selective,4,2,compiled,149816,24246,32413,79167,5107,8883,82274,23312,,
time,4,consuming,4,8,indexed,306977,32847,71735,132907,35121,34367,146343,45492,,
time,4,binding,4,8,subscribed,1395061,150787,276490,380517,384973,202294,610598,261057,,
time,4,selective,4,8,subscribed,89937,13903,28494,16069,14036,17435,43211,33324,,
time,4,consuming,2,2,eager,86706,36160,17708,20167,6968,5703,59091,18931,,
time,4,churn-sparse,2,8,compiled,2246143,42073,123685,2001506,45499,33380,1117349,93112,,
time,4,churn-broad,2,2,eager,270622,27277,143016,38885,32857,28587,134724,100500,,
time,4,reopen,4,8,subscribed,1750164,160300,304844,660523,399644,224853,787298,275729,,
time,4,unique,2,2,compiled,758254,32785,82879,600883,20822,20885,379768,62446,,
time,4,binding,4,8,indexed,1344649,160535,273551,333911,383578,193074,603871,233985,,
time,4,reopen,4,8,eager,1762526,154446,655772,303046,422717,226545,785304,418001,,
time,4,reopen,2,2,eager,223179,23244,128937,16163,30106,24729,106913,85619,,
time,4,consuming,4,8,compiled,965528,30971,80170,809320,28146,16921,495860,43221,,
time,4,dense,2,8,eager,193042,25272,36125,53906,51024,26715,84048,47252,,
time,4,consuming,2,8,indexed,144324,21331,37756,51087,15893,18257,72095,31470,,
time,4,binding,4,8,compiled,23003191,117710,256955,22207513,276035,144978,11453075,211124,,
time,4,binding,4,8,eager,1722679,151698,600255,348639,379769,242318,750254,415180,,
time,4,dense,4,8,indexed,1072886,60640,141092,320472,373113,177569,424573,146893,,
time,4,consuming,4,2,subscribed,214193,26905,28055,136703,13742,8788,118424,48344,,
time,4,selective,2,2,indexed,59992,11696,32552,4738,6169,4837,23737,10619,,
time,4,churn-sparse,2,8,eager,418135,38182,172419,96528,65246,45760,194208,140443,,
time,4,inactive,4,8,eager,1708077,156149,621553,299106,402244,229025,752068,417673,,
time,4,churn-sparse,2,2,eager,240888,24506,132746,27284,30956,25396,114877,95498,,
time,4,unique,2,2,subscribed,191756,23337,81742,35219,30668,20790,93481,67368,,
time,4,selective,2,8,subscribed,75238,14728,22856,16206,13023,8425,40594,21295,,
time,4,unique,4,2,subscribed,648644,61877,182409,197267,136072,71019,301109,152692,,
time,4,churn-sparse,4,2,eager,966110,59078,539772,136726,134014,96520,453854,332910,,
time,4,churn-sparse,4,2,subscribed,616970,57099,181161,181077,129321,68312,280997,163286,,
time,4,consuming,4,8,eager,621840,31179,106086,418318,34267,31990,318769,70739,,
time,4,inactive,4,8,indexed,1340003,152955,265081,306251,411018,204698,579307,226989,,
time,4,selective,2,8,compiled,213246,24560,33887,138492,6916,9391,115247,32500,,
time,4,dense,2,2,eager,77453,14560,19643,16853,16579,9818,39403,21908,,
time,4,inactive,2,8,subscribed,341654,35763,131418,64066,67380,43027,143451,89134,,
time,4,inactive,2,8,eager,348286,37524,150564,50055,68037,42106,169307,99624,,
time,4,churn-broad,4,8,eager,2298450,168271,706654,768085,399885,255555,1037327,484861,,
time,4,binding,2,8,compiled,1719179,41497,108249,1495279,41357,32797,846613,79807,,
time,4,dense,4,2,eager,373549,42170,88128,91366,99710,52175,159703,74307,,
time,4,consuming,2,8,subscribed,197119,23653,41401,99207,19038,13820,101106,43148,,
time,4,binding,2,8,eager,375947,39140,153650,73962,65236,43959,178040,114588,,
meter,0,unique,2,2,indexed,257461,25696,107450,26143,61925,36247,119106,81814,195934,71451
meter,0,consuming,2,8,subscribed,279322,27592,60508,136077,32412,22733,144657,57814,249998,51037
meter,0,consuming,2,2,indexed,78336,21442,20812,18056,10507,7519,46213,21442,99314,25197
meter,0,selective,2,8,compiled,321314,28381,47057,212290,12031,21555,156439,36956,320528,36435
meter,0,binding,4,2,indexed,873087,55693,218209,207091,265344,126750,383689,199468,622110,213509
meter,0,binding,4,2,subscribed,961657,56181,220059,283875,278442,123100,438700,221748,673742,218901
meter,0,consuming,2,8,eager,245335,26045,57750,111014,29493,21033,123943,54323,228246,48085
meter,0,reopen,4,8,compiled,40243987,123582,329755,38988859,543848,257943,19925134,236547,36430460,467219
meter,0,reopen,2,2,compiled,969709,34026,94855,777256,33866,29706,477482,70789,930936,82511
meter,0,selective,4,2,indexed,76513,16492,30042,6865,13191,9923,40620,22288,84742,28567
meter,0,unique,2,2,subscribed,309596,23783,112571,69347,65225,38670,161305,80959,225886,76843
meter,0,inactive,4,8,indexed,2340696,163139,327274,502436,944305,403542,986079,252775,1706410,605897
meter,0,selective,2,8,indexed,106141,14115,29461,28860,20482,13223,46606,32209,100890,32491
meter,0,churn-sparse,2,8,eager,609941,39035,210337,139892,141671,79006,271787,165999,431066,150273
meter,0,consuming,2,2,subscribed,99844,23336,22370,35423,10700,8015,58456,31309,126026,32404
meter,0,inactive,2,2,compiled,950196,39186,114305,727908,36909,31888,488187,69115,826644,81975
meter,0,consuming,4,2,eager,243522,24580,68996,113695,20099,16152,123386,55403,223302,44463
meter,0,reopen,4,2,eager,1181833,57155,572991,128460,279895,143332,529178,348358,889198,331411
meter,0,unique,2,8,subscribed,607796,39783,151594,177120,156058,83241,278274,129328,449290,132439
meter,0,binding,2,8,subscribed,585352,37539,156747,153753,158029,79284,279936,138447,375674,128285
meter,0,binding,2,2,subscribed,350293,29152,121334,86492,71713,41602,166542,121805,232622,77405
meter,0,binding,2,2,compiled,1165192,33213,107384,951073,41907,31615,533514,69113,1004292,83087
meter,0,inactive,2,2,eager,277799,23685,140763,19382,57373,36596,128907,117182,240366,91329
meter,0,churn-broad,2,8,indexed,582994,37593,180565,152675,133540,78621,260781,137434,416458,138025
meter,0,selective,4,8,indexed,128981,17932,44510,22950,26178,17411,64054,39886,110938,36403
meter,0,reopen,2,2,eager,297208,23922,158696,21392,57303,35895,138976,109994,244014,92147
meter,0,churn-broad,2,2,subscribed,304609,24003,114299,70729,59045,36533,138510,103306,237166,80057
meter,0,binding,4,8,eager,2703901,151646,663167,602447,874599,412042,1161628,489153,2005226,723381
meter,0,unique,2,8,indexed,524275,38076,154616,109390,148918,73275,248362,112316,361834,127047
meter,0,churn-sparse,2,2,subscribed,278774,25054,110972,46583,59895,36270,129241,93851,224270,77945
meter,0,reopen,4,2,compiled,10680377,61601,234830,10140127,152418,91401,5331272,135323,9729208,194895
meter,0,unique,2,2,compiled,1029392,33523,103026,828817,33803,30223,504913,73676,973312,82247
meter,0,consuming,2,2,eager,94047,22536,26047,26933,10686,7845,54222,27824,114018,27637
meter,0,selective,2,2,compiled,146913,26424,26292,81296,4580,8321,83025,20709,163060,28791
meter,0,churn-broad,4,8,indexed,2676379,161999,313672,745113,909754,545841,1140107,334451,1871914,638921
meter,0,reopen,4,8,indexed,2322078,158876,340284,520761,906799,395358,980362,282353,1729642,611047
meter,0,binding,2,2,indexed,293207,22826,107262,62362,63549,37208,134819,92647,211158,72013
meter,0,binding,2,8,compiled,2509534,47962,124599,2205248,78696,53029,1243331,95919,2238688,118411
meter,0,consuming,4,8,eager,798919,33663,138076,524557,64029,38594,391519,105100,662658,73517
meter,0,churn-sparse,4,2,subscribed,912887,56206,225531,230296,272902,127952,400566,201460,663486,219897
meter,0,churn-broad,4,8,subscribed,3059413,22769,447124,1234701,926215,428604,1231250,419849,2075834,644313
meter,0,inactive,2,8,indexed,453742,35015,125288,83231,141083,69125,198397,104134,338602,121897
meter,0,reopen,2,2,subscribed,272012,24245,105282,41151,60848,40486,123470,89062,225886,76843
meter,0,binding,4,2,eager,1213282,57124,529136,231758,256868,138396,549131,380037,915998,331797
meter,0,reopen,4,2,subscribed,1005129,62088,232779,292164,283240,134858,479561,196934,688190,218795
meter,0,unique,2,8,eager,533569,38497,192202,88725,139008,75137,238173,140038,408186,147743
meter,0,binding,2,8,eager,517624,35255,166839,112174,128108,75248,230280,141274,401906,143589
meter,0,selective,4,2,eager,82669,18939,34167,6470,12436,10657,44879,24293,99406,35527
meter,0,reopen,2,8,eager,503771,35675,184755,82650,130665,70026,226512,128351,408186,147743
meter,0,reopen,4,2,indexed,812729,55209,219833,134586,276643,126458,352269,164051,594334,213403
meter,0,consuming,4,8,subscribed,845739,34915,101388,597752,61936,49748,401444,97907,696530,76469
meter,0,consuming,2,8,indexed,222019,26769,58181,79319,30894,26856,108177,51973,185222,45645
meter,0,binding,4,8,subscribed,2299070,148884,321164,603330,853166,372526,979225,325945,1762970,610485
meter,0,binding,2,8,indexed,1048209,67753,286039,285779,239051,169587,270322,133379,355938,122893
meter,0,churn-sparse,2,2,indexed,253571,23460,104789,30676,59099,35547,113807,85371,201438,72553
meter,0,churn-sparse,2,2,eager,311110,24480,152454,35082,59044,40050,143104,109968,251726,93249
meter,0,selective,2,8,eager,91717,14055,29829,17094,18330,12409,45797,27956,110578,37191
meter,0,unique,4,2,eager,1217304,58777,589742,131155,287674,149956,545268,363600,889198,331411
meter,0,binding,2,2,eager,325865,24640,142576,63929,57594,37126,152945,139815,258854,92709
meter,0,dense,4,2,indexed,593601,42784,58925,147136,244928,99828,253538,68411,439342,153517
meter,0,selective,4,2,compiled,199947,28796,40160,112376,7083,11532,107720,28067,209104,37949
meter,0,binding,4,8,compiled,36598866,119057,299658,35410240,510055,259856,18184163,248670,33444460,467091
meter,0,unique,4,8,indexed,2445322,153257,387443,602988,898048,403586,1034088,272926,1729642,611047
meter,0,reopen,2,8,indexed,506441,39596,152459,95415,145666,73305,231513,114591,361834,127047
meter,0,selective,4,8,compiled,377549,31449,49945,265324,14230,16601,196662,36648,385516,44111
meter,0,churn-sparse,2,8,subscribed,554641,38595,152630,148695,140401,74320,248916,128862,405242,134969
meter,0,churn-sparse,4,8,eager,2947764,156804,705249,646856,907988,530867,1228182,380051,2063866,731585
meter,0,consuming,4,2,indexed,135697,24123,36345,41661,20852,12716,72523,32598,146566,31621
meter,0,churn-broad,2,8,subscribed,684245,40313,189515,227330,141811,85276,303797,167321,456826,143417
meter,0,consuming,4,2,subscribed,261014,34112,34162,155583,20603,16554,140212,63455,237110,49703
meter,0,churn-sparse,4,8,subscribed,2403124,16251,363526,705326,904049,413972,934831,319650,1819882,618969
meter,0,inactive,4,8,subscribed,2339586,155755,311883,565769,914002,392177,993983,281568,1735882,611289
meter,0,churn-sparse,4,8,indexed,2608940,171165,345771,613876,941796,536332,1033210,151402,1747498,613577
meter,0,dense,4,8,subscribed,1970235,26571,150280,578303,863660,351421,765951,176867,1584538,552221
meter,0,selective,4,8,subscribed,117601,16264,40228,22202,23178,15729,58823,36559,128878,41795
meter,0,reopen,2,8,compiled,3171796,46846,143679,2846761,79506,55004,1581369,104450,2786108,119211
meter,0,unique,2,2,eager,304242,25565,156341,22676,61123,38537,141608,105867,244014,92147
meter,0,inactive,2,2,indexed,235073,23021,97497,21979,58688,33888,107526,75482,192286,70633
meter,0,churn-broad,4,2,compiled,15481866,59807,224130,14929046,167534,101349,7723168,149675,13723160,195419
meter,0,selective,4,8,eager,113513,15834,42605,16986,22136,15952,55974,35500,125530,43363
meter,0,churn-sparse,4,2,eager,1236364,58844,583601,172469,277069,144381,562817,366138,909390,332233
meter,0,dense,2,8,subscribed,324611,27645,40944,83944,108029,64049,136970,60779,274154,94009
meter,0,dense,4,2,subscribed,615565,44207,55559,198377,222466,94956,263898,85944,488398,158909
meter,0,unique,4,2,indexed,806615,54755,212648,135046,276052,128114,349870,164214,594334,213403
meter,0,unique,4,8,subscribed,2833688,158279,338771,1023469,917789,395380,1234261,299351,2072714,616439
meter,0,unique,4,2,compiled,12976266,57257,202710,12476443,152320,87536,6528587,132032,11726496,194167
meter,0,churn-sparse,2,2,compiled,1160274,35198,102211,958118,34272,30475,553032,79889,1046056,81299
meter,0,inactive,4,8,eager,2693997,153942,690075,494079,928610,427291,1134906,450638,1981690,723905
meter,0,consuming,2,2,compiled,195275,26039,29898,124820,5685,8833,106150,23251,210414,28561
meter,0,inactive,2,8,compiled,2315120,43464,130443,2003819,81743,55651,1151532,93970,2061040,117299
meter,0,churn-sparse,4,2,compiled,11325964,57369,197755,10821100,156655,93085,5632062,139148,10316136,192483
meter,0,inactive,4,2,compiled,9812889,52632,182925,9335999,151410,89923,4778241,131546,9182916,194359
meter,0,consuming,2,8,compiled,625716,30479,65062,491970,20047,18158,310474,44897,609266,42249
meter,0,inactive,4,8,compiled,35142574,152199,286385,33952357,502339,249294,17510414,226949,32613744,465307
meter,0,dense,2,2,eager,111516,15715,25009,20423,33264,17105,51856,31244,118638,41763
meter,0,inactive,2,2,subscribed,242731,22753,98539,29967,58372,33100,112019,77403,212366,76025
meter,0,reopen,2,2,indexed,260574,22495,123131,23895,57041,34012,132231,75647,195934,71451
meter,0,churn-broad,4,8,eager,3517476,176889,809098,1115997,943221,472271,1530777,601392,2312698,756649
meter,0,unique,2,8,compiled,4619395,47239,152677,4283091,79269,57119,2287267,112762,3993652,121235
meter,0,consuming,4,8,indexed,391751,32498,91550,170691,59106,37906,189365,67011,376642,71077
meter,0,dense,4,8,eager,3684417,12721,245607,1194769,1610026,621294,1483884,438297,1569722,563127
meter,0,selective,2,2,subscribed,56948,12364,18900,10042,8608,7034,31038,16471,90018,30580
meter,0,binding,4,8,indexed,2298063,147139,315431,577093,875182,383218,969016,294229,1730922,605093
meter,0,binding,4,2,compiled,10895661,56909,191527,10397036,156373,93816,5441004,139666,10004768,191711
meter,0,churn-broad,2,2,compiled,1393271,34368,108507,1184271,35232,30893,706431,84327,1266760,82371
meter,0,churn-sparse,2,8,compiled,3389647,45486,160727,3049882,78883,54669,1684020,114760,2940916,119663
meter,0,inactive,2,8,eager,508952,36857,180532,75633,142596,73334,228057,128712,384954,142593
meter,0,dense,2,8,compiled,1124843,37172,50982,940449,61472,34768,557221,41015,1171450,74085
meter,0,churn-broad,2,2,indexed,274904,24045,113427,40192,60057,37183,125576,92180,211582,74665
meter,0,inactive,4,2,eager,1201660,56543,589465,127971,280969,146712,532449,359321,885550,330593
meter,0,unique,4,8,compiled,107601329,128951,329834,106376374,496661,269509,53648102,277250,92409268,473115
meter,0,selective,2,8,subscribed,94446,13958,28246,21572,18670,12000,47871,29423,118830,37883
meter,0,dense,4,2,compiled,7488066,50052,60918,7189942,122809,64345,3779435,55666,7151726,121961
meter,0,churn-sparse,4,8,compiled,40708184,127871,320049,39512243,493479,254542,20226492,244407,37157652,464623
meter,0,inactive,4,2,indexed,806916,54238,210804,132890,279946,129038,341319,174200,590686,212585
meter,0,churn-broad,2,2,eager,352924,25945,170794,53428,61235,41522,166378,125869,264078,95361
meter,0,reopen,4,8,eager,2764103,166657,707243,504145,929248,456810,1199674,518367,2004922,729055
meter,0,dense,2,8,indexed,316894,27737,40299,78734,122419,47705,133322,50932,255802,88617
meter,0,churn-sparse,2,8,indexed,538183,43643,158955,121376,138153,76056,247100,123984,375882,129577
meter,0,dense,4,2,eager,613374,42846,101437,141042,233289,94760,260453,85891,473582,169815
meter,0,dense,4,8,indexed,1946690,53367,147422,502515,856571,386815,760571,158080,1555066,546829
meter,0,dense,2,2,subscribed,114687,15649,21221,31302,31189,15326,55913,32123,129566,42745
meter,0,unique,4,8,eager,2805609,163542,772208,506239,917379,446241,1202754,460877,2004922,729055
meter,0,selective,4,2,subscribed,81090,15898,30870,10513,13553,10256,42301,24940,102754,33959
meter,0,dense,2,2,compiled,350487,28810,27374,262889,17998,13416,181588,22482,383294,36473
meter,0,churn-broad,4,2,eager,1410583,61832,619051,285494,280853,163353,633876,413593,970030,338849
meter,0,consuming,4,2,compiled,386890,28907,40400,294744,11261,11578,203712,29104,393750,33193
meter,0,churn-broad,2,8,compiled,4492758,46517,194578,4112200,82366,57097,2233597,133613,3849268,129407
meter,0,unique,4,2,subscribed,964065,56990,220987,252116,305501,128471,443223,189390,688190,218795
meter,0,selective,2,2,eager,57330,13628,21164,5975,8949,7614,31521,16150,81766,28683
meter,0,reopen,2,8,subscribed,563795,38786,149566,158615,143120,73708,256596,133116,449290,132439
meter,0,inactive,2,8,subscribed,461967,36519,126040,86674,141767,70967,203598,104083,356954,127289
meter,0,dense,2,8,eager,314121,27962,44914,74059,116658,50528,144674,50900,263226,93027
meter,0,churn-sparse,4,2,indexed,834357,56614,219728,149595,279252,129168,362518,168109,603422,214505
meter,0,churn-broad,2,8,eager,717456,39581,232324,214438,148234,82879,315438,177077,480474,158721
meter,0,churn-broad,4,8,compiled,57837557,127860,477106,56475230,497816,259545,28916563,298272,50840052,492247
meter,0,dense,4,8,compiled,29224444,110116,184410,28235258,454265,240395,14433485,156862,27801834,395749
meter,0,selective,2,2,indexed,53305,12963,18759,6328,8502,6753,29469,14730,72006,23983
meter,0,consuming,4,8,compiled,1471893,34089,104220,1271663,36476,25445,710317,57012,1495762,64437
meter,0,churn-broad,4,2,indexed,920439,57253,244932,182320,300642,135292,412894,187581,634078,220841
meter,0,inactive,4,2,subscribed,888905,56790,224799,186195,286076,135045,394576,194170,639742,217977
meter,0,dense,2,2,indexed,103937,15619,21051,22074,30394,14799,50575,27041,109486,37353
meter,0,churn-broad,4,2,subscribed,1120067,60617,259973,370420,292805,136252,515759,239678,726046,226233
meter,0,reopen,4,8,subscribed,2840338,155538,373556,972538,939323,399383,1241234,289625,2072714,616439
meter,1,churn-sparse,2,2,indexed,252801,23091,104730,30519,59338,35123,115349,84558,201438,72553
meter,1,unique,2,8,subscribed,585910,39345,152272,175721,143359,75213,264574,131352,449290,132439
meter,1,reopen,2,8,eager,539528,39370,197995,86195,140639,75329,244951,135354,408186,147743
meter,1,unique,4,2,indexed,813588,56605,214513,135764,279573,127133,357306,170406,594334,213403
meter,1,reopen,4,8,eager,2748528,177345,711529,520568,917276,421810,1183250,470186,2004922,729055
meter,1,churn-broad,2,2,indexed,279799,24679,114599,40965,61662,37894,128612,100144,211582,74665
meter,1,dense,4,2,eager,606497,43450,93506,136748,236978,95815,252920,84487,473582,169815
meter,1,inactive,4,2,indexed,794905,54019,209979,130023,273283,127601,340915,161664,590686,212585
meter,1,churn-broad,2,8,compiled,4560029,46528,194339,4174932,82909,61321,2258545,143449,3849268,129407
meter,1,unique,2,2,indexed,286184,28580,119084,28938,69846,39736,132552,89943,195934,71451
meter,1,consuming,4,2,indexed,126242,22357,34377,38439,19321,11748,67643,30273,146566,31621
meter,1,churn-broad,4,2,eager,1415023,61421,624739,286159,280452,162252,638732,418744,970030,338849
meter,1,inactive,4,2,subscribed,891349,55652,225895,192955,285081,131766,388055,205133,639742,217977
meter,1,consuming,2,8,compiled,591964,31301,66103,455158,20101,19301,300203,49582,609266,42249
meter,1,consuming,2,2,indexed,96510,29366,24231,19932,13064,9917,55837,40383,99314,25197
meter,1,binding,4,8,eager,2666128,148591,666697,586738,863542,400560,1156955,486990,2005226,723381
meter,1,churn-sparse,2,8,eager,609300,38840,212961,139211,139910,78378,273722,151649,431066,150273
meter,1,dense,2,8,compiled,1126826,36397,50071,945491,59889,34978,547870,41196,1171450,74085
meter,1,inactive,2,2,indexed,232223,22542,96248,21900,57780,33753,106022,76090,192286,70633
meter,1,dense,4,8,eager,1949610,13607,185371,486710,877730,386192,747255,177026,1569722,563127
meter,1,inactive,2,8,subscribed,479626,35232,124803,87800,149635,82156,203303,103619,356954,127289
meter,1,churn-broad,4,8,eager,3540599,165123,816755,1135699,953706,469316,1556183,582834,2312698,756649
meter,1,dense,2,2,indexed,107388,16278,21561,23017,31091,15441,51703,29544,109486,37353
meter,1,churn-sparse,4,8,compiled,41365410,122529,348072,40126484,507655,260670,20513939,246781,37157652,464623
meter,1,inactive,2,2,compiled,877123,34656,94720,683403,34671,29673,434565,72232,826644,81975
meter,1,churn-sparse,2,2,compiled,1131592,34590,101810,922477,40347,32368,555113,80450,1046056,81299
meter,1,unique,4,2,subscribed,954545,56262,220079,246839,303705,127660,437963,187067,688190,218795
meter,1,unique,2,8,compiled,5004301,50063,159989,4648776,83701,61772,2445547,108345,3993652,121235
meter,1,selective,2,2,subscribed,60423,13516,20005,10556,9035,7311,33026,17514,90018,30580
meter,1,inactive,2,8,eager,469990,33840,164957,71138,131958,68097,209267,121031,384954,142593
meter,1,binding,4,2,indexed,922832,64354,235598,218910,275783,128187,415160,204643,622110,213509
meter,1,selective,4,8,indexed,115693,16102,39815,20414,23526,15836,57600,35160,110938,36403
meter,1,churn-sparse,4,2,subscribed,928254,57210,228485,234266,278967,129326,407637,202860,663486,219897
meter,1,selective,4,2,eager,86834,16020,39518,6878,13229,11189,43223,25594,99406,35527
meter,1,inactive,4,8,eager,2750349,168581,697934,496233,957903,429698,1210373,442078,1981690,723905
meter,1,selective,2,2,eager,55957,13267,20564,5826,8654,7646,30636,15975,81766,28683
meter,1,dense,2,8,subscribed,309522,25910,39508,80159,115209,48736,130728,52487,274154,94009
meter,1,selective,2,2,indexed,53374,12872,18925,6282,8593,6702,29231,14933,72006,23983
meter,1,inactive,2,8,indexed,476456,36474,131232,85523,150538,72689,210416,99220,338602,121897
meter,1,churn-broad,2,8,subscribed,673668,40192,185794,225655,142276,79751,311891,163807,456826,143417
meter,1,churn-sparse,2,8,subscribed,572333,39728,160530,154683,141808,75584,259035,135675,405242,134969
meter,1,reopen,4,2,indexed,868670,72542,242123,148432,277240,128333,383087,164885,594334,213403
meter,1,unique,4,8,subscribed,2846809,159532,346409,1022346,914224,404298,1221944,294654,2072714,616439
meter,1,churn-broad,4,2,subscribed,1113208,58647,255520,353804,308763,136474,508143,240598,726046,226233
meter,1,reopen,4,2,subscribed,944187,56729,222590,249892,284303,130673,418230,194450,688190,218795
meter,1,inactive,4,8,subscribed,2351647,159106,316549,554732,922678,398582,984464,282349,1735882,611289
meter,1,churn-broad,2,2,eager,326117,24684,155975,48438,57933,39087,152782,116791,264078,95361
meter,1,reopen,2,2,indexed,256203,25178,106646,25646,62395,36338,117697,82186,195934,71451
meter,1,churn-sparse,4,8,eager,3018856,159379,731295,654232,939716,534234,1244691,389838,2063866,731585
meter,1,binding,4,2,compiled,10856439,55646,194276,10362631,154927,88959,5400338,134961,10004768,191711
meter,1,churn-sparse,2,2,eager,316363,25306,154801,36411,60684,39161,147837,112283,251726,93249
meter,1,consuming,4,2,subscribed,259033,30257,35338,156129,20551,16758,138287,62464,237110,49703
meter,1,selective,2,2,compiled,153305,25659,33072,81198,4904,8472,89965,21371,163060,28791
meter,1,reopen,2,2,subscribed,297254,26330,131649,42917,57562,38796,155860,84279,225886,76843
meter,1,reopen,2,2,compiled,983030,33647,101865,783227,34569,29722,484620,72005,930936,82511
meter,1,dense,2,2,compiled,355381,28623,27802,267753,18147,13056,185596,26237,383294,36473
meter,1,binding,4,8,compiled,36294187,123117,292506,35087718,536932,253914,18049790,231540,33444460,467091
meter,1,churn-broad,4,2,compiled,19429486,288975,316337,18583577,150812,89785,11389940,149977,13723160,195419
meter,1,binding,4,2,subscribed,964035,64937,233078,263297,272674,130049,442054,221851,673742,218901
meter,1,churn-broad,2,2,compiled,1432916,36000,115120,1212489,36914,32393,711616,82876,1266760,82371
meter,1,binding,2,8,indexed,478399,35584,123454,120279,132223,66859,213849,119704,355938,122893
meter,1,unique,4,8,eager,2756338,154725,738003,517695,925341,420574,1159905,496208,2004922,729055
meter,1,binding,2,2,subscribed,388575,23673,135010,108792,74579,46521,134564,154624,232622,77405
meter,1,churn-broad,4,8,indexed,2698593,170907,312070,718365,952129,545122,1168344,331108,1871914,638921
meter,1,dense,2,2,subscribed,115157,15927,21522,31254,30952,15502,55182,32648,129566,42745
meter,1,consuming,4,2,eager,254484,25073,72844,119561,20535,16471,128559,57961,223302,44463
meter,1,inactive,4,8,compiled,35093263,148507,307024,33899096,487077,251559,17464043,241188,32613744,465307
meter,1,unique,2,2,eager,288884,24640,146893,21984,58538,36829,134272,100342,244014,92147
meter,1,churn-broad,2,8,indexed,639202,40441,189123,177510,150749,81379,275961,142993,416458,138025
meter,1,dense,4,8,compiled,29896532,114897,178295,28859059,474541,269740,14910787,164831,27801834,395749
meter,1,selective,2,8,compiled,337462,33435,47388,223407,11821,21411,174810,35118,320528,36435
meter,1,reopen,2,8,compiled,3277162,48337,147989,2921777,79652,79407,1626324,103707,2786108,119211
meter,1,unique,2,8,eager,540653,38933,192987,89101,144391,75241,239189,146960,408186,147743
meter,1,reopen,2,2,eager,307605,25944,158248,23009,61715,38689,143162,112072,244014,92147
meter,1,binding,2,8,subscribed,538347,39135,140757,134589,148417,75449,240889,148212,375674,128285
meter,1,churn-broad,4,8,subscribed,3025638,23735,450773,1192264,938039,420827,1269411,396395,2075834,644313
meter,1,churn-broad,4,2,indexed,894763,57111,244236,175045,279836,138535,380534,191214,634078,220841
meter,1,binding,4,2,eager,1252598,58541,544990,236112,265388,147567,572718,412205,915998,331797
meter,1,churn-sparse,2,2,subscribed,291730,25289,117537,49172,62396,37336,131326,97502,224270,77945
meter,1,inactive,4,2,compiled,9992675,55640,186791,9510307,151496,88441,5006638,133176,9182916,194359
meter,1,unique,2,8,indexed,500063,38198,144290,103111,140935,73529,222305,117139,361834,127047
meter,1,dense,4,2,indexed,578216,42851,58720,142272,231365,103008,234842,74926,439342,153517
meter,1,unique,4,8,compiled,108473999,158554,324098,107221273,501268,268806,54061057,254649,92409268,473115
meter,1,selective,4,2,subscribed,79473,15206,30534,10202,13275,10256,41521,24550,102754,33959
meter,1,churn-broad,4,8,compiled,58030745,154807,466563,56612235,520393,276747,29040994,303914,50840052,492247
meter,1,binding,4,8,subscribed,2329046,159486,321303,597680,871976,378601,984222,353660,1762970,610485
meter,1,binding,2,2,compiled,1071200,35768,104452,866815,34447,29718,538577,73704,1004292,83087
meter,1,dense,4,8,subscribed,1964845,12428,154427,558934,859851,379205,734224,176849,1584538,552221
meter,1,selective,2,8,subscribed,94059,13705,27975,21396,18573,12410,47157,29584,118830,37883
meter,1,churn-sparse,4,8,subscribed,2441862,16577,359597,724839,923196,417653,949028,318052,1819882,618969
meter,1,consuming,2,8,eager,262619,26449,72868,112173,29649,21480,140834,54348,228246,48085
meter,1,reopen,2,8,indexed,529643,44341,161265,102445,146698,74894,247545,117821,361834,127047
meter,1,unique,2,2,compiled,1094581,36549,104565,886597,35852,31018,553898,75384,973312,82247
meter,1,consuming,4,8,subscribed,845768,34443,101200,599088,61722,49315,412447,95765,696530,76469
meter,1,churn-broad,2,8,eager,713678,40728,240719,205432,141779,85020,321400,181556,480474,158721
meter,1,inactive,2,2,eager,294357,25484,150121,20297,60540,37915,137055,100946,240366,91329
meter,1,reopen,4,8,subscribed,2708946,150600,334023,922585,909594,392144,1168815,281395,2072714,616439
meter,1,unique,4,2,compiled,13062148,57022,190658,12565568,156614,92286,6501378,135009,11726496,194167
meter,1,binding,2,8,compiled,2521910,43454,128778,2213997,81060,54621,1211330,94312,2238688,118411
meter,1,consuming,4,8,compiled,1568187,36676,105544,1356479,41123,28365,785184,67882,1495762,64437
meter,1,dense,2,8,eager,369700,29481,55507,94949,128903,60860,140163,53159,263226,93027
meter,1,reopen,4,8,indexed,2357989,153206,333823,521834,926948,422178,963558,272646,1729642,611047
meter,1,consuming,2,8,indexed,215161,25386,53982,77689,31632,26472,108908,43694,185222,45645
meter,1,churn-sparse,4,2,indexed,920781,59168,244887,171860,306264,138602,394408,184580,603422,214505
meter,1,unique,4,2,eager,1213935,60324,587082,129379,283248,153902,546621,378027,889198,331411
meter,1,churn-sparse,4,2,compiled,11278950,57086,195309,10780048,153398,93109,5610899,136670,10316136,192483
meter,1,dense,4,8,indexed,1927010,53846,148585,526274,847078,351227,748517,158052,1555066,546829
meter,1,selective,4,8,compiled,367541,30471,48571,257215,13896,17388,191358,40311,385516,44111
meter,1,consuming,2,2,eager,93949,23797,25579,26305,10568,7700,54630,27280,114018,27637
meter,1,consuming,4,2,compiled,409560,31322,40959,315013,10522,11744,230470,29669,393750,33193
meter,1,unique,2,2,subscribed,257594,24011,100549,40903,57930,34201,119381,79361,225886,76843
meter,1,reopen,4,8,compiled,40153231,124746,314501,38958334,493382,262268,20010690,243815,36430460,467219
meter,1,churn-sparse,4,8,indexed,2574137,155027,349196,591548,944203,534163,1042885,160964,1747498,613577
meter,1,dense,2,2,eager,124627,18587,30186,25554,33683,16617,61321,29476,118638,41763
meter,1,consuming,2,8,subscribed,262712,25696,54253,132599,29617,20547,136337,56571,249998,51037
meter,1,selective,2,8,indexed,91925,13918,28395,18712,18857,12043,46127,27585,100890,32491
meter,1,binding,2,2,indexed,273735,22572,99953,60995,56363,33852,125698,88954,211158,72013
meter,1,unique,4,8,indexed,2355754,155204,334641,552435,914956,398518,984229,283530,1729642,611047
meter,1,reopen,2,8,subscribed,564782,38849,149618,158639,142355,75321,255651,130514,449290,132439
meter,1,inactive,2,8,compiled,2276988,44581,121020,1976357,80801,54229,1119868,107350,2061040,117299
meter,1,dense,4,2,compiled,7439925,49028,62325,7147740,119228,61604,3673035,52320,7151726,121961
meter,1,inactive,4,2,eager,1690733,276982,891668,117345,269763,134975,1071221,362334,885550,330593
meter,1,binding,2,2,eager,336353,24335,146376,66495,60987,38160,154379,125622,258854,92709
meter,1,inactive,4,8,indexed,2327877,205868,309294,516076,902364,394275,1017381,257132,1706410,605897
meter,1,selective,4,2,compiled,207013,30058,40850,116207,7676,12222,112868,29942,209104,37949
meter,1,reopen,4,2,compiled,10586358,58026,191879,10082297,159408,94748,5224954,148852,9729208,194895
meter,1,selective,4,8,subscribed,121586,16600,41394,23572,23750,16270,60735,37255,128878,41795
meter,1,consuming,2,2,subscribed,98864,22694,22319,34999,10904,7948,57561,30861,126026,32404
meter,1,dense,4,2,subscribed,633051,47982,58977,210421,222525,93146,286184,97477,488398,158909
meter,1,churn-broad,2,2,subscribed,312663,25723,120213,65720,62280,38727,145497,110140,237166,80057
meter,1,selective,2,8,eager,98237,15269,31936,18049,19567,13416,49109,29800,110578,37191
meter,1,consuming,4,8,eager,818554,34677,135999,546919,61773,39186,390938,102802,662658,73517
meter,1,reopen,4,2,eager,1233213,58708,578981,135347,302799,157378,543829,359824,889198,331411
meter,1,churn-sparse,4,2,eager,1287591,73599,614266,174981,277866,146879,579413,392461,909390,332233
meter,1,inactive,2,2,subscribed,256795,23225,104995,32000,61664,34911,116901,84875,212366,76025
meter,1,churn-sparse,2,8,compiled,3419066,44556,155726,3083306,80183,55295,1683682,111948,2940916,119663
meter,1,binding,2,8,eager,633500,42351,211296,135399,162816,81638,290008,168834,401906,143589
meter,1,selective,4,2,indexed,88052,19099,34597,7832,15177,11347,46969,25844,84742,28567
meter,1,dense,2,8,indexed,338073,31140,45592,88267,119472,53602,150160,56669,255802,88617
meter,1,consuming,4,8,indexed,375817,30993,87967,161523,58680,36654,182383,67228,376642,71077
meter,1,binding,4,8,indexed,2390035,150342,318838,566362,888661,465832,978663,314878,1730922,605093
meter,1,churn-sparse,2,8,indexed,539551,38191,155046,120550,147952,77812,237959,122776,375882,129577
meter,1,consuming,2,2,compiled,200725,26441,31009,128177,6009,9089,109941,22572,210414,28561
meter,1,selective,4,8,eager,117892,16226,44323,17958,22849,16536,58236,36959,125530,43363
