family	size	execution	policy	access	prepare_ns	prepare_ns_min	prepare_ns_max	prepared_drop_ns	prepared_drop_ns_min	prepared_drop_ns_max	harness_ns	harness_ns_min	harness_ns_max	first_query_ns	first_query_ns_min	first_query_ns_max	reused_query_ns	reused_query_ns_min	reused_query_ns_max	lifecycle_ns	lifecycle_ns_min	lifecycle_ns_max	setup_ns	setup_ns_min	setup_ns_max	execution_ns	execution_ns_min	execution_ns_max	observe_ns	observe_ns_min	observe_ns_max	engine_drop_ns	engine_drop_ns_min	engine_drop_ns_max	answer_drop_ns	answer_drop_ns_min	answer_drop_ns_max	work_applications	work_candidate_visits	work_generic_template_visits	work_structural_tests	work_binding_slot_copies	work_pool_entries	work_index_bucket_entries	work_index_lookups	work_index_repairs	work_index_inserts	work_index_removes	work_key_visits	work_key_template_visits	work_key_normalization_requests	work_key_normalization_allocations	work_dependency_visits	work_activation_pushes	work_history_checks	work_pairs	work_dereferences	work_map_visits	work_map_allocations	work_term_requests	execution_requested_bytes	execution_allocation_calls	query_peak_live_bytes	post_answer_live_bytes	prepared_released_bytes
Build	8	Generated	Active	Indexed	16603	14131	21405	899	749	1098	34893	29794	40630	47547	37106	53182	28594.333333333332	24297.666666666668	30542.0	155532	125300	160209	3060.25	2490.75	3136.5	26641.75	21662.0	27860.25	1460.25	1225.5	1481.0	2433.25	1837.25	2985.25	267.0	232.25	287.75	9	17	0	34	58	0	0	0	18	9	9	54	0	45	0	54	9	9	9	44	113	29	71	24400	560	14306	4505	2154
Build	8	Generated	Active	Scan	14583	11576	30273	877	743	1272	34916	28318	43519	37303	30673	42787	21968.666666666668	18960.333333333332	23047.666666666668	121618	99873	140238	3054.25	2445.25	3214.25	19373.75	16048.75	19723.25	1420.5	1198.25	1530.25	2317.75	1899.0	2464.75	276.0	245.75	299.5	9	17	0	34	58	0	0	0	0	0	0	0	0	0	0	54	9	9	9	35	98	29	26	19870	369	13391	4502	2154
Build	8	Generated	Global	Indexed	16235	11469	20991	889	768	1297	32287	30651	39365	41017	36954	44690	26947.333333333332	24263.333333333332	28833.0	138526	135022	140757	2693.75	2652.75	2759.75	23901.5	22676.75	24412.5	1284.75	1272.0	1329.5	2076.5	2030.75	2109.0	280.0	256.75	315.0	9	9	0	26	50	8	1	20	18	9	9	54	38	55	0	54	0	9	9	44	113	29	81	24154	551	14170	4505	2154
Build	8	Generated	Global	Scan	15445	13533	20085	1037	736	1367	36154	32563	41842	31437	29002	34000	18326.666666666668	15618.333333333334	21284.666666666668	102846	90126	112948	2782.25	2539.25	3127.0	14935.75	13126.25	16974.5	1292.5	1140.0	1373.75	2196.75	1863.5	2238.75	267.75	244.5	292.75	9	17	0	34	58	17	0	0	0	0	0	0	0	0	0	0	0	9	9	35	83	29	26	15702	309	12519	4502	2154
Build	8	Generic	Active	Indexed	9902	8001	13628	1061	842	1492	35300	29397	42485	45971	36644	47045	26056.0	24470.0	29016.0	135371	118918	147440	2937.5	2536.0	3240.0	23846.0	21634.25	26254.5	1253.5	1116.25	1384.5	2109.75	1947.0	2313.5	243.0	225.25	267.25	9	17	109	34	58	0	0	0	18	9	9	54	0	45	0	54	9	9	9	44	113	29	71	24400	560	14304	4503	2154
Build	8	Generic	Active	Scan	8272	8082	12584	803	761	947	32561	27987	38087	34960	31281	37167	18840.666666666668	18348.666666666668	21181.0	101035	95420	110261	2812.75	2630.0	3039.25	16558.75	15527.5	18265.75	1220.75	1104.0	1340.0	2057.75	1876.25	2174.0	231.0	217.75	299.5	9	17	109	34	58	0	0	0	0	0	0	0	0	0	0	54	9	9	9	35	98	29	26	19870	369	13389	4500	2154
Build	8	Generic	Global	Indexed	8767	7944	15773	845	717	1165	31251	27891	36009	38877	36676	45848	24944.333333333332	24155.333333333332	28548.333333333332	133200	119028	140345	2759.5	2660.5	3098.25	23304.75	21500.5	25439.5	1269.75	1249.75	1418.0	2085.5	1845.75	2189.25	274.75	246.25	292.5	9	9	101	26	50	8	1	20	18	9	9	54	38	55	0	54	0	9	9	44	113	29	81	24154	551	14168	4503	2154
Build	8	Generic	Global	Scan	8487	8140	17413	851	760	1149	33692	28546	42588	30080	26174	43339	18853.666666666668	16449.666666666668	19924.333333333332	96330	84557	117857	3044.5	2646.25	3526.25	14864.0	12893.5	17255.5	1271.25	1158.25	1856.75	2229.5	1880.5	2597.75	283.0	252.25	305.5	9	17	109	34	58	17	0	0	0	0	0	0	0	0	0	0	0	9	9	35	83	29	26	15702	309	12517	4500	2154
Build	64	Generated	Active	Indexed	15832	13920	23692	1160	699	1367	72573	69259	79489	373362	342189	385711	338381.3333333333	332345.6666666667	371017.3333333333	1390751	1366757	1523615	20336.75	19885.25	22424.0	309525.0	303806.5	336737.25	7095.75	6674.25	8035.75	5104.25	4865.25	5749.75	1539.0	1493.75	1674.5	65	129	0	258	450	0	0	0	130	65	65	2210	0	2145	0	2210	65	65	65	324	2401	449	2339	278584	11863	57027	4506	2154
Build	64	Generated	Active	Scan	19158	17051	24559	1075	955	1420	79467	75739	94493	203603	183269	206047	164517.0	162938.0	166139.0	717944	694249	729147	20635.25	20277.75	22108.5	138056.75	133532.0	139946.75	7634.25	7200.5	7726.5	5521.0	5157.75	5582.5	1585.5	1504.25	2737.25	65	129	0	258	450	0	0	0	0	0	0	0	0	0	0	2210	65	65	65	259	2075	449	194	189662	3216	56112	4503	2154
Build	64	Generated	Global	Indexed	14532	12848	20191	828	747	954	80166	67723	80910	367755	349140	414006	344508.0	338735.3333333333	366552.0	1412286	1379035	1529708	20792.25	18968.0	22007.0	314781.75	309126.75	341617.75	7606.25	6941.0	7672.25	5123.5	4758.0	5471.75	1577.75	1482.0	1649.5	65	65	0	194	386	64	1	132	130	65	65	2210	262	2211	0	2210	0	65	65	324	2401	449	2405	275706	11742	56891	4506	2154
Build	64	Generated	Global	Scan	14487	12019	22030	734	714	1269	70760	68626	91576	135686	121618	157090	114447.0	107206.0	133538.0	500316	474281	581003	20399.25	18798.75	22611.25	85143.0	81046.75	100525.25	7074.75	6813.0	8323.5	4878.25	4806.25	6064.75	1515.5	1472.75	1837.5	65	129	0	258	450	129	0	0	0	0	0	0	0	0	0	0	0	65	65	259	1749	449	194	128198	2474	55240	4503	2154
Build	64	Generic	Active	Indexed	7997	7458	13829	830	715	1485	76907	71137	86088	386693	352000	405285	344512.6666666667	330235.6666666667	387343.3333333333	1402526	1351347	1579686	19280.25	18969.25	21307.25	313398.0	302549.5	353156.75	7988.0	6570.5	8168.75	6308.0	5743.75	7323.75	1645.75	1474.0	1811.5	65	129	837	258	450	0	0	0	130	65	65	2210	0	2145	0	2210	65	65	65	324	2401	449	2339	278584	11863	57025	4504	2154
Build	64	Generic	Active	Scan	10438	10109	14119	1086	766	1164	77106	75906	83869	200605	174426	204844	166927.66666666666	149082.0	181536.33333333334	716717	636955	760652	21150.25	18998.25	22230.5	140317.5	123060.75	149427.5	7688.5	6917.25	8067.25	5339.75	4909.25	5742.0	1597.25	1479.25	1759.75	65	129	837	258	450	0	0	0	0	0	0	0	0	0	0	2210	65	65	65	259	2075	449	194	189662	3216	56110	4501	2154
Build	64	Generic	Global	Indexed	11294	9146	16404	1005	719	1371	77856	72343	86679	409482	351788	434655	346669.0	331274.0	405214.3333333333	1433361	1380849	1663800	19823.25	19242.25	21329.75	321477.25	304550.75	371524.75	6981.75	6742.0	10904.0	6407.5	5773.25	7046.5	1587.0	1494.25	1699.75	65	65	773	194	386	64	1	132	130	65	65	2210	262	2211	0	2210	0	65	65	324	2401	449	2405	275706	11742	56889	4504	2154
Build	64	Generic	Global	Scan	9951	9158	13805	956	796	1196	75755	71127	80537	143269	128175	146876	117095.0	112479.66666666667	128725.0	506322	480615	543976	20819.25	19386.75	22687.75	88715.0	82966.0	95044.0	7299.0	6971.75	8103.5	5101.0	4901.5	5558.75	1626.25	1539.0	1800.25	65	129	837	258	450	129	0	0	0	0	0	0	0	0	0	0	0	65	65	259	1749	449	194	128198	2474	55238	4501	2154
Chain	8	Generated	Active	Indexed	14621	12863	16291	807	677	816	148334	141695	161396	115839	101467	122963	90310.66666666667	86530.33333333333	93426.0	403225	374598	411448	6755.5	6606.75	6915.5	80530.0	74352.25	82438.0	4725.0	4599.25	5299.25	2996.25	2907.25	3225.0	1586.0	974.25	1656.0	17	318	0	351	670	181	9	38	35	34	9	62	52	53	0	43	34	33	163	36	71	29	88	78462	1798	33717	4731	2380
Chain	8	Generated	Active	Scan	16378	13651	19331	730	714	793	155462	145762	164856	91808	88050	96022	78326.66666666667	76512.0	82810.33333333333	346158	334220	361624	6960.75	6731.25	7765.0	66867.0	65199.0	69769.0	4500.25	4248.0	5428.5	2106.25	1999.25	2322.75	887.0	811.5	1371.75	17	382	0	415	798	261	0	0	0	0	0	0	0	0	0	43	34	33	227	27	71	29	35	70308	1788	24354	4728	2380
Chain	8	Generated	Global	Indexed	20041	13873	24717	1045	681	1277	160358	140818	183077	129412	108704	146719	104898.66666666667	95906.33333333333	110079.33333333333	470079	410977	491483	8023.5	7024.0	8272.25	93374.25	84038.25	98804.75	5260.0	4325.0	5698.25	3285.75	2867.5	3508.25	929.5	794.0	964.5	17	305	0	430	644	216	125	360	35	34	9	223	333	214	0	43	0	125	134	36	71	29	249	79184	1974	33357	4731	2380
Chain	8	Generated	Global	Scan	17894	14038	22864	989	759	1068	155535	142192	168775	130393	125566	149816	137161.33333333334	133558.66666666666	141940.0	561490	545866	596860	7549.75	6990.75	8667.5	120482.75	116763.75	127547.0	4536.25	4315.75	4847.5	2157.5	2146.25	2241.0	832.25	809.5	863.75	17	1289	0	1414	2612	1389	0	0	0	0	0	0	0	0	0	0	0	125	1118	27	71	29	35	151164	4353	22426	4728	2380
Chain	8	Generic	Active	Indexed	9063	8403	14574	745	703	1000	149511	142003	173016	103957	102138	124797	92813.33333333333	87809.0	105203.33333333333	391545	375473	455981	6940.75	6374.25	8606.5	78592.0	76069.75	90235.25	5168.0	4548.25	5352.5	3022.75	2858.75	3315.25	1665.75	1530.75	2516.0	17	318	430	351	670	181	9	38	35	34	9	62	52	53	0	43	34	33	163	36	71	29	88	78462	1798	33715	4729	2380
Chain	8	Generic	Active	Scan	13125	10217	16314	1009	856	1048	162537	154594	171931	95985	93387	102066	84158.66666666667	80688.66666666667	94501.0	371894	354358	388475	7915.25	7420.0	8047.25	72446.0	68790.75	78752.75	4598.25	4346.25	4855.75	2273.25	2121.5	2472.75	869.25	826.5	1524.5	17	382	494	415	798	261	0	0	0	0	0	0	0	0	0	43	34	33	227	27	71	29	35	70308	1788	24352	4726	2380
Chain	8	Generic	Global	Indexed	13575	8623	17590	1011	814	1360	155579	151383	181781	120934	110685	135757	106000.66666666667	97991.66666666667	138534.0	453926	414097	551482	7603.5	6863.5	8620.75	93629.5	85472.5	112878.0	4556.25	4248.0	6596.5	3268.5	2814.5	3917.75	926.75	849.25	2047.0	17	305	509	430	644	216	125	360	35	34	9	223	333	214	0	43	0	125	134	36	71	29	249	79184	1974	33355	4729	2380
Chain	8	Generic	Global	Scan	12691	9473	17026	936	755	1150	175321	151062	188106	153009	140455	172783	151290.33333333334	147031.66666666666	159146.66666666666	626740	591778	656314	8027.0	7616.0	9038.0	135370.75	130431.75	144403.25	4672.0	4207.0	5004.25	2244.75	1875.75	5874.25	897.75	834.5	1645.75	17	1289	1493	1414	2612	1389	0	0	0	0	0	0	0	0	0	0	0	125	1118	27	71	29	35	151164	4353	22424	4726	2380
Chain	64	Generated	Active	Indexed	14399	13379	18129	1188	871	1370	1034705	1023964	1067123	1545642	1515189	1644957	1629788.3333333333	1581667.0	1693101.3333333333	6462517	6305936	6640704	45428.5	44383.75	49715.5	1514222.75	1474324.75	1557343.75	26847.0	24812.75	29031.75	14243.25	13712.0	14705.5	11833.0	11159.0	12773.0	129	16838	0	17095	33934	10401	65	262	259	258	65	454	388	389	0	323	258	257	8451	260	1429	449	648	1761998	56975	199054	4732	2380
Chain	64	Generated	Active	Scan	21896	15789	26555	1500	1190	1541	1131317	1042494	1151398	1803910	1644687	1974628	1851709.6666666667	1823758.0	1949281.0	7400714	7216521	7839616	50831.5	46607.25	76643.25	1750146.75	1677709.75	1853762.75	27922.0	26668.75	30604.75	10775.75	10174.25	11138.75	5838.75	5625.25	10210.25	129	20934	0	21191	42126	14625	0	0	0	0	0	0	0	0	0	323	258	257	12547	195	1429	449	259	2081460	67766	136091	4729	2380
Chain	64	Generated	Global	Indexed	19916	13876	28728	1647	1134	1869	1075720	1055944	1282430	2359933	2326647	2517355	2622379.6666666665	2589754.6666666665	2937428.3333333335	10338257	10117696	11359949	48921.0	47497.25	72716.5	2484789.5	2421148.75	2716877.5	27118.5	26384.5	30138.0	15673.5	15074.25	16411.5	5747.0	5511.25	13693.0	129	14949	0	21318	30156	10660	6369	17160	259	258	65	8903	15145	8838	0	323	0	6369	6434	260	1429	449	9097	2043456	70980	196902	4732	2380
Chain	64	Generated	Global	Scan	15678	14436	19047	1700	1399	2619	1177657	1155581	1228858	28617361	28179775	29725086	29939636.666666668	29250006.0	33263272.333333332	118284745	116384763	129377986	55095.0	51999.0	55655.25	29463964.25	28996752.25	32235465.0	27245.0	25155.25	29878.75	12122.75	11208.25	13980.5	5905.0	5734.75	6262.75	129	460069	0	466438	920396	466245	0	0	0	0	0	0	0	0	0	0	0	6369	451554	195	1429	449	259	47766780	1389399	125555	4729	2380
Chain	64	Generic	Active	Indexed	9549	8266	11681	1504	1026	1764	1084998	1021732	1128795	1643770	1607465	1759006	1784765.0	1761767.0	1890507.3333333333	6994011	6902058	7413617	49355.25	48671.0	49682.25	1641547.5	1621938.5	1750342.75	27641.0	26163.25	28930.0	14706.0	13975.25	14756.75	12359.25	9190.25	17837.0	129	16838	17678	17095	33934	10401	65	262	259	258	65	454	388	389	0	323	258	257	8451	260	1429	449	648	1761998	56975	199052	4730	2380
Chain	64	Generic	Active	Scan	11321	8768	15682	1318	1141	1587	1099583	1020944	1125394	1822934	1738700	1879031	1932506.6666666667	1860735.0	2028598.3333333333	7686906	7335117	7964152	44647.25	43222.5	48705.0	1829773.25	1737841.0	1899813.25	27648.0	26980.25	30193.5	10302.25	9695.0	10870.0	5692.5	5451.5	8687.75	129	20934	21774	21191	42126	14625	0	0	0	0	0	0	0	0	0	323	258	257	12547	195	1429	449	259	2081460	67766	136089	4727	2380
Chain	64	Generic	Global	Indexed	9823	7731	15985	1439	1253	2057	1078807	1040000	1184844	2572710	2449523	2577544	2781473.3333333335	2722271.6666666665	2817051.3333333335	10915789	10750787	11016409	49134.75	48752.0	49303.25	2615017.0	2580666.75	2638299.0	33969.75	26714.25	39340.0	15299.5	14795.75	16449.5	12198.25	5693.5	12954.5	129	14949	21901	21318	30156	10660	6369	17160	259	258	65	8903	15145	8838	0	323	0	6369	6434	260	1429	449	9097	2043456	70980	196900	4730	2380
Chain	64	Generic	Global	Scan	9111	7430	14353	1471	1363	2269	1177045	1159044	1181477	30368928	29656078	31055190	32886393.333333332	32004238.0	36580667.666666664	129724514	125684602	140119724	52353.25	51071.75	55568.5	32333558.25	31319128.25	34929712.25	26669.75	26313.25	27091.25	11390.75	11111.0	12492.75	5961.0	5716.75	6240.75	129	460069	467021	466438	920396	466245	0	0	0	0	0	0	0	0	0	0	0	6369	451554	195	1429	449	259	47766780	1389399	125553	4727	2380
Collision	8	Generated	Active	Indexed	14425	12850	20554	772	632	1134	61770	57201	62744	39491	33849	42951	24868.666666666668	23162.333333333332	25639.0	130709	120590	134126	2502.0	2396.25	2657.5	21116.75	20143.5	22124.5	2299.5	2191.75	2386.25	1449.25	1368.25	1526.75	613.5	594.25	643.75	10	55	0	54	63	16	26	6	12	10	0	13	19	13	0	10	20	36	35	0	0	0	23	18851	481	15205	4309	1954
Collision	8	Generated	Active	Scan	15314	12875	19663	862	681	1179	57920	53816	63365	33775	31540	38954	21371.333333333332	19740.333333333332	24143.666666666668	114041	104498	127393	2423.25	2208.0	2735.75	17776.25	16369.25	20076.5	2449.5	2441.25	3041.5	1169.25	1052.0	1270.5	566.25	552.0	657.0	10	55	0	54	63	42	0	0	0	0	0	0	0	0	0	10	20	36	35	0	0	0	10	16265	431	12674	4306	1954
Collision	8	Generated	Global	Indexed	12922	11289	22142	692	593	1046	56389	53006	65326	32357	29928	43951	22660.333333333332	20522.0	24415.0	114547	103376	140384	2459.25	2215.75	2727.0	18173.5	16701.0	21485.25	2343.75	2102.0	2623.5	1409.25	1242.5	1718.25	622.0	538.5	679.0	10	74	0	73	82	12	90	22	12	10	0	21	22	21	0	10	0	63	62	0	0	0	31	18299	502	14973	4309	1954
Collision	8	Generated	Global	Scan	13594	11667	17806	1095	691	1153	57358	54421	65245	25246	23185	30616	16847.666666666668	16314.666666666666	21069.333333333332	90783	89510	102739	2317.75	2193.0	2424.75	13317.25	12559.25	14166.0	2351.75	2217.75	2400.0	956.0	896.0	2455.5	585.75	561.0	674.5	10	74	0	73	82	102	0	0	0	0	0	0	0	0	0	0	0	63	62	0	0	0	10	14129	415	12074	4306	1954
Collision	8	Generic	Active	Indexed	13627	8289	15587	876	691	1048	67797	57834	71426	39752	37792	44613	27126.666666666668	23579.333333333332	28175.0	132813	129768	143037	2677.0	2408.0	2794.75	22490.0	21192.75	23679.5	2523.75	2345.75	4231.25	1527.75	1481.5	1682.75	643.75	576.25	658.75	10	55	83	54	63	16	26	6	12	10	0	13	19	13	0	10	20	36	35	0	0	0	23	18851	481	15203	4307	1954
Collision	8	Generic	Active	Scan	8854	8046	13001	654	607	932	57958	55622	60626	31188	29696	37768	20159.0	19816.666666666668	21439.0	105013	98519	111066	2245.0	2138.5	2346.75	17269.0	16536.5	18036.0	2278.5	2179.0	2350.5	1089.25	993.75	1184.75	565.0	533.25	594.75	10	55	83	54	63	42	0	0	0	0	0	0	0	0	0	10	20	36	35	0	0	0	10	16265	431	12672	4304	1954
Collision	8	Generic	Global	Indexed	9748	8813	12477	668	651	1119	58766	51304	61658	32805	30249	36290	21866.0	20489.0	26161.333333333332	115484	101180	121096	2346.25	2122.5	2507.75	18609.75	16856.0	21067.25	2297.0	2090.25	2416.25	1432.25	1238.25	1485.0	590.75	559.0	624.0	10	74	102	73	82	12	90	22	12	10	0	21	22	21	0	10	0	63	62	0	0	0	31	18299	502	14971	4307	1954
Collision	8	Generic	Global	Scan	11280	7827	31498	909	664	1058	63998	53521	73819	30514	23424	36672	19866.333333333332	17269.333333333332	21350.333333333332	103213	83725	133279	2580.5	2247.25	2900.0	15441.75	12925.5	17310.5	2612.75	2185.0	2950.0	1104.75	875.0	1267.75	633.75	524.0	688.25	10	74	102	73	82	102	0	0	0	0	0	0	0	0	0	0	0	63	62	0	0	0	10	14129	415	12072	4304	1954
Collision	64	Generated	Active	Indexed	12716	11512	17149	772	645	804	260618	244475	302685	173235	160736	190124	151718.0	149957.33333333334	167303.66666666666	659255	624377	688199	11335.5	9875.25	12700.5	132190.75	125040.5	139998.0	9825.5	9216.0	10764.75	4847.5	4507.0	4945.25	2863.5	2755.75	2986.25	66	391	0	390	455	128	194	6	68	66	0	69	131	69	0	66	132	260	259	0	0	0	135	125427	3249	65854	4310	1954
Collision	64	Generated	Active	Scan	17567	12214	21520	1157	638	80172	262223	227986	579282	162909	146661	529713	142550.33333333334	132322.66666666666	285808.0	610659	556481	1484876	11639.25	10450.5	28830.5	118158.5	109736.0	277272.5	11277.5	9645.75	20132.75	3593.0	3274.5	7833.5	2908.25	2745.75	12638.0	66	391	0	390	455	322	0	0	0	0	0	0	0	0	0	66	132	260	259	0	0	0	66	110225	2957	51715	4307	1954
Collision	64	Generated	Global	Indexed	12579	11918	19144	914	632	1255	248136	237282	271913	297333	290244	370257	291742.6666666667	287597.0	306782.6666666667	1184507	1166277	1264165	11153.0	10457.0	11428.5	263683.75	259907.25	282498.75	10053.25	9915.75	11082.75	4681.0	4660.0	5060.0	2920.75	2762.5	2956.75	66	2342	0	2341	2406	68	4290	134	68	66	0	133	134	133	0	66	0	2275	2274	0	0	0	199	291435	10645	64726	4310	1954
Collision	64	Generated	Global	Scan	14483	11752	32648	894	646	1280	257007	222514	271735	286787	268774	342512	264640.6666666667	251602.33333333334	295138.6666666667	1093424	1082139	1248458	10964.0	9958.75	12225.5	242127.0	239926.75	277333.0	10051.75	9723.75	11109.25	2977.75	2622.0	3290.5	2828.0	2656.5	2952.75	66	2342	0	2341	2406	4358	0	0	0	0	0	0	0	0	0	0	0	2275	2274	0	0	0	66	264409	10083	46811	4307	1954
Collision	64	Generic	Active	Indexed	9552	8135	12480	746	651	975	269262	252980	269717	167408	162990	178401	155800.66666666666	151838.33333333334	163809.0	643270	638376	676697	10929.0	10410.0	11342.0	129861.5	128398.75	137155.25	9727.75	9411.75	10025.75	4869.25	4708.25	4980.75	2873.0	2861.0	2961.0	66	391	587	390	455	128	194	6	68	66	0	69	131	69	0	66	132	260	259	0	0	0	135	125427	3249	65852	4308	1954
Collision	64	Generic	Active	Scan	9676	8166	11158	729	601	1416	238921	233014	276294	152829	144039	170721	138173.66666666666	135724.66666666666	149835.66666666666	577208	559980	631487	10598.5	10244.5	11783.75	114542.0	111601.5	125709.75	10147.25	9472.5	11692.75	3358.75	3221.0	3825.75	2822.75	2688.75	3193.5	66	391	587	390	455	322	0	0	0	0	0	0	0	0	0	66	132	260	259	0	0	0	66	110225	2957	51713	4305	1954
Collision	64	Generic	Global	Indexed	9281	7903	10067	707	615	994	250941	237493	292914	312664	309176	359405	304023.0	293343.0	314412.3333333333	1238517	1202589	1313616	11234.25	10420.75	12459.0	278099.75	271454.5	295245.75	10257.5	9144.0	10673.75	4564.5	4424.5	5023.75	2766.75	2673.0	2979.75	66	2342	2538	2341	2406	68	4290	134	68	66	0	133	134	133	0	66	0	2275	2274	0	0	0	199	291435	10645	64724	4308	1954
Collision	64	Generic	Global	Scan	15524	8096	21501	672	635	1299	235989	230637	429145	281433	278465	592590	268357.6666666667	264481.3333333333	481683.6666666667	1092269	1091341	2059814	10289.5	9907.75	11955.25	245046.0	242569.0	456977.75	10256.75	10080.75	28108.75	2859.25	2648.5	6648.75	2803.25	2695.5	6624.5	66	2342	2538	2341	2406	4358	0	0	0	0	0	0	0	0	0	0	0	2275	2274	0	0	0	66	264409	10083	46809	4305	1954
Delayed	8	Generated	Active	Indexed	17481	15346	19348	1010	770	1634	156671	152835	186447	150809	140854	165903	133148.0	122668.33333333333	144334.0	556414	537591	614837	8942.0	8589.75	10535.25	116742.75	110696.25	128079.25	5560.25	4722.25	6159.75	3670.5	3312.75	4019.5	830.5	814.5	974.5	25	302	0	350	654	116	25	74	59	50	25	112	93	87	0	83	59	48	167	216	635	92	122	111138	2341	37409	5153	2800
Delayed	8	Generated	Active	Scan	21617	16466	27463	1058	825	1177	162432	148916	185399	129161	128110	155653	110209.33333333333	108816.0	131441.33333333334	495824	475160	557882	9318.25	8954.75	12567.25	99341.0	96201.0	111346.5	4989.75	4938.25	5424.75	2823.25	2764.5	3035.25	837.75	807.5	902.5	25	439	0	487	928	321	0	0	0	0	0	0	0	0	0	83	59	48	304	320	976	92	35	103868	2434	27904	5150	2800
Delayed	8	Generated	Global	Indexed	16182	14460	17004	816	806	1307	152149	144635	163566	148011	147311	169275	138583.0	135457.66666666666	161127.66666666666	580557	569429	668658	8790.25	8328.5	11866.5	123770.0	120305.0	140538.0	4878.25	4558.0	5535.0	3761.25	3225.5	4691.0	962.75	834.0	1873.75	25	341	0	466	732	252	117	432	59	50	25	291	395	266	0	83	0	125	143	192	608	102	301	110536	2568	36451	5153	2800
Delayed	8	Generated	Global	Scan	18903	14677	26384	1123	791	1262	152976	147786	175594	169199	159048	184549	166981.33333333334	165511.33333333334	182246.66666666666	691304	676721	758796	10210.75	8888.75	12084.25	150691.75	147104.75	161726.75	5029.75	4711.25	5573.5	2248.75	2121.0	2526.75	832.75	788.0	899.0	25	1453	0	1578	2956	1545	0	0	0	0	0	0	0	0	0	0	0	125	1255	1327	4730	102	35	181868	5125	24192	5150	2800
Delayed	8	Generic	Active	Indexed	12133	9465	14007	883	807	990	161729	151261	170103	160012	140076	181806	133125.33333333334	128444.0	141257.33333333334	593250	544533	598781	9642.75	8499.75	10161.0	125067.5	115006.25	126043.25	5363.75	4934.25	5614.75	3533.0	3416.25	3738.25	888.5	819.0	909.75	25	302	471	350	654	116	25	74	59	50	25	112	93	87	0	83	59	48	167	216	635	92	122	111138	2341	37407	5151	2800
Delayed	8	Generic	Active	Scan	11293	9297	18766	962	800	1174	155646	149710	193721	135506	124721	152624	118168.33333333333	112368.33333333333	135187.33333333334	502340	472765	578126	9480.75	8403.75	9916.75	104000.5	98432.0	117170.75	5322.0	5214.75	8008.0	2770.0	2570.0	3538.0	835.5	778.75	881.5	25	439	608	487	928	321	0	0	0	0	0	0	0	0	0	83	59	48	304	320	976	92	35	103868	2434	27902	5148	2800
Delayed	8	Generic	Global	Indexed	12431	11603	19446	1034	811	1082	159382	153596	169603	176722	157294	187311	151206.66666666666	137171.66666666666	156555.66666666666	642900	596332	677407	9563.75	8462.5	11056.0	137905.25	125197.5	142541.0	5403.25	5300.0	6046.25	3546.0	3340.0	3841.0	1573.0	823.75	1859.0	25	341	587	466	732	252	117	432	59	50	25	291	395	266	0	83	0	125	143	192	608	102	301	110536	2568	36449	5151	2800
Delayed	8	Generic	Global	Scan	9982	9733	17229	842	820	1207	151662	145016	192255	172765	166156	191007	174267.0	172147.66666666666	203165.0	712158	693483	800696	9279.25	8560.0	10058.25	158371.25	153833.25	174135.0	4827.5	4608.75	7630.75	2563.5	2066.5	2678.75	835.75	796.0	1092.25	25	1453	1699	1578	2956	1545	0	0	0	0	0	0	0	0	0	0	0	125	1255	1327	4730	102	35	181868	5125	24190	5148	2800
Delayed	64	Generated	Active	Indexed	20926	17685	24512	1583	1510	1628	1114600	1063626	1231284	1703804	1625831	1844849	1785232.6666666667	1779407.3333333333	1813651.0	7115165	7001583	7215970	58510.5	57375.5	61629.75	1647499.5	1619640.75	1671541.75	30247.5	27621.5	32541.75	19110.5	17827.25	19781.0	18436.0	18055.75	22121.75	193	13126	0	13510	26638	6304	193	522	451	386	193	840	709	647	0	643	451	384	6691	7076	56789	1095	906	1729834	50677	226204	5154	2800
Delayed	64	Generated	Active	Scan	18459	15288	20538	1524	950	1916	1117031	1083837	1168992	2093832	2004066	2109980	2240082.3333333335	2192396.6666666665	2289743.0	8783547	8666785	8982128	57027.75	54478.25	58878.5	2083275.75	2055531.75	2129827.25	29647.0	28748.0	33729.25	13348.25	13079.25	14680.25	5614.25	5167.5	12956.75	193	21383	0	21767	43152	16897	0	0	0	0	0	0	0	0	0	643	451	384	14948	15076	124500	1095	259	2440580	73028	162601	5151	2800
Delayed	64	Generated	Global	Indexed	17059	16402	25019	1713	1337	1910	1116530	1082446	1186174	3044385	2970661	3232326	3202805.6666666665	3150298.3333333335	3309797.3333333335	12740150	12498934	13188450	59368.25	56702.25	62689.0	3057564.25	2974026.0	3168082.75	33016.75	30823.0	57812.5	18367.0	17837.75	22367.0	6259.75	5454.75	12761.75	193	17029	0	23398	34444	12740	6305	21320	451	386	193	11239	17419	11046	0	643	0	6369	6499	6884	47890	1236	11305	2478144	83106	221948	5154	2800
Delayed	64	Generated	Global	Scan	17029	14616	29156	1837	1404	2518	1206117	1183375	1229963	35226532	34796490	35404983	36293803.0	35895010.666666664	39514761.666666664	143695200	142930567	153965769	61163.0	60230.25	62118.75	35805030.25	35613704.25	38370867.75	34086.0	31919.0	34980.25	14796.5	13809.25	15476.25	6008.0	5885.75	6175.75	193	507973	0	514342	1016332	514085	0	0	0	0	0	0	0	0	0	0	0	6369	497443	539235	4407343	1236	259	52784300	1535532	134761	5151	2800
Delayed	64	Generic	Active	Indexed	14782	10489	19060	1222	1064	1673	1104747	1102702	1155945	1758358	1722575	1923927	1905065.6666666667	1826513.3333333333	1929222.0	7449960	7306447	7651073	59926.75	57286.5	61521.5	1733712.5	1696167.25	1781450.0	29746.5	29300.0	31270.75	18678.0	18495.5	19348.75	18232.0	17287.0	23069.0	193	13126	14415	13510	26638	6304	193	522	451	386	193	840	709	647	0	643	451	384	6691	7076	56789	1095	906	1729834	50677	226202	5152	2800
Delayed	64	Generic	Active	Scan	14466	9453	17963	1486	1228	1642	1167813	1104471	1213947	2176257	2158163	3753645	2364960.6666666665	2285924.0	2425047.6666666665	9462339	9033065	10828282	58457.75	54224.75	60425.25	2245665.5	2147920.25	2583731.25	31535.75	28341.75	32464.75	13614.5	12509.25	14646.75	11644.0	10964.0	12633.25	193	21383	22672	21767	43152	16897	0	0	0	0	0	0	0	0	0	643	451	384	14948	15076	124500	1095	259	2440580	73028	162599	5149	2800
Delayed	64	Generic	Global	Indexed	12302	9518	15811	1546	1339	2110	1141581	1121228	1153500	3078129	3070450	3240937	3506007.0	3375994.3333333335	3554876.6666666665	13611813	13209290	13858080	59288.25	57621.0	63457.75	3279783.75	3184734.25	3339683.25	32194.5	29851.5	33815.5	18503.25	18253.0	18823.0	11327.0	5812.75	11630.5	193	17029	24303	23398	34444	12740	6305	21320	451	386	193	11239	17419	11046	0	643	0	6369	6499	6884	47890	1236	11305	2478144	83106	221946	5152	2800
Delayed	64	Generic	Global	Scan	13468	11196	16478	1809	1743	2224	1231625	1210322	1514975	37484086	36225261	46204406	39740661.333333336	38427222.0	40109235.666666664	156494708	152319834	166547390	63777.25	62186.5	65813.0	38995706.25	37947795.25	41486594.5	40074.75	34774.0	52084.25	15214.5	13941.5	16507.75	6226.5	5863.75	13985.5	193	507973	515247	514342	1016332	514085	0	0	0	0	0	0	0	0	0	0	0	6369	497443	539235	4407343	1236	259	52784300	1535532	134759	5149	2800
Repair	8	Generated	Active	Indexed	11714	10759	16123	676	616	956	63761	54935	67450	51673	44805	69818	36130.666666666664	33595.333333333336	40526.333333333336	185499	160178	192348	6189.0	5487.25	9585.75	30773.5	27349.5	32351.75	1806.25	1656.0	1954.25	2078.5	1906.75	2550.0	419.5	394.75	478.75	8	24	0	48	32	0	0	0	32	16	8	48	0	24	1	56	24	8	8	72	132	25	40	27529	546	20406	4130	1778
Repair	8	Generated	Active	Scan	12574	11756	13092	713	619	785	64794	57607	68078	43769	38524	45599	32499.0	27841.333333333332	32770.333333333336	155143	134423	156600	6654.0	5718.5	6759.0	24252.0	20914.5	24535.5	2146.25	1819.75	2192.0	1672.25	1579.0	1837.0	480.5	396.5	490.0	8	24	0	48	32	0	0	0	0	0	0	0	0	0	0	56	24	8	8	48	117	25	16	21408	402	16241	4127	1778
Repair	8	Generated	Global	Indexed	14295	13616	23410	668	598	1139	63320	62482	73347	46032	44116	55795	31305.333333333332	30322.333333333332	35390.333333333336	158213	152622	186515	5773.75	5571.75	6633.25	25668.5	24485.25	28519.75	1977.5	1859.0	2382.25	1921.75	1696.5	2394.75	425.25	408.25	495.5	8	8	0	16	32	36	0	18	32	16	8	48	36	42	3	56	0	8	8	56	110	25	58	25781	472	20170	4130	1778
Repair	8	Generated	Global	Scan	18359	13183	20905	844	750	1241	64538	58605	71653	33102	29945	39065	20913.666666666668	19919.666666666668	22716.333333333332	114427	105501	128280	6434.0	5553.25	6876.5	14078.0	13275.5	15814.25	1862.5	1844.75	2331.25	1573.0	1223.0	1746.75	423.75	398.25	460.5	8	80	0	160	32	108	0	0	0	0	0	0	0	0	0	0	0	8	8	104	213	25	16	12280	335	12583	4127	1778
Repair	8	Generic	Active	Indexed	11480	8956	17833	757	616	1157	68102	66001	71777	57684	52987	63631	37877.0	34442.666666666664	44369.666666666664	184685	179701	199443	6646.25	6250.0	8537.25	31383.5	29825.25	33285.75	2087.25	1755.0	2168.0	2221.5	1661.0	2265.25	444.75	396.25	481.0	8	24	72	48	32	0	0	0	32	16	8	48	0	24	1	56	24	8	8	72	132	25	40	27529	546	20404	4128	1778
Repair	8	Generic	Active	Scan	9735	8476	15266	932	622	1200	64022	60123	73688	46930	39704	51761	29845.0	27380.0	31877.666666666668	146531	134811	157304	6078.25	5738.25	7110.5	22849.75	21460.0	25122.75	2041.5	1891.0	2213.0	1662.75	1560.5	1902.5	428.5	400.0	450.5	8	24	72	48	32	0	0	0	0	0	0	0	0	0	0	56	24	8	8	48	117	25	16	21408	402	16239	4125	1778
Repair	8	Generic	Global	Indexed	7648	6682	13710	629	588	870	62646	57472	75379	46389	42699	54724	32313.333333333332	30420.0	33020.0	153089	142230	167850	5846.75	5482.25	6344.0	24803.75	23746.25	27304.75	1921.0	1843.0	2151.5	2027.5	1907.0	3249.5	433.75	409.0	490.75	8	8	40	16	32	36	0	18	32	16	8	48	36	42	3	56	0	8	8	56	110	25	58	25781	472	20168	4128	1778
Repair	8	Generic	Global	Scan	13924	7775	14360	1037	640	1042	69449	58272	73002	36573	29392	39914	20738.666666666668	20339.333333333332	25159.333333333332	114191	98883	130355	5725.0	5433.75	6903.25	14776.0	13691.0	17503.25	2073.25	1910.5	2362.75	1495.5	1116.0	1670.25	432.0	404.0	517.25	8	80	184	160	32	108	0	0	0	0	0	0	0	0	0	0	0	8	8	104	213	25	16	12280	335	12581	4125	1778
Repair	64	Generated	Active	Indexed	12097	10790	21006	894	656	1033	293336	289500	312271	330406	319143	343748	299703.6666666667	292420.0	308523.6666666667	1236223	1213284	1291358	41648.75	41295.25	43164.75	228761.0	221388.5	234937.5	15619.75	15299.75	16694.5	8545.5	8334.5	9174.0	12094.75	11380.75	13291.5	64	192	0	384	256	0	0	0	256	128	64	384	0	192	1	448	192	64	64	576	2944	442	320	227137	4570	114390	4131	1778
Repair	64	Generated	Active	Scan	15362	11099	21607	959	686	1294	324643	315882	348368	269682	252214	292221	239806.66666666666	238154.0	259470.0	1000465	980332	1091577	43443.75	43070.5	49281.5	174785.0	171337.0	187377.75	15250.25	14882.0	16485.5	7925.5	7160.75	8863.25	4545.25	2480.0	5646.5	64	192	0	384	256	0	0	0	0	0	0	0	0	0	0	448	192	64	64	384	2618	442	128	183072	3438	89134	4128	1778
Repair	64	Generated	Global	Indexed	14746	11075	23531	897	630	1099	324231	306707	381054	318362	289919	359622	276529.3333333333	269267.6666666667	335333.0	1190852	1118949	1390251	45208.75	42028.5	53020.0	216486.25	198482.5	245789.5	16547.0	15142.5	19295.0	9417.0	9015.5	12332.5	8434.0	7757.25	11273.0	64	64	0	128	256	2080	0	130	256	128	64	384	260	322	3	448	0	64	64	448	2500	442	450	225277	3909	110922	4131	1778
Repair	64	Generated	Global	Scan	14326	11311	17910	962	660	1334	304831	295762	332250	381899	373853	447599	375603.0	364081.6666666667	399647.3333333333	1512640	1487879	1648148	43463.0	41447.5	57787.0	306976.75	303813.75	336786.75	13895.25	13372.25	14247.0	6720.75	6467.75	6899.75	3745.0	3296.25	3970.5	64	4224	0	8448	256	6240	0	0	0	0	0	0	0	0	0	0	0	64	64	4416	22720	442	128	266536	10037	65910	4128	1778
Repair	64	Generic	Active	Indexed	9251	7008	15908	920	638	1373	305657	289925	321657	325056	324531	361696	296821.6666666667	295452.6666666667	324146.3333333333	1245921	1218535	1345027	42319.5	41430.75	45879.0	227801.0	225173.5	247414.5	15426.0	15059.5	16770.25	8371.25	8340.25	9970.5	12274.0	11471.75	13476.75	64	192	576	384	256	0	0	0	256	128	64	384	0	192	1	448	192	64	64	576	2944	442	320	227137	4570	114388	4129	1778
Repair	64	Generic	Active	Scan	13104	9240	17968	973	646	1142	329151	311210	452910	272319	266539	422673	250855.0	247329.0	331917.6666666667	1038165	1024192	1432310	46160.75	42526.75	60532.5	183263.75	180054.75	255372.5	15855.25	14845.0	21292.25	7964.0	7562.0	11683.75	4307.0	2459.25	5633.0	64	192	576	384	256	0	0	0	0	0	0	0	0	0	0	448	192	64	64	384	2618	442	128	183072	3438	89132	4126	1778
Repair	64	Generic	Global	Indexed	8920	8185	11365	925	677	977	327544	311300	378720	307664	283946	336933	275121.0	270027.6666666667	301906.3333333333	1161938	1103430	1254164	45864.5	43076.25	49848.75	206271.75	198240.0	224875.5	15721.5	15031.75	18617.5	9823.25	8657.75	11849.75	7392.5	6393.75	7738.25	64	64	320	128	256	2080	0	130	256	128	64	384	260	322	3	448	0	64	64	448	2500	442	450	225277	3909	110920	4129	1778
Repair	64	Generic	Global	Scan	7496	6372	11158	659	643	945	297441	291348	318559	403055	396865	424662	407565.3333333333	395184.3333333333	433680.6666666667	1633906	1591729	1704931	42099.0	41297.75	43770.75	339924.5	327883.5	358347.75	13726.25	13536.5	19625.5	8272.75	8259.0	8772.0	2820.75	2767.75	3030.75	64	4224	8640	8448	256	6240	0	0	0	0	0	0	0	0	0	0	0	64	64	4416	22720	442	128	266536	10037	65908	4126	1778
