case	mode	pass	quanta	projected_steps	expansions	projected_applications	introductions	projected_introductions	splits	failed	raw	answers	support_reads	support_writes	occurrence_scans	binding_scans	match_candidates	term_visits	term_copies	unification_pairs	occurs_visits	previewed	queue_scans	queue_refs	work_nodes	max_frontier	pending	retained_occurrences	variables	occurrence_births	binding_edges	tokens	support_memberships	observer_pairs	observer_scans	allocation_calls	requested_bytes	baseline_live	peak_live	final_live	elapsed_us
A01-disconnected-failure	Singleton	true	5	5	1	1	1	1	0	1	0	0	3	7	1	0	1	8	15	1	1	5	5	3	4	1	0	0	2	1	1	1	5	0	0	69	9695	1465	6862	5677	24
A01-disconnected-failure	Ready	true	5	5	1	1	1	1	0	1	0	0	3	7	1	0	1	8	15	1	1	5	5	3	4	1	0	0	2	1	1	1	5	0	0	69	9695	1461	6858	5673	22
A02-pending-failure	Singleton	true	7	7	2	2	2	2	0	1	0	0	6	10	3	0	2	5	11	1	1	7	7	4	5	1	0	0	1	2	1	2	6	0	0	87	10522	1570	6991	6043	31
A02-pending-failure	Ready	true	7	7	2	2	2	2	0	1	0	0	6	10	3	0	2	5	11	1	1	7	7	4	5	1	0	0	1	2	1	2	6	0	0	87	10522	1566	6987	6039	23
A03-raw-duplicates	Singleton	true	7	7	1	1	1	1	1	0	2	1	11	20	1	4	1	10	26	2	2	7	7	3	4	2	0	0	2	1	1	1	10	2	0	108	12465	1659	7348	6682	27
A03-raw-duplicates	Ready	true	7	7	1	1	1	1	1	0	2	1	11	20	1	4	1	10	26	2	2	7	7	3	4	2	0	0	2	1	1	1	10	2	0	108	12465	1655	7344	6678	29
A04-alpha-residual	Singleton	true	7	7	1	1	3	3	1	0	2	1	11	22	5	0	1	2	4	0	0	7	7	3	4	2	0	2	2	3	0	1	12	1	1	88	8836	1427	6782	6083	33
A04-alpha-residual	Ready	true	7	7	1	1	3	3	1	0	2	1	11	22	6	0	1	2	4	0	0	9	9	3	4	2	0	2	2	3	0	1	12	1	1	91	8876	1423	6778	6079	25
C01-correlation	Singleton	true	10	10	1	1	1	1	1	0	2	2	20	22	1	13	1	12	42	4	4	10	10	6	6	2	0	0	2	1	4	1	12	1	0	142	16027	2052	8668	8180	35
C01-correlation	Ready	true	10	10	1	1	1	1	1	0	2	2	20	22	1	13	1	12	42	4	4	10	10	6	6	2	0	0	2	1	4	1	12	1	0	142	16027	2048	8664	8176	32
C02-independent	Singleton	true	18	18	3	3	2	2	3	0	4	4	56	78	3	23	3	19	60	6	6	18	18	9	11	4	0	0	2	2	4	2	32	8	0	235	24232	2273	9503	9015	71
C02-independent	Ready	true	17	18	2	3	2	2	3	0	4	4	55	78	3	23	3	16	58	6	6	18	19	9	8	4	0	0	2	2	4	2	32	8	0	229	23782	2269	9499	9011	42
C03-inactive-label	Singleton	true	10	10	1	1	1	1	2	0	3	3	24	33	1	12	1	12	35	3	3	10	10	5	6	3	0	0	2	1	3	1	15	3	0	143	15369	2262	8826	8300	31
C03-inactive-label	Ready	true	10	10	1	1	1	1	2	0	3	3	24	33	1	12	1	12	35	3	3	10	10	5	6	3	0	0	2	1	3	1	15	3	0	143	15369	2258	8822	8296	37
C04-recursive-fresh	Singleton	true	81	81	15	15	15	15	7	0	8	8	327	294	51	106	23	137	427	22	36	81	81	57	58	8	0	0	8	15	18	15	128	44	0	1180	100576	4853	25878	25390	101
C04-recursive-fresh	Ready	true	81	81	15	15	15	15	7	0	8	8	860	294	584	106	149	347	741	22	36	221	221	57	58	8	0	0	8	15	18	15	128	44	0	1878	200942	4849	25874	25386	160
G01-suspended	Singleton	true	2	2	0	0	1	1	0	0	1	1	2	4	1	0	1	9	16	0	0	2	2	0	1	1	0	1	2	1	0	0	4	0	0	58	7430	1690	5940	5598	17
G01-suspended	Ready	true	2	2	0	0	1	1	0	0	1	1	2	4	1	0	1	9	16	0	0	2	2	0	1	1	0	1	2	1	0	0	4	0	0	58	7430	1686	5936	5594	21
G02-recheck	Singleton	true	7	7	2	2	3	3	0	0	1	1	10	13	7	2	3	20	37	1	0	7	7	2	4	1	0	1	2	3	1	2	9	0	0	112	15268	2084	8358	7926	30
G02-recheck	Ready	true	7	7	2	2	3	3	0	0	1	1	10	13	7	2	3	20	37	1	0	7	7	2	4	1	0	1	2	3	1	2	9	0	0	112	15268	2080	8354	7922	27
H01-distinct-resources	Singleton	true	2	2	0	0	1	1	0	0	1	1	2	2	2	0	1	2	3	0	0	2	2	0	1	1	0	1	0	1	0	0	2	0	0	47	4572	1334	4333	4021	25
H01-distinct-resources	Ready	true	2	2	0	0	1	1	0	0	1	1	2	2	2	0	1	2	3	0	0	2	2	0	1	1	0	1	0	1	0	0	2	0	0	47	4572	1330	4329	4017	17
H02-repeated-head-alias	Singleton	true	8	8	2	2	4	4	0	0	1	1	15	16	17	2	7	19	34	1	0	8	8	2	5	1	0	1	2	4	1	2	10	0	0	132	17863	2109	9208	8007	30
H02-repeated-head-alias	Ready	true	8	8	2	2	4	4	0	0	1	1	15	16	17	2	7	19	34	1	0	8	8	2	5	1	0	1	2	4	1	2	10	0	0	132	17863	2105	9204	8003	30
H03-constructor-wakeup	Singleton	true	7	7	2	2	3	3	0	0	1	1	10	12	7	2	3	8	17	1	1	7	7	2	4	1	0	1	1	3	1	2	8	0	0	110	11634	1705	7388	7028	22
H03-constructor-wakeup	Ready	true	7	7	2	2	3	3	0	0	1	1	10	12	7	2	3	8	17	1	1	7	7	2	4	1	0	1	1	3	1	2	8	0	0	110	11634	1701	7384	7024	24
H04-inherited-history	Singleton	true	10	10	2	2	3	3	1	0	2	2	28	36	14	5	5	7	20	2	2	10	10	4	6	2	0	2	1	3	2	2	18	1	0	152	14593	2074	8858	8370	41
H04-inherited-history	Ready	true	10	10	2	2	3	3	1	0	2	2	28	36	14	5	5	7	20	2	2	10	10	4	6	2	0	2	1	3	2	2	18	1	0	152	14593	2070	8854	8366	39
H05-conditional-history	Singleton	true	10	10	2	2	3	3	1	0	2	2	29	27	11	12	5	12	31	2	2	10	10	4	6	2	0	2	1	3	2	2	15	0	0	162	14851	2222	9309	8757	35
H05-conditional-history	Ready	true	10	10	2	2	3	3	1	0	2	2	32	27	13	14	6	13	33	2	2	11	11	4	6	2	0	2	1	3	2	2	15	0	0	166	14884	2218	9305	8753	25
H06-conditional-consumption	Singleton	true	10	10	2	2	5	5	1	0	2	2	20	27	21	0	5	0	0	0	0	10	10	4	6	2	0	3	0	5	0	2	13	0	0	111	9483	1801	7194	6642	34
H06-conditional-consumption	Ready	true	10	10	2	2	5	5	1	0	2	2	24	27	33	0	8	0	0	0	0	13	13	4	6	2	0	3	0	5	0	2	13	0	0	122	9691	1797	7190	6638	30
M01-committed	Singleton	true	4	4	1	1	1	1	0	0	1	1	4	6	1	1	1	5	12	1	1	4	4	1	2	1	0	0	1	1	1	1	4	0	0	76	9541	1532	6681	6154	21
M01-committed	Ready	true	4	4	1	1	1	1	0	0	1	1	4	6	1	1	1	5	12	1	1	4	4	1	2	1	0	0	1	1	1	1	4	0	0	76	9541	1528	6677	6150	18
M02-nonbinding	Singleton	true	2	2	0	0	1	1	0	0	1	1	2	3	1	0	1	3	5	0	0	2	2	0	1	1	0	1	1	1	0	0	3	0	0	48	5264	1334	4932	4620	13
M02-nonbinding	Ready	true	2	2	0	0	1	1	0	0	1	1	2	3	1	0	1	3	5	0	0	2	2	0	1	1	0	1	1	1	0	0	3	0	0	48	5264	1330	4928	4616	16
S01-finite-sibling	Singleton	true	200	200	98	98	99	99	1	0	1	1	298	405	195	1	98	5	12	1	1	200	200	100	101	2	1	1	1	99	1	98	203	0	0	1676	128381	1708	47122	46734	106
S01-finite-sibling	Ready	true	200	200	98	98	99	99	1	0	1	1	299	405	197	1	98	5	12	1	1	202	202	100	101	2	1	1	1	99	1	98	203	0	0	1680	128429	1704	47118	46730	142
U01-clash	Singleton	true	3	3	1	1	1	1	0	1	0	0	3	6	1	0	1	8	12	1	0	3	3	1	2	1	0	0	2	1	0	1	4	0	0	56	7265	1244	5570	4504	19
U01-clash	Ready	true	3	3	1	1	1	1	0	1	0	0	3	6	1	0	1	8	12	1	0	3	3	1	2	1	0	0	2	1	0	1	4	0	0	56	7265	1240	5566	4500	20
U02-self	Singleton	true	4	4	1	1	1	1	0	0	1	1	3	6	1	0	1	8	16	1	0	4	4	1	2	1	0	0	2	1	0	1	4	0	0	61	8417	1444	5766	5390	22
U02-self	Ready	true	4	4	1	1	1	1	0	0	1	1	3	6	1	0	1	8	16	1	0	4	4	1	2	1	0	0	2	1	0	1	4	0	0	61	8417	1440	5762	5386	28
U03-alias	Singleton	true	6	6	1	1	1	1	0	0	1	1	6	8	1	3	1	11	31	2	3	6	6	3	4	1	0	0	2	1	2	1	6	0	0	107	12419	1739	7543	7231	24
U03-alias	Ready	true	6	6	1	1	1	1	0	0	1	1	6	8	1	3	1	11	31	2	3	6	6	3	4	1	0	0	2	1	2	1	6	0	0	107	12419	1735	7539	7227	25
U04-occurs	Singleton	true	5	5	1	1	1	1	0	1	0	0	4	7	1	1	1	11	34	2	4	5	5	3	4	1	0	0	2	1	1	1	5	0	0	83	10274	1485	7026	5793	19
U04-occurs	Ready	true	5	5	1	1	1	1	0	1	0	0	4	7	1	1	1	11	34	2	4	5	5	3	4	1	0	0	2	1	1	1	5	0	0	83	10274	1481	7022	5789	24
U05-conditional-occurs	Singleton	true	6	6	1	1	1	1	1	1	1	1	8	19	1	1	1	11	30	2	3	6	6	3	4	2	0	0	2	1	1	1	9	0	0	100	11471	1715	7145	6786	25
U05-conditional-occurs	Ready	true	6	6	1	1	1	1	1	1	1	1	8	19	1	1	1	11	30	2	3	6	6	3	4	2	0	0	2	1	1	1	9	0	0	100	11471	1711	7141	6782	25
U06-union-cycle	Singleton	true	7	7	1	1	1	1	1	0	2	2	14	20	1	7	1	12	40	2	4	7	7	3	4	2	0	0	2	1	2	1	10	1	0	126	13753	2050	8644	8156	40
U06-union-cycle	Ready	true	7	7	1	1	1	1	1	0	2	2	14	20	1	7	1	12	40	2	4	7	7	3	4	2	0	0	2	1	2	1	10	1	0	126	13753	2046	8640	8152	25
V01-fresh	Singleton	true	7	7	2	2	4	4	0	0	1	1	8	14	4	0	2	2	4	0	0	7	7	2	4	1	0	2	2	4	0	2	10	0	0	87	9165	1306	6343	5983	18
V01-fresh	Ready	true	7	7	2	2	4	4	0	0	1	1	8	14	4	0	2	2	4	0	0	7	7	2	4	1	0	2	2	4	0	2	10	0	0	87	9165	1302	6339	5979	19
app-add-decompose	Singleton	true	40	40	4	4	4	4	4	1	4	4	136	221	4	52	4	72	292	19	28	40	40	32	33	2	0	0	10	4	15	4	93	10	0	697	54744	4376	19557	18490	70
app-add-decompose	Ready	true	40	40	4	4	4	4	4	1	4	4	136	221	4	52	4	72	292	19	28	40	40	32	33	2	0	0	10	4	15	4	93	10	0	697	54744	4372	19553	18486	69
app-add-failure	Singleton	true	24	24	3	3	3	3	3	4	0	0	48	123	3	6	3	57	191	14	9	24	24	24	25	2	0	0	7	3	5	3	51	0	0	454	33453	3021	13145	11364	53
app-add-failure	Ready	true	24	24	3	3	3	3	3	4	0	0	48	123	3	6	3	57	191	14	9	24	24	24	25	2	0	0	7	3	5	3	51	0	0	454	33453	3017	13141	11360	50
app-add-forward	Singleton	true	25	25	3	3	3	3	3	3	1	1	49	123	3	7	3	57	215	11	11	25	25	24	25	2	0	0	7	3	5	3	51	0	0	537	36138	3393	13910	12860	82
app-add-forward	Ready	true	25	25	3	3	3	3	3	3	1	1	49	123	3	7	3	57	215	11	11	25	25	24	25	2	0	0	7	3	5	3	51	0	0	537	36138	3389	13906	12856	48
app-add-left	Singleton	true	55	55	6	6	6	6	6	6	1	1	180	414	6	27	6	108	596	41	33	55	55	48	49	2	0	0	13	6	17	6	162	0	0	1271	78014	3387	20282	18210	118
app-add-left	Ready	true	55	55	6	6	6	6	6	6	1	1	180	414	6	27	6	108	596	41	33	55	55	48	49	2	0	0	13	6	17	6	162	0	0	1271	78014	3383	20278	18206	253
app-add-repeated	Singleton	true	46	46	5	5	5	5	5	5	1	1	148	300	5	38	5	88	351	28	25	46	46	40	41	2	0	0	11	5	14	5	120	0	0	724	58172	3198	17380	15606	85
app-add-repeated	Ready	true	46	46	5	5	5	5	5	5	1	1	148	300	5	38	5	88	351	28	25	46	46	40	41	2	0	0	11	5	14	5	120	0	0	724	58172	3194	17376	15602	93
app-add-right	Singleton	true	25	25	3	3	3	3	3	3	1	1	49	123	3	7	3	59	241	13	16	25	25	24	25	2	0	0	7	3	5	3	51	0	0	576	36976	3389	13709	12907	66
app-add-right	Ready	true	25	25	3	3	3	3	3	3	1	1	49	123	3	7	3	59	241	13	16	25	25	24	25	2	0	0	7	3	5	3	51	0	0	576	36976	3385	13705	12903	74
app-infer-identity	Singleton	true	54	54	5	5	5	5	10	10	1	1	247	648	9	18	5	187	507	32	25	54	54	60	61	3	0	2	16	5	12	5	238	0	0	917	72762	3895	21942	20836	110
app-infer-identity	Ready	true	54	54	5	5	5	5	10	10	1	1	247	648	9	18	5	187	507	32	25	54	54	60	61	3	0	2	16	5	12	5	238	0	0	917	72762	3891	21938	20832	97
app-lambda-identity	Singleton	true	112	112	6	6	7	7	28	28	1	1	973	1487	125	84	14	426	1054	60	31	112	112	150	151	6	0	1	17	7	12	6	523	0	0	2083	152362	15556	56627	47692	276
app-lambda-identity	Ready	true	112	112	6	6	7	7	28	28	1	1	979	1487	150	84	15	428	1058	60	31	138	138	150	151	6	0	1	17	7	12	6	523	0	0	2112	154314	15552	56623	47688	235
app-lambda-norm-residual	Singleton	true	2	2	0	0	1	1	0	0	1	1	6	2	15	0	5	6	7	0	0	2	2	0	1	1	0	1	0	1	0	0	2	0	0	259	18965	15302	32268	31956	64
app-lambda-norm-residual	Ready	true	2	2	0	0	1	1	0	0	1	1	6	2	15	0	5	6	7	0	0	2	2	0	1	1	0	1	0	1	0	0	2	0	0	259	18965	15298	32264	31952	86
app-sk-duplication	Singleton	true	431	431	19	19	19	19	117	117	1	1	9783	27723	81	353	19	1789	8116	475	430	431	431	586	587	5	0	4	77	19	54	19	9341	0	0	14548	1043642	13887	245657	244590	1741
app-sk-duplication	Ready	true	431	431	19	19	19	19	117	117	1	1	9783	27723	81	353	19	1789	8116	475	430	475	475	586	587	5	0	4	77	19	54	19	9341	0	0	14566	1044346	13883	245653	244586	2008
app-sk-identity	Singleton	true	177	177	7	7	7	7	49	49	1	1	1668	4556	8	115	7	744	3098	190	111	177	177	242	243	5	0	0	29	7	20	7	1556	0	0	5219	345082	13342	76376	70470	438
app-sk-identity	Ready	true	177	177	7	7	7	7	49	49	1	1	1668	4556	8	115	7	744	3098	190	111	189	189	242	243	5	0	0	29	7	20	7	1556	0	0	5224	345274	13338	76372	70466	637
app-sk-ignored-hole	Singleton	true	546	546	32	32	33	33	141	141	1	1	14015	39697	429	470	76	2233	10341	585	568	546	546	723	725	5	0	6	90	33	63	32	13357	0	0	19082	1380346	14890	336289	335993	2973
app-sk-ignored-hole	Ready	true	546	546	32	32	33	33	141	141	1	1	14015	39697	429	470	76	2233	10341	585	568	594	594	723	725	5	0	6	90	33	63	32	13357	0	0	19102	1381114	14886	336285	335989	2218
app-sub	Singleton	true	27	27	4	4	4	4	3	3	1	1	58	145	5	7	4	65	281	13	16	27	27	25	26	2	0	0	7	4	5	4	59	0	0	661	41114	3377	13937	13135	65
app-sub	Ready	true	27	27	4	4	4	4	3	3	1	1	58	145	5	7	4	65	281	13	16	27	27	25	26	2	0	0	7	4	5	4	59	0	0	661	41114	3373	13933	13131	63
app-type-synthesis-prefix	Singleton	true	12	12	1	1	1	1	2	0	1	1	24	49	1	9	1	43	116	8	7	12	12	12	13	3	2	0	4	1	5	1	23	0	0	293	23980	3815	14645	13688	40
app-type-synthesis-prefix	Ready	true	12	12	1	1	1	1	2	0	1	1	24	49	1	9	1	43	116	8	7	12	12	12	13	3	2	0	4	1	5	1	23	0	0	293	23980	3811	14641	13684	41
carry-k0-w0-n0	Singleton	true	2	2	0	0	1	1	0	0	1	1	2	2	2	0	1	4	6	0	0	2	2	0	1	1	0	1	0	1	0	0	2	0	0	62	5411	2309	6066	5754	26
carry-k0-w0-n0	Ready	true	2	2	0	0	1	1	0	0	1	1	2	2	2	0	1	4	6	0	0	2	2	0	1	1	0	1	0	1	0	0	2	0	0	62	5411	2305	6062	5750	23
carry-k0-w0-n3	Singleton	true	5	5	0	0	4	4	0	0	1	1	5	8	8	0	1	10	18	0	0	5	5	0	4	1	0	4	0	4	0	0	8	0	0	155	9104	3191	8823	8367	27
carry-k0-w0-n3	Ready	true	5	5	0	0	4	4	0	0	1	1	5	8	8	0	1	10	18	0	0	5	5	0	4	1	0	4	0	4	0	0	8	0	0	155	9104	3187	8819	8363	26
carry-k0-w1-n0	Singleton	true	4	4	1	1	2	2	0	0	1	1	5	6	4	0	2	10	17	0	0	4	4	1	2	1	0	1	0	2	0	1	4	0	0	101	8866	2358	6987	6675	18
carry-k0-w1-n0	Ready	true	4	4	1	1	2	2	0	0	1	1	5	6	4	0	2	10	17	0	0	4	4	1	2	1	0	1	0	2	0	1	4	0	0	101	8866	2354	6983	6671	20
carry-k0-w1-n3	Singleton	true	7	7	1	1	5	5	0	0	1	1	8	12	13	0	2	16	29	0	0	7	7	1	5	1	0	4	0	5	0	1	10	0	0	194	12559	3240	9744	9288	22
carry-k0-w1-n3	Ready	true	7	7	1	1	5	5	0	0	1	1	8	12	13	0	2	16	29	0	0	7	7	1	5	1	0	4	0	5	0	1	10	0	0	194	12559	3236	9740	9284	26
carry-k0-w4-n0	Singleton	true	10	10	4	4	5	5	0	0	1	1	14	18	10	0	5	28	80	0	0	10	10	4	5	1	0	1	0	5	0	4	10	0	0	275	18805	2505	7989	7542	27
carry-k0-w4-n0	Ready	true	10	10	4	4	5	5	0	0	1	1	14	18	10	0	5	28	80	0	0	10	10	4	5	1	0	1	0	5	0	4	10	0	0	275	18805	2501	7985	7538	34
carry-k0-w4-n3	Singleton	true	13	13	4	4	8	8	0	0	1	1	17	24	37	0	5	34	92	0	0	13	13	4	8	1	0	4	0	8	0	4	16	0	0	368	22498	3387	10611	10155	37
carry-k0-w4-n3	Ready	true	13	13	4	4	8	8	0	0	1	1	17	24	37	0	5	34	92	0	0	13	13	4	8	1	0	4	0	8	0	4	16	0	0	368	22498	3383	10607	10151	60
carry-k1-w0-n0	Singleton	true	8	8	1	1	2	2	1	0	2	2	20	24	6	8	3	14	36	2	2	8	8	3	5	2	0	1	1	2	2	1	12	1	0	170	16011	3144	10485	9997	32
carry-k1-w0-n0	Ready	true	8	8	1	1	2	2	1	0	2	2	20	24	6	8	3	14	36	2	2	8	8	3	5	2	0	1	1	2	2	1	12	1	0	170	16011	3140	10481	9993	32
carry-k1-w0-n3	Singleton	true	11	11	1	1	5	5	1	0	2	2	32	48	18	8	3	20	54	2	2	11	11	3	8	2	0	4	1	5	2	1	24	1	0	293	20490	4491	14349	13861	46
carry-k1-w0-n3	Ready	true	11	11	1	1	5	5	1	0	2	2	32	48	18	8	3	20	54	2	2	11	11	3	8	2	0	4	1	5	2	1	24	1	0	293	20490	4487	14345	13857	37
carry-k1-w1-n0	Singleton	true	12	12	3	3	4	4	1	0	2	2	31	32	14	8	5	25	65	2	2	12	12	5	7	2	0	2	1	4	2	2	16	1	0	247	21790	3193	11135	10647	43
carry-k1-w1-n0	Ready	true	10	12	2	3	3	4	1	0	2	2	26	32	10	8	5	26	59	2	2	12	14	5	6	2	0	1	1	3	2	2	16	1	0	232	20980	3189	10787	10282	36
carry-k1-w1-n3	Singleton	true	15	15	3	3	7	7	1	0	2	2	43	56	32	8	5	31	83	2	2	15	15	5	10	2	0	5	1	7	2	2	28	1	0	370	26269	4540	14999	14511	42
carry-k1-w1-n3	Ready	true	13	15	2	3	6	7	1	0	2	2	38	56	28	8	5	32	77	2	2	15	17	5	9	2	0	4	1	6	2	2	28	1	0	355	25459	4536	14634	14146	46
carry-k1-w4-n0	Singleton	true	24	24	9	9	10	10	1	0	2	2	49	56	29	8	11	58	212	2	2	24	24	11	13	2	0	2	1	10	2	8	28	1	0	601	42379	3340	12722	12234	60
carry-k1-w4-n0	Ready	true	16	24	5	9	6	10	1	0	2	2	44	56	22	8	11	68	176	2	2	24	32	11	9	2	0	1	1	6	2	5	28	1	0	514	38239	3336	11662	11149	69
carry-k1-w4-n3	Singleton	true	27	27	9	9	13	13	1	0	2	2	61	80	83	8	11	64	230	2	2	27	27	11	16	2	0	5	1	13	2	8	40	1	0	726	47690	4687	17418	16930	69
carry-k1-w4-n3	Ready	true	19	27	5	9	9	13	1	0	2	2	56	80	76	8	11	74	194	2	2	27	35	11	12	2	0	4	1	9	2	5	40	1	0	637	42718	4683	15501	15013	101
carry-k2-w0-n0	Singleton	true	19	19	3	3	3	3	3	0	4	4	82	98	14	35	7	31	98	6	6	19	19	9	12	4	0	1	2	3	4	2	40	8	0	348	31523	4644	15363	14875	52
carry-k2-w0-n0	Ready	true	18	19	2	3	3	3	3	0	4	4	81	98	14	35	7	28	96	6	6	19	20	9	9	4	0	1	2	3	4	2	40	8	0	342	31073	4640	15359	14871	48
carry-k2-w0-n3	Singleton	true	22	22	3	3	6	6	3	0	4	4	112	158	38	35	7	37	128	6	6	22	22	9	15	4	0	4	2	6	4	2	64	8	0	531	37574	6825	21633	21145	50
carry-k2-w0-n3	Ready	true	21	22	2	3	6	6	3	0	4	4	111	158	38	35	7	34	126	6	6	22	23	9	12	4	0	4	2	6	4	2	64	8	0	525	37124	6821	21629	21141	54
carry-k2-w1-n0	Singleton	true	27	27	7	7	7	7	3	0	4	4	121	114	46	35	11	52	171	6	6	27	27	13	16	4	0	4	2	7	4	3	48	8	0	495	43598	4693	16879	16391	51
carry-k2-w1-n0	Ready	true	20	27	3	7	4	7	3	0	4	4	93	114	22	35	11	55	145	6	6	27	34	13	10	4	0	1	2	4	4	3	48	8	0	436	39790	4689	15648	15160	50
carry-k2-w1-n3	Singleton	true	30	30	7	7	10	10	3	0	4	4	151	174	82	35	11	58	201	6	6	30	30	13	19	4	0	7	2	10	4	3	72	8	0	678	49649	6874	23149	22661	96
carry-k2-w1-n3	Ready	true	23	30	3	7	7	10	3	0	4	4	123	174	58	35	11	61	175	6	6	30	37	13	13	4	0	4	2	7	4	3	72	8	0	619	45841	6870	21918	21430	72
carry-k2-w4-n0	Singleton	true	51	51	19	19	19	19	3	0	4	4	157	162	88	35	23	115	510	6	6	51	51	25	28	4	0	4	2	19	4	15	72	8	0	1190	89199	4840	22466	21978	108
carry-k2-w4-n0	Ready	true	26	51	6	19	7	19	3	0	4	4	129	162	46	35	23	154	376	6	6	51	76	25	13	4	0	1	2	7	4	6	72	8	0	886	70057	4836	16515	16027	95
carry-k2-w4-n3	Singleton	true	54	54	19	19	22	22	3	0	4	4	187	222	196	35	23	121	540	6	6	54	54	25	31	4	0	7	2	22	4	15	96	8	0	1373	95250	7021	28736	28248	109
carry-k2-w4-n3	Ready	true	29	54	6	19	10	22	3	0	4	4	159	222	154	35	23	160	406	6	6	54	79	25	16	4	0	4	2	10	4	6	96	8	0	1069	76108	7017	22785	22297	92
carry-k3-w0-n0	Singleton	true	40	40	7	7	4	4	7	0	8	8	248	300	30	106	15	62	230	14	14	40	40	21	25	8	0	1	3	4	6	3	112	44	0	713	63075	8210	26271	25783	73
carry-k3-w0-n0	Ready	true	36	40	3	7	4	4	7	0	8	8	244	300	30	106	15	50	222	14	14	40	44	21	13	8	0	1	3	4	6	3	112	44	0	685	60955	8206	26267	25779	74
carry-k3-w0-n3	Singleton	true	43	43	7	7	7	7	7	0	8	8	314	432	78	106	15	68	284	14	14	43	43	21	28	8	0	4	3	7	6	3	160	44	0	1016	72270	12059	37353	36865	145
carry-k3-w0-n3	Ready	true	39	43	3	7	7	7	7	0	8	8	310	432	78	106	15	56	276	14	14	43	47	21	16	8	0	4	3	7	6	3	160	44	0	988	70150	12055	37349	36861	91
carry-k3-w1-n0	Singleton	true	56	56	15	15	12	12	7	0	8	8	391	332	158	106	23	103	407	14	14	56	56	29	33	8	0	8	3	12	6	4	128	44	0	1002	89342	8259	30591	30103	283
carry-k3-w1-n0	Ready	true	38	56	4	15	5	12	7	0	8	8	268	332	46	106	23	112	329	14	14	56	74	29	14	8	0	1	3	5	6	4	128	44	0	846	78576	8255	26556	26068	116
carry-k3-w1-n3	Singleton	true	59	59	15	15	15	15	7	0	8	8	457	464	230	106	23	109	461	14	14	59	59	29	36	8	0	11	3	15	6	4	176	44	0	1305	98537	12108	41673	41185	117
carry-k3-w1-n3	Ready	true	41	59	4	15	8	15	7	0	8	8	334	464	118	106	23	118	383	14	14	59	77	29	17	8	0	4	3	8	6	4	176	44	0	1149	87771	12104	37638	37150	118
carry-k3-w4-n0	Singleton	true	104	104	39	39	36	36	7	0	8	8	463	428	290	106	47	226	1178	14	14	104	104	53	57	8	0	8	3	36	6	28	176	44	0	2371	183319	8406	40226	39738	173
carry-k3-w4-n0	Ready	true	44	104	7	39	8	36	7	0	8	8	340	428	94	106	47	340	806	14	14	104	164	53	17	8	0	1	3	8	6	7	176	44	0	1641	139083	8402	27423	26935	138
carry-k3-w4-n3	Singleton	true	107	107	39	39	39	39	7	0	8	8	529	560	506	106	47	232	1232	14	14	107	107	53	60	8	0	11	3	39	6	28	224	44	0	2674	192514	12255	51308	50820	193
carry-k3-w4-n3	Ready	true	47	107	7	39	11	39	7	0	8	8	406	560	310	106	47	346	860	14	14	107	167	53	20	8	0	4	3	11	6	7	224	44	0	1944	148278	12251	38505	38017	201
grid-carry-k0-w0-n0	Singleton	true	2	2	0	0	1	1	0	0	1	1	2	2	2	0	1	4	6	0	0	2	2	0	1	1	0	1	0	1	0	0	2	0	0	62	5411	2319	6076	5764	28
grid-carry-k0-w0-n0	Ready	true	2	2	0	0	1	1	0	0	1	1	2	2	2	0	1	4	6	0	0	2	2	0	1	1	0	1	0	1	0	0	2	0	0	62	5411	2315	6072	5760	20
grid-carry-k0-w0-n16	Singleton	true	18	18	0	0	17	17	0	0	1	1	18	34	34	0	1	140	278	0	0	18	18	0	17	1	0	17	0	17	0	0	34	0	0	1605	55995	18049	51158	50078	107
grid-carry-k0-w0-n16	Ready	true	18	18	0	0	17	17	0	0	1	1	18	34	34	0	1	140	278	0	0	18	18	0	17	1	0	17	0	17	0	0	34	0	0	1605	55995	18045	51154	50074	82
grid-carry-k0-w0-n128	Singleton	true	130	130	0	0	129	129	0	0	1	1	130	258	258	0	1	8260	16518	0	0	130	130	0	129	1	0	129	0	129	0	0	258	0	0	84076	2173027	831955	2129664	2123208	4829
grid-carry-k0-w0-n128	Ready	true	130	130	0	0	129	129	0	0	1	1	130	258	258	0	1	8260	16518	0	0	130	130	0	129	1	0	129	0	129	0	0	258	0	0	84076	2173027	831951	2129660	2123204	4046
grid-carry-k0-w1-n0	Singleton	true	4	4	1	1	2	2	0	0	1	1	5	6	4	0	2	10	17	0	0	4	4	1	2	1	0	1	0	2	0	1	4	0	0	101	8866	2368	6997	6685	28
grid-carry-k0-w1-n0	Ready	true	4	4	1	1	2	2	0	0	1	1	5	6	4	0	2	10	17	0	0	4	4	1	2	1	0	1	0	2	0	1	4	0	0	101	8866	2364	6993	6681	25
grid-carry-k0-w1-n16	Singleton	true	20	20	1	1	18	18	0	0	1	1	21	38	52	0	2	146	289	0	0	20	20	1	18	1	0	17	0	18	0	1	36	0	0	1644	59450	18098	52079	50999	99
grid-carry-k0-w1-n16	Ready	true	20	20	1	1	18	18	0	0	1	1	21	38	52	0	2	146	289	0	0	20	20	1	18	1	0	17	0	18	0	1	36	0	0	1644	59450	18094	52075	50995	95
grid-carry-k0-w1-n128	Singleton	true	132	132	1	1	130	130	0	0	1	1	133	262	388	0	2	8266	16529	0	0	132	132	1	130	1	0	129	0	130	0	1	260	0	0	84115	2176482	832004	2130585	2124129	3919
grid-carry-k0-w1-n128	Ready	true	132	132	1	1	130	130	0	0	1	1	133	262	388	0	2	8266	16529	0	0	132	132	1	130	1	0	129	0	130	0	1	260	0	0	84115	2176482	832000	2130581	2124125	4241
grid-carry-k0-w8-n0	Singleton	true	18	18	8	8	9	9	0	0	1	1	26	34	18	0	9	52	234	0	0	18	18	8	9	1	0	1	0	9	0	8	18	0	0	647	35487	2711	9155	8708	50
grid-carry-k0-w8-n0	Ready	true	18	18	8	8	9	9	0	0	1	1	26	34	18	0	9	52	234	0	0	18	18	8	9	1	0	1	0	9	0	8	18	0	0	647	35487	2707	9151	8704	68
grid-carry-k0-w8-n16	Singleton	true	34	34	8	8	25	25	0	0	1	1	42	66	290	0	9	188	506	0	0	34	34	8	25	1	0	17	0	25	0	8	50	0	0	2191	86439	18441	54470	53390	136
grid-carry-k0-w8-n16	Ready	true	34	34	8	8	25	25	0	0	1	1	42	66	290	0	9	188	506	0	0	34	34	8	25	1	0	17	0	25	0	8	50	0	0	2191	86439	18437	54466	53386	191
grid-carry-k0-w8-n128	Singleton	true	146	146	8	8	137	137	0	0	1	1	154	290	2194	0	9	8308	16746	0	0	146	146	8	137	1	0	129	0	137	0	8	274	0	0	84662	2203471	832347	2132976	2126520	4789
grid-carry-k0-w8-n128	Ready	true	146	146	8	8	137	137	0	0	1	1	154	290	2194	0	9	8308	16746	0	0	146	146	8	137	1	0	129	0	137	0	8	274	0	0	84662	2203471	832343	2132972	2126516	3895
grid-carry-k0-w64-n0	Singleton	true	130	130	64	64	65	65	0	0	1	1	194	258	130	0	65	388	10790	0	0	130	130	64	65	1	0	1	0	65	0	64	130	0	0	22673	689827	5457	34533	34086	1236
grid-carry-k0-w64-n0	Ready	true	130	130	64	64	65	65	0	0	1	1	194	258	130	0	65	388	10790	0	0	130	130	64	65	1	0	1	0	65	0	64	130	0	0	22673	689827	5453	34529	34082	1247
grid-carry-k0-w64-n16	Singleton	true	146	146	64	64	81	81	0	0	1	1	210	290	2194	0	65	524	11062	0	0	146	146	64	81	1	0	17	0	81	0	64	162	0	0	24216	740315	21187	79384	78304	1365
grid-carry-k0-w64-n16	Ready	true	146	146	64	64	81	81	0	0	1	1	210	290	2194	0	65	524	11062	0	0	146	146	64	81	1	0	17	0	81	0	64	162	0	0	24216	740315	21183	79380	78300	1367
grid-carry-k0-w64-n128	Singleton	true	258	258	64	64	193	193	0	0	1	1	322	514	16642	0	65	8644	27302	0	0	258	258	64	193	1	0	129	0	193	0	64	386	0	0	106689	2858275	835093	2158818	2152362	6344
grid-carry-k0-w64-n128	Ready	true	258	258	64	64	193	193	0	0	1	1	322	514	16642	0	65	8644	27302	0	0	258	258	64	193	1	0	129	0	193	0	64	386	0	0	106689	2858275	835089	2158814	2152358	5534
grid-carry-k0-w256-n0	Singleton	true	514	514	256	256	257	257	0	0	1	1	770	1026	514	0	257	1540	166022	0	0	514	514	256	257	1	0	1	0	257	0	256	514	0	0	336274	8768051	14867	123216	122904	17659
grid-carry-k0-w256-n0	Ready	true	514	514	256	256	257	257	0	0	1	1	770	1026	514	0	257	1540	166022	0	0	514	514	256	257	1	0	1	0	257	0	256	514	0	0	336274	8768051	14863	123212	122900	17836
grid-carry-k0-w256-n16	Singleton	true	530	530	256	256	273	273	0	0	1	1	786	1058	8722	0	257	1676	166294	0	0	530	530	256	273	1	0	17	0	273	0	256	546	0	0	337817	8818539	30597	168202	167122	16270
grid-carry-k0-w256-n16	Ready	true	530	530	256	256	273	273	0	0	1	1	786	1058	8722	0	257	1676	166294	0	0	530	530	256	273	1	0	17	0	273	0	256	546	0	0	337817	8818539	30593	168198	167118	16901
grid-carry-k0-w256-n128	Singleton	true	642	642	256	256	385	385	0	0	1	1	898	1282	66178	0	257	9796	182534	0	0	642	642	256	385	1	0	129	0	385	0	256	770	0	0	420289	10936035	844503	2247172	2240716	31033
grid-carry-k0-w256-n128	Ready	true	642	642	256	256	385	385	0	0	1	1	898	1282	66178	0	257	9796	182534	0	0	642	642	256	385	1	0	129	0	385	0	256	770	0	0	420289	10936035	844499	2247168	2240712	21701
grid-carry-k1-w0-n0	Singleton	true	8	8	1	1	2	2	1	0	2	2	20	24	6	8	3	14	36	2	2	8	8	3	5	2	0	1	1	2	2	1	12	1	0	170	16011	3154	10495	10007	38
grid-carry-k1-w0-n0	Ready	true	8	8	1	1	2	2	1	0	2	2	20	24	6	8	3	14	36	2	2	8	8	3	5	2	0	1	1	2	2	1	12	1	0	170	16011	3150	10491	10003	29
grid-carry-k1-w0-n16	Singleton	true	24	24	1	1	18	18	1	0	2	2	84	152	70	8	3	150	444	2	2	24	24	3	21	2	0	17	1	18	2	1	76	1	0	2292	83667	26940	78593	78105	140
grid-carry-k1-w0-n16	Ready	true	24	24	1	1	18	18	1	0	2	2	84	152	70	8	3	150	444	2	2	24	24	3	21	2	0	17	1	18	2	1	76	1	0	2292	83667	26936	78589	78101	145
grid-carry-k1-w0-n128	Singleton	true	136	136	1	1	130	130	1	0	2	2	532	1048	518	8	3	8270	24804	2	2	136	136	3	133	2	0	129	1	130	2	1	524	1	0	117470	3025355	1250486	3375267	3374779	6806
grid-carry-k1-w0-n128	Ready	true	136	136	1	1	130	130	1	0	2	2	532	1048	518	8	3	8270	24804	2	2	136	136	3	133	2	0	129	1	130	2	1	524	1	0	117470	3025355	1250482	3375263	3374775	5712
grid-carry-k1-w1-n0	Singleton	true	12	12	3	3	4	4	1	0	2	2	31	32	14	8	5	25	65	2	2	12	12	5	7	2	0	2	1	4	2	2	16	1	0	247	21790	3203	11145	10657	48
grid-carry-k1-w1-n0	Ready	true	10	12	2	3	3	4	1	0	2	2	26	32	10	8	5	26	59	2	2	12	14	5	6	2	0	1	1	3	2	2	16	1	0	232	20980	3199	10797	10292	41
grid-carry-k1-w1-n16	Singleton	true	28	28	3	3	20	20	1	0	2	2	95	160	110	8	5	161	473	2	2	28	28	5	23	2	0	18	1	20	2	2	80	1	0	2371	90710	26989	80507	80019	151
grid-carry-k1-w1-n16	Ready	true	26	28	2	3	19	20	1	0	2	2	90	160	106	8	5	162	467	2	2	28	30	5	22	2	0	17	1	19	2	2	80	1	0	2355	89004	26985	79246	78758	224
grid-carry-k1-w1-n128	Singleton	true	140	140	3	3	132	132	1	0	2	2	543	1056	782	8	5	8281	24833	2	2	140	140	5	135	2	0	130	1	132	2	2	528	1	0	117549	3032398	1250535	3376285	3375797	5457
grid-carry-k1-w1-n128	Ready	true	138	140	2	3	131	132	1	0	2	2	538	1056	778	8	5	8282	24827	2	2	140	142	5	134	2	0	129	1	131	2	2	528	1	0	117534	3031588	1250531	3375920	3375432	6454
grid-carry-k1-w8-n0	Singleton	true	40	40	17	17	18	18	1	0	2	2	73	88	49	8	19	102	548	2	2	40	40	19	21	2	0	2	1	18	2	16	44	1	0	1357	78883	3546	17040	16552	89
grid-carry-k1-w8-n0	Ready	true	24	40	9	17	10	18	1	0	2	2	68	88	38	8	19	138	444	2	2	40	56	19	13	2	0	1	1	10	2	9	44	1	0	1114	66739	3542	12828	12315	97
grid-carry-k1-w8-n16	Singleton	true	56	56	17	17	34	34	1	0	2	2	137	216	593	8	19	238	956	2	2	56	56	19	37	2	0	18	1	34	2	16	108	1	0	3488	153979	27332	86306	85818	231
grid-carry-k1-w8-n16	Ready	true	40	56	9	17	26	34	1	0	2	2	132	216	582	8	19	274	852	2	2	56	72	19	29	2	0	17	1	26	2	9	108	1	0	3238	135131	27328	81637	81149	241
grid-carry-k1-w8-n128	Singleton	true	168	168	17	17	146	146	1	0	2	2	585	1112	4401	8	19	8358	25316	2	2	168	168	19	149	2	0	130	1	146	2	16	556	1	0	118667	3096131	1250878	3382548	3382060	5820
grid-carry-k1-w8-n128	Ready	true	152	168	9	17	138	146	1	0	2	2	580	1112	4390	8	19	8394	25212	2	2	168	184	19	141	2	0	129	1	138	2	9	556	1	0	118425	3084451	1250874	3378775	3378287	5689
grid-carry-k1-w64-n0	Singleton	true	264	264	129	129	130	130	1	0	2	2	409	536	329	8	131	718	22052	2	2	264	264	131	133	2	0	2	1	130	2	128	268	1	0	45521	1400835	6292	65050	64562	2134
grid-carry-k1-w64-n0	Ready	true	136	264	65	129	66	130	1	0	2	2	404	536	262	8	131	2798	17636	2	2	264	392	131	69	2	0	1	1	66	2	65	268	1	0	36412	1133491	6288	38206	37693	1857
grid-carry-k1-w64-n16	Singleton	true	280	280	129	129	146	146	1	0	2	2	473	664	4457	8	131	854	22460	2	2	280	280	131	149	2	0	18	1	146	2	128	332	1	0	47709	1526571	30078	134780	134292	2215
grid-carry-k1-w64-n16	Ready	true	152	280	65	129	82	146	1	0	2	2	468	664	4390	8	131	2934	18044	2	2	280	408	131	85	2	0	17	1	82	2	65	332	1	0	38535	1201419	30074	106551	106063	2468
grid-carry-k1-w64-n128	Singleton	true	392	392	129	129	258	258	1	0	2	2	921	1560	33353	8	131	8974	46820	2	2	392	392	131	261	2	0	130	1	258	2	128	780	1	0	162887	4468259	1253624	3430558	3430070	8202
grid-carry-k1-w64-n128	Ready	true	264	392	65	129	194	258	1	0	2	2	916	1560	33286	8	131	11054	42404	2	2	392	520	131	197	2	0	129	1	194	2	65	780	1	0	153779	4201379	1253620	3404153	3403665	7841
grid-carry-k1-w256-n0	Singleton	true	1032	1032	513	513	514	514	1	0	2	2	1561	2072	1289	8	515	2830	333860	2	2	1032	1032	515	517	2	0	2	1	514	2	512	1036	1	0	673103	17600667	15702	231156	230668	40644
grid-carry-k1-w256-n0	Ready	true	520	1032	257	513	258	514	1	0	2	2	1556	2072	1030	8	515	35726	267044	2	2	1032	1544	515	261	2	0	1	1	258	2	257	1036	1	0	538366	14126107	15698	127631	127143	30546
grid-carry-k1-w256-n16	Singleton	true	1048	1048	513	513	530	530	1	0	2	2	1625	2200	17705	8	515	2966	334268	2	2	1048	1048	515	533	2	0	18	1	530	2	512	1100	1	0	675483	17898435	39488	300886	300398	36711
grid-carry-k1-w256-n16	Ready	true	536	1048	257	513	274	530	1	0	2	2	1620	2200	17446	8	515	35862	267452	2	2	1048	1560	515	277	2	0	17	1	274	2	257	1100	1	0	540488	14193667	39484	195633	195145	30134
grid-carry-k1-w256-n128	Singleton	true	1160	1160	513	513	642	642	1	0	2	2	2073	3096	132617	8	515	11086	358628	2	2	1160	1160	515	645	2	0	130	1	642	2	512	1548	1	0	790663	20841051	1263034	3597592	3597104	45814
grid-carry-k1-w256-n128	Ready	true	648	1160	257	513	386	642	1	0	2	2	2068	3096	132358	8	515	43982	291812	2	2	1160	1672	515	389	2	0	129	1	386	2	257	1548	1	0	655923	17365195	1263030	3492771	3492283	42899
grid-carry-k2-w0-n0	Singleton	true	19	19	3	3	3	3	3	0	4	4	82	98	14	35	7	31	98	6	6	19	19	9	12	4	0	1	2	3	4	2	40	8	0	348	31523	4654	15373	14885	60
grid-carry-k2-w0-n0	Ready	true	18	19	2	3	3	3	3	0	4	4	81	98	14	35	7	28	96	6	6	19	20	9	9	4	0	1	2	3	4	2	40	8	0	342	31073	4650	15369	14881	57
grid-carry-k2-w0-n16	Singleton	true	35	35	3	3	19	19	3	0	4	4	242	418	142	35	7	167	778	6	6	35	35	9	28	4	0	17	2	19	4	2	168	8	0	3630	134587	44792	131647	131159	276
grid-carry-k2-w0-n16	Ready	true	34	35	2	3	19	19	3	0	4	4	241	418	142	35	7	164	776	6	6	35	36	9	25	4	0	17	2	19	4	2	168	8	0	3624	134137	44788	131643	131155	221
grid-carry-k2-w0-n128	Singleton	true	147	147	3	3	131	131	3	0	4	4	1362	2658	1038	35	7	8287	41378	6	6	147	147	9	140	4	0	129	2	131	4	2	1064	8	0	184222	4725587	2087618	5875409	5874921	12094
grid-carry-k2-w0-n128	Ready	true	146	147	2	3	131	131	3	0	4	4	1361	2658	1038	35	7	8284	41376	6	6	147	148	9	137	4	0	129	2	131	4	2	1064	8	0	184216	4725137	2087614	5875405	5874917	9582
grid-carry-k2-w1-n0	Singleton	true	27	27	7	7	7	7	3	0	4	4	121	114	46	35	11	52	171	6	6	27	27	13	16	4	0	4	2	7	4	3	48	8	0	495	43598	4703	16889	16401	71
grid-carry-k2-w1-n0	Ready	true	20	27	3	7	4	7	3	0	4	4	93	114	22	35	11	55	145	6	6	27	34	13	10	4	0	1	2	4	4	3	48	8	0	436	39790	4699	15658	15170	66
grid-carry-k2-w1-n16	Singleton	true	43	43	7	7	23	23	3	0	4	4	281	434	238	35	11	188	851	6	6	43	43	13	32	4	0	20	2	23	4	3	176	8	0	3777	146662	44841	133163	132675	243
grid-carry-k2-w1-n16	Ready	true	36	43	3	7	20	23	3	0	4	4	253	434	214	35	11	191	825	6	6	43	50	13	26	4	0	17	2	20	4	3	176	8	0	3718	142854	44837	131932	131444	245
grid-carry-k2-w1-n128	Singleton	true	155	155	7	7	135	135	3	0	4	4	1401	2674	1582	35	11	8308	41451	6	6	155	155	13	144	4	0	132	2	135	4	3	1072	8	0	184369	4737662	2087667	5876925	5876437	8114
grid-carry-k2-w1-n128	Ready	true	148	155	3	7	132	135	3	0	4	4	1373	2674	1558	35	11	8311	41425	6	6	155	162	13	138	4	0	129	2	132	4	3	1072	8	0	184310	4733854	2087663	5875694	5875206	8326
grid-carry-k2-w8-n0	Singleton	true	83	83	35	35	35	35	3	0	4	4	205	226	144	35	39	199	1242	6	6	83	83	41	44	4	0	4	2	35	4	31	104	8	0	2674	162307	5046	28512	28024	195
grid-carry-k2-w8-n0	Ready	true	34	83	10	35	11	35	3	0	4	4	177	226	78	35	39	328	880	6	6	83	132	41	17	4	0	1	2	11	4	10	104	8	0	1878	120017	5042	17681	17193	223
grid-carry-k2-w8-n16	Singleton	true	99	99	35	35	51	51	3	0	4	4	365	546	1232	35	39	335	1922	6	6	99	99	41	60	4	0	20	2	51	4	31	232	8	0	5955	264907	45184	144322	143834	265
grid-carry-k2-w8-n16	Ready	true	50	99	10	35	27	51	3	0	4	4	337	546	1166	35	39	464	1560	6	6	99	148	41	33	4	0	17	2	27	4	10	232	8	0	5161	223449	45180	134323	133835	301
grid-carry-k2-w8-n128	Singleton	true	211	211	35	35	163	163	3	0	4	4	1485	2786	8848	35	39	8455	42522	6	6	211	211	41	172	4	0	132	2	163	4	31	1128	8	0	186548	4856371	2088010	5888548	5888060	9781
grid-carry-k2-w8-n128	Ready	true	162	211	10	35	139	163	3	0	4	4	1457	2786	8782	35	39	8584	42160	6	6	211	260	41	145	4	0	129	2	139	4	10	1128	8	0	185754	4814913	2088006	5878549	5878061	8691
grid-carry-k2-w64-n0	Singleton	true	531	531	259	259	259	259	3	0	4	4	877	1122	928	35	263	1375	45090	6	6	531	531	265	268	4	0	4	2	259	4	255	552	8	0	90668	2842179	7792	122978	122490	5375
grid-carry-k2-w64-n0	Ready	true	146	531	66	259	67	259	3	0	4	4	849	1122	526	35	263	7804	31456	6	6	531	916	265	73	4	0	1	2	67	4	66	552	8	0	62824	1981129	7788	43059	42571	3816
grid-carry-k2-w64-n16	Singleton	true	547	547	259	259	275	275	3	0	4	4	1037	1442	9184	35	263	1511	45770	6	6	547	547	265	284	4	0	20	2	275	4	255	680	8	0	93949	2944779	47930	238788	238300	5003
grid-carry-k2-w64-n16	Ready	true	162	547	66	259	83	275	3	0	4	4	1009	1442	8782	35	263	7940	32136	6	6	547	932	265	89	4	0	17	2	83	4	66	680	8	0	66106	2084097	47926	159237	158749	3597
grid-carry-k2-w64-n128	Singleton	true	659	659	259	259	387	387	3	0	4	4	2157	3682	66976	35	263	9631	86370	6	6	659	659	265	396	4	0	132	2	387	4	255	1576	8	0	274542	7536243	2090756	5983014	5982526	12646
grid-carry-k2-w64-n128	Ready	true	274	659	66	259	195	387	3	0	4	4	2129	3682	66574	35	263	16060	72736	6	6	659	1044	265	201	4	0	129	2	195	4	66	1576	8	0	246700	6676025	2090752	5903927	5903439	11613
grid-carry-k2-w256-n0	Singleton	true	2067	2067	1027	1027	1027	1027	3	0	4	4	3181	4194	3616	35	1031	5407	671586	6	6	2067	2067	1033	1036	4	0	4	2	1027	4	1023	2088	8	0	1344686	35364651	17202	449356	448868	67148
grid-carry-k2-w256-n0	Ready	true	530	2067	258	1027	259	1027	3	0	4	4	3153	4194	2062	35	1031	104860	469600	6	6	2067	3604	1033	265	4	0	1	2	259	4	258	2088	8	0	938410	24696817	17198	132509	132021	49895
grid-carry-k2-w256-n16	Singleton	true	2083	2083	1027	1027	1043	1043	3	0	4	4	3341	4514	36448	35	1031	5543	672266	6	6	2083	2083	1033	1052	4	0	20	2	1043	4	1023	2216	8	0	1347967	35467251	57340	565166	564678	74005
grid-carry-k2-w256-n16	Ready	true	546	2083	258	1027	275	1043	3	0	4	4	3313	4514	34894	35	1031	104996	470280	6	6	2083	3620	1033	281	4	0	17	2	275	4	258	2216	8	0	941691	24799417	57336	248319	247831	48873
grid-carry-k2-w256-n128	Singleton	true	2195	2195	1027	1027	1155	1155	3	0	4	4	4461	6754	266272	35	1031	13663	712866	6	6	2195	2195	1033	1164	4	0	132	2	1155	4	1023	3112	8	0	1528559	40058251	2100166	6308928	6308440	78755
grid-carry-k2-w256-n128	Ready	true	658	2195	258	1027	387	1155	3	0	4	4	4433	6754	264718	35	1031	113116	510880	6	6	2195	3732	1033	393	4	0	129	2	387	4	258	3112	8	0	1122284	29390881	2100162	5992545	5992057	61605
grid-carry-k4-w0-n0	Singleton	true	81	81	15	15	5	5	15	0	16	16	654	806	62	277	31	121	514	30	30	81	81	45	50	16	0	1	4	5	8	4	288	208	0	1498	131075	16286	54337	53849	120
grid-carry-k4-w0-n0	Ready	true	70	81	4	15	5	5	15	0	16	16	643	806	62	277	31	88	492	30	30	81	92	45	17	16	0	1	4	5	8	4	288	208	0	1418	125485	16282	54333	53845	150
grid-carry-k4-w0-n16	Singleton	true	97	97	15	15	21	21	15	0	16	16	1390	2278	574	277	31	257	2826	30	30	97	97	45	66	16	0	17	4	21	8	4	800	208	0	11792	448731	154296	466947	466459	920
grid-carry-k4-w0-n16	Ready	true	86	97	4	15	21	21	15	0	16	16	1379	2278	574	277	31	224	2804	30	30	97	108	45	33	16	0	17	4	21	8	4	800	208	0	11712	443141	154292	466943	466455	914
grid-carry-k4-w0-n128	Singleton	true	209	209	15	15	133	133	15	0	16	16	6542	12582	4158	277	31	8377	140866	30	30	209	209	45	178	16	0	129	4	133	8	4	4384	208	0	585316	15003699	7112802	20961333	20960845	31867
grid-carry-k4-w0-n128	Ready	true	198	209	4	15	133	133	15	0	16	16	6531	12582	4158	277	31	8344	140844	30	30	209	220	45	145	16	0	129	4	133	8	4	4384	208	0	585236	14998109	7112798	20961329	20960841	29644
grid-carry-k4-w1-n0	Singleton	true	113	113	31	31	21	21	15	0	16	16	1197	870	574	277	47	202	931	30	30	113	113	61	66	16	0	16	4	21	8	5	320	208	0	2072	188158	16335	65289	64801	197
grid-carry-k4-w1-n0	Ready	true	72	113	5	31	6	21	15	0	16	16	691	870	94	277	47	229	729	30	30	113	154	61	18	16	0	1	4	6	8	5	320	208	0	1720	163106	16331	55230	54742	164
grid-carry-k4-w1-n16	Singleton	true	129	129	31	31	37	37	15	0	16	16	1933	2342	1342	277	47	338	3243	30	30	129	129	61	82	16	0	32	4	37	8	5	832	208	0	12365	505254	154345	477339	476851	895
grid-carry-k4-w1-n16	Ready	true	88	129	5	31	22	37	15	0	16	16	1427	2342	862	277	47	365	3041	30	30	129	170	61	34	16	0	17	4	22	8	5	832	208	0	12014	480762	154341	467840	467352	832
grid-carry-k4-w1-n128	Singleton	true	241	241	31	31	149	149	15	0	16	16	7085	12646	6718	277	47	8458	141283	30	30	241	241	61	194	16	0	144	4	149	8	5	4416	208	0	585891	15061678	7112851	20973181	20972693	28712
grid-carry-k4-w1-n128	Ready	true	200	241	5	31	134	149	15	0	16	16	6579	12646	6238	277	47	8485	141081	30	30	241	282	61	146	16	0	129	4	134	8	5	4416	208	0	585538	15035730	7112847	20962226	20961738	30787
grid-carry-k4-w8-n0	Singleton	true	337	337	143	143	133	133	15	0	16	16	1533	1318	1638	277	159	769	6090	30	30	337	337	173	178	16	0	16	4	133	8	117	544	208	0	10677	717003	16678	111624	111136	770
grid-carry-k4-w8-n0	Ready	true	86	337	12	143	13	133	15	0	16	16	1027	1318	318	277	159	1636	3788	30	30	337	588	173	25	16	0	1	4	13	8	12	544	208	0	6638	497245	16674	63701	63213	482
grid-carry-k4-w8-n16	Singleton	true	353	353	143	143	149	149	15	0	16	16	2269	2790	5990	277	159	905	8402	30	30	353	353	173	194	16	0	32	4	149	8	117	1056	208	0	20971	1033891	154688	524138	523650	1458
grid-carry-k4-w8-n16	Ready	true	102	353	12	143	29	149	15	0	16	16	1763	2790	4670	277	159	1772	6100	30	30	353	604	173	41	16	0	17	4	29	8	12	1056	208	0	16931	814437	154684	475847	475359	1155
grid-carry-k4-w8-n128	Singleton	true	465	465	143	143	261	261	15	0	16	16	7421	13094	36454	277	159	9025	146442	30	30	465	465	173	306	16	0	144	4	261	8	117	4640	208	0	594503	15596795	7113194	21019516	21019028	31907
grid-carry-k4-w8-n128	Ready	true	214	465	12	143	141	261	15	0	16	16	6915	13094	35134	277	159	9892	144140	30	30	465	716	173	153	16	0	129	4	141	8	12	4640	208	0	590456	15369869	7113190	20970697	20970209	31878
grid-carry-k4-w64-n0	Singleton	true	2129	2129	1039	1039	1029	1029	15	0	16	16	4221	4902	10150	277	1055	5305	188482	30	30	2129	2129	1069	1074	16	0	16	4	1029	8	1013	2336	208	0	361760	11863243	19424	482906	482418	20854
grid-carry-k4-w64-n0	Ready	true	198	2129	68	1039	69	1029	15	0	16	16	3715	4902	2110	277	1055	39352	116460	30	30	2129	4060	1069	81	16	0	1	4	69	8	68	2336	208	0	222366	7482621	19420	121935	121447	12506
grid-carry-k4-w64-n16	Singleton	true	2145	2145	1039	1039	1045	1045	15	0	16	16	4957	6374	43174	277	1055	5441	190794	30	30	2145	2145	1069	1090	16	0	32	4	1045	8	1013	2848	208	0	372053	12174291	157434	894956	894468	23917
grid-carry-k4-w64-n16	Ready	true	214	2145	68	1039	85	1045	15	0	16	16	4451	6374	35134	277	1055	39488	118772	30	30	2145	4076	1069	97	16	0	17	4	85	8	68	2848	208	0	232659	7799813	157430	534081	533593	12308
grid-carry-k4-w64-n128	Singleton	true	2257	2257	1039	1039	1157	1157	15	0	16	16	10109	16678	274342	277	1055	13561	328834	30	30	2257	2257	1069	1202	16	0	144	4	1157	8	1013	6432	208	0	945641	26792747	7115940	21390334	21389846	55746
grid-carry-k4-w64-n128	Ready	true	326	2257	68	1039	197	1157	15	0	16	16	9603	16678	266302	277	1055	47608	256812	30	30	2257	4188	1069	209	16	0	129	4	197	8	68	6432	208	0	806185	22355709	7115936	21029395	21028907	43293
grid-carry-k4-w256-n0	Singleton	true	8273	8273	4111	4111	4101	4101	15	0	16	16	13437	17190	39334	277	4127	20857	2718466	30	30	8273	8273	4141	4146	16	0	16	4	4101	8	4085	8480	208	0	5374748	143403739	28834	1753324	1752836	280445
grid-carry-k4-w256-n0	Ready	true	582	8273	260	4111	261	4101	15	0	16	16	12931	17190	8254	277	4127	525784	1693164	30	30	8273	15964	4141	273	16	0	1	4	261	8	260	8480	208	0	3342814	89767613	28830	327121	326633	179410
grid-carry-k4-w256-n16	Singleton	true	8289	8289	4111	4111	4117	4117	15	0	16	16	14173	18662	170662	277	4127	20993	2720778	30	30	8289	8289	4141	4162	16	0	32	4	4117	8	4085	8992	208	0	5385042	143696819	166844	2165838	2165350	273689
grid-carry-k4-w256-n16	Ready	true	598	8289	260	4111	277	4117	15	0	16	16	13667	18662	139582	277	4127	525920	1695476	30	30	8289	15980	4141	289	16	0	17	4	277	8	260	8992	208	0	3353107	90084805	166840	739267	738779	166387
grid-carry-k4-w256-n128	Singleton	true	8401	8401	4111	4111	4229	4229	15	0	16	16	19325	28966	1089958	277	4127	29113	2858818	30	30	8401	8401	4141	4274	16	0	144	4	4229	8	4085	12576	208	0	5958822	158505739	7125350	22661216	22660728	336489
grid-carry-k4-w256-n128	Ready	true	710	8401	260	4111	389	4229	15	0	16	16	18819	28966	1058878	277	4127	534040	1833516	30	30	8401	16092	4141	401	16	0	129	4	389	8	260	12576	208	0	3926632	104640237	7125346	21234117	21233629	209818
grid-carry-k8-w0-n0	Singleton	true	1285	1285	255	255	9	9	255	0	256	256	19366	25550	1022	7889	511	1813	11282	510	510	1285	1285	765	774	256	0	1	8	9	16	8	8704	64256	0	30953	2528187	353782	1198169	1197681	3567
grid-carry-k8-w0-n0	Ready	true	1038	1285	8	255	9	9	255	0	256	256	19119	25550	1022	7889	511	1072	10788	510	510	1285	1532	765	33	256	0	1	8	9	16	8	8704	64256	0	29056	2419333	353778	1198165	1197677	4259
grid-carry-k8-w0-n16	Singleton	true	1301	1301	255	255	25	25	255	0	256	256	31622	50062	9214	7889	511	1949	46234	510	510	1301	1301	765	790	256	0	17	8	25	16	8	16896	64256	0	182671	7223955	2448272	7490459	7489971	10806
grid-carry-k8-w0-n16	Ready	true	1054	1301	8	255	25	25	255	0	256	256	31375	50062	9214	7889	511	1208	45740	510	510	1301	1548	765	49	256	0	17	8	25	16	8	16896	64256	0	180774	7115101	2448268	7490455	7489967	13776
grid-carry-k8-w0-n128	Singleton	true	1413	1413	255	255	137	137	255	0	256	256	117414	221646	66558	7889	511	10069	2133074	510	510	1413	1413	765	902	256	0	129	8	137	16	8	74240	64256	0	8623123	221662187	107720378	322674765	322674277	543649
grid-carry-k8-w0-n128	Ready	true	1166	1413	8	255	137	137	255	0	256	256	117167	221646	66558	7889	511	9328	2132580	510	510	1413	1660	765	161	256	0	129	8	137	16	8	74240	64256	0	8621226	221553333	107720374	322674761	322674273	500191
grid-carry-k8-w1-n0	Singleton	true	1797	1797	511	511	265	265	255	0	256	256	150949	26574	132094	7889	767	3094	22035	510	510	1797	1797	1021	1030	256	0	256	8	265	16	9	9216	64256	0	40045	3638638	353831	1429801	1429313	4543
grid-carry-k8-w1-n0	Ready	true	1040	1797	9	511	10	265	255	0	256	256	19887	26574	1534	7889	767	4393	16441	510	510	1797	2554	1021	34	256	0	1	8	10	16	9	9216	64256	0	33405	3106802	353827	1208030	1207542	5060
grid-carry-k8-w1-n16	Singleton	true	1813	1813	511	511	281	281	255	0	256	256	163205	51086	144382	7889	767	3230	56987	510	510	1813	1813	1021	1046	256	0	272	8	281	16	9	17408	64256	0	191763	8334742	2448321	7722427	7721939	13338
grid-carry-k8-w1-n16	Ready	true	1056	1813	9	511	26	281	255	0	256	256	32143	51086	13822	7889	767	4529	51393	510	510	1813	2570	1021	50	256	0	17	8	26	16	9	17408	64256	0	185124	7802938	2448317	7500688	7500200	15323
grid-carry-k8-w1-n128	Singleton	true	1925	1925	511	511	393	393	255	0	256	256	248997	222670	230398	7889	767	11350	2143827	510	510	1925	1925	1021	1158	256	0	384	8	393	16	9	74752	64256	0	8632217	222774430	107720427	322907293	322906805	438938
grid-carry-k8-w1-n128	Ready	true	1168	1925	9	511	138	393	255	0	256	256	117935	222670	99838	7889	767	12649	2138233	510	510	1925	2682	1021	162	256	0	129	8	138	16	9	74752	64256	0	8625578	222242530	107720423	322685458	322684970	507356
grid-carry-k8-w8-n0	Singleton	true	5381	5381	2303	2303	2057	2057	255	0	256	256	156325	33742	364158	7889	2559	12061	133146	510	510	5381	5381	2813	2822	256	0	256	8	2057	16	1801	12800	64256	0	177163	13511443	354174	2166752	2166264	12773
grid-carry-k8-w8-n0	Ready	true	1054	5381	16	2303	17	2057	255	0	256	256	25263	33742	5118	7889	2559	34780	77572	510	510	5381	9708	2813	41	256	0	1	8	17	16	16	12800	64256	0	106972	8977717	354170	1280005	1279517	10770
grid-carry-k8-w8-n16	Singleton	true	5397	5397	2303	2303	2073	2073	255	0	256	256	168581	58254	433790	7889	2559	12197	168098	510	510	5397	5397	2813	2838	256	0	272	8	2073	16	1801	20992	64256	0	328888	18213147	2448664	8459378	8458890	20903
grid-carry-k8-w8-n16	Ready	true	1070	5397	16	2303	33	2073	255	0	256	256	37519	58254	74750	7889	2559	34916	112524	510	510	5397	9724	2813	57	256	0	17	8	33	16	16	20992	64256	0	258690	13673389	2448660	7572199	7571711	15704
grid-carry-k8-w8-n128	Singleton	true	5509	5509	2303	2303	2185	2185	255	0	256	256	254373	229838	921214	7889	2559	20317	2254938	510	510	5509	5509	2813	2950	256	0	384	8	2185	16	1801	78336	64256	0	8769348	232659315	107720770	323643780	323643292	520621
grid-carry-k8-w8-n128	Ready	true	1182	5509	16	2303	145	2185	255	0	256	256	123311	229838	562174	7889	2559	43036	2199364	510	510	5509	9836	2813	169	256	0	129	8	145	16	16	78336	64256	0	8699151	228119253	107720766	322756969	322756481	477925
grid-carry-k8-w64-n0	Singleton	true	34053	34053	16639	16639	16393	16393	255	0	256	256	199333	91086	2220670	7889	16895	83797	3279954	510	510	34053	34053	17149	17158	256	0	256	8	16393	16	16137	41472	64256	0	5789947	203133283	356920	8063682	8063194	312042
grid-carry-k8-w64-n0	Ready	true	1166	34053	72	16639	73	16393	255	0	256	256	68271	91086	33790	7889	16895	727696	1924900	510	510	34053	66940	17149	97	256	0	1	8	73	16	72	41472	64256	0	3412052	122491221	356916	1846271	1845783	170875
grid-carry-k8-w64-n16	Singleton	true	34069	34069	16639	16639	16409	16409	255	0	256	256	211589	115598	2749054	7889	16895	83933	3314906	510	510	34069	34069	17149	17174	256	0	272	8	16409	16	16137	49664	64256	0	5941731	207881179	2451410	14357700	14357212	312934
grid-carry-k8-w64-n16	Ready	true	1182	34069	72	16639	89	16409	255	0	256	256	80527	115598	562174	7889	16895	727832	1959852	510	510	34069	66956	17149	113	256	0	17	8	89	16	72	49664	64256	0	3563772	127187821	2451406	8139393	8138905	182253
grid-carry-k8-w64-n128	Singleton	true	34181	34181	16639	16639	16521	16521	255	0	256	256	297381	287182	6447742	7889	16895	92053	5401746	510	510	34181	34181	17149	17286	256	0	384	8	16521	16	16137	107008	64256	0	14382247	422382899	107723516	329542102	329541614	783532
grid-carry-k8-w64-n128	Ready	true	1294	34181	72	16639	201	16521	255	0	256	256	166319	287182	4260862	7889	16895	735952	4046692	510	510	34181	67068	17149	225	256	0	129	8	201	16	72	107008	64256	0	12004288	341683397	107723512	323323699	323323211	639477
grid-carry-k8-w256-n0	Singleton	true	132357	132357	65791	65791	65545	65545	255	0	256	256	346789	287694	8585854	7889	66047	329749	44543250	510	510	132357	132357	66301	66310	256	0	256	8	65545	16	65289	139776	64256	0	85982269	2346508843	366330	28287500	28287012	5055886
grid-carry-k8-w256-n0	Ready	true	1550	132357	264	65791	265	65545	255	0	256	256	215727	287694	132094	7889	66047	9174448	26590756	510	510	132357	263164	66301	289	256	0	1	8	265	16	264	139776	64256	0	51408086	1409962749	366326	3794281	3793793	2656006
grid-carry-k8-w256-n16	Singleton	true	132373	132373	65791	65791	65561	65561	255	0	256	256	359045	312206	10687102	7889	66047	329885	44578202	510	510	132373	132373	66301	66326	256	0	272	8	65561	16	65289	147968	64256	0	86134244	2351409779	2460820	34580958	34580470	4505263
grid-carry-k8-w256-n16	Ready	true	1566	132373	264	65791	281	65561	255	0	256	256	227983	312206	2233342	7889	66047	9174584	26625708	510	510	132373	263180	66301	305	256	0	17	8	281	16	264	147968	64256	0	51559803	1414658053	2460816	10086107	10085619	2642883
grid-carry-k8-w256-n128	Singleton	true	132485	132485	65791	65791	65673	65673	255	0	256	256	444837	483790	25395838	7889	66047	338005	46665042	510	510	132485	132485	66301	66438	256	0	384	8	65673	16	65289	205312	64256	0	94574952	2566101963	107732926	349765360	349764872	4870686
grid-carry-k8-w256-n128	Ready	true	1678	132485	264	65791	393	65673	255	0	256	256	313775	483790	16942078	7889	66047	9182704	28712548	510	510	132485	263292	66301	417	256	0	129	8	393	16	264	205312	64256	0	60000512	1629326125	107732922	325270877	325270389	3066149
discriminate-k1-w1-n0	Singleton	true	12	12	3	3	4	4	1	0	2	2	37	32	19	10	8	37	73	2	2	12	12	5	7	2	0	2	1	4	2	3	16	1	0	286	21316	4107	12895	12407	40
discriminate-k1-w1-n0	Ready	true	12	12	3	3	4	4	1	0	2	2	45	32	25	14	12	48	92	2	2	16	16	5	7	2	0	2	1	4	2	3	16	1	0	321	23051	4103	12891	12403	43
discriminate-k1-w1-n16	Singleton	true	28	28	3	3	20	20	1	0	2	2	101	160	163	10	8	173	481	2	2	28	28	5	23	2	0	18	1	20	2	3	80	1	0	2410	90236	27893	82257	81769	158
discriminate-k1-w1-n16	Ready	true	28	28	3	3	20	20	1	0	2	2	109	160	249	14	12	184	500	2	2	32	32	5	23	2	0	18	1	20	2	3	80	1	0	2445	91971	27889	82253	81765	141
discriminate-k1-w8-n0	Singleton	true	40	40	17	17	18	18	1	0	2	2	86	88	61	10	29	156	535	2	2	40	40	19	21	2	0	2	1	18	2	17	44	1	0	1459	77394	4450	18790	18302	72
discriminate-k1-w8-n0	Ready	true	40	40	17	17	18	18	1	0	2	2	129	88	123	14	54	237	820	2	2	72	72	19	21	2	0	2	1	18	2	17	44	1	0	2075	107941	4446	18786	18298	126
discriminate-k1-w8-n16	Singleton	true	56	56	17	17	34	34	1	0	2	2	150	216	765	10	29	292	943	2	2	56	56	19	37	2	0	18	1	34	2	17	108	1	0	3590	152490	28236	88056	87568	202
discriminate-k1-w8-n16	Ready	true	56	56	17	17	34	34	1	0	2	2	193	216	1467	14	54	373	1228	2	2	88	88	19	37	2	0	18	1	34	2	17	108	1	0	4206	183037	28232	88052	87564	283
discriminate-k1-w64-n0	Singleton	true	264	264	129	129	130	130	1	0	2	2	478	536	397	10	197	1108	21871	2	2	264	264	131	133	2	0	2	1	130	2	129	268	1	0	46127	1391226	7196	66800	66312	2400
discriminate-k1-w64-n0	Ready	true	264	264	129	129	130	130	1	0	2	2	801	536	907	14	390	1749	34868	2	2	520	520	131	133	2	0	2	1	130	2	129	268	1	0	72559	2170885	7192	66796	66308	3337
discriminate-k1-w64-n16	Singleton	true	280	280	129	129	146	146	1	0	2	2	542	664	5581	10	197	1244	22279	2	2	280	280	131	149	2	0	18	1	146	2	129	332	1	0	48315	1516962	30982	136530	136042	2346
discriminate-k1-w64-n16	Ready	true	280	280	129	129	146	146	1	0	2	2	865	664	11211	14	390	1885	35276	2	2	536	536	131	149	2	0	18	1	146	2	129	332	1	0	74747	2296621	30978	136526	136038	4601
discriminate-k2-w1-n0	Singleton	true	27	27	7	7	7	7	3	0	4	4	186	114	100	49	29	118	257	6	6	27	27	13	16	4	0	4	2	7	4	6	48	8	0	684	45080	7587	22493	22005	69
discriminate-k2-w1-n0	Ready	true	26	27	6	7	7	7	3	0	4	4	313	114	195	102	72	241	508	6	6	51	52	13	13	4	0	4	2	7	4	6	48	8	0	1006	58302	7583	22489	22001	74
discriminate-k2-w1-n16	Singleton	true	43	43	7	7	23	23	3	0	4	4	346	434	580	49	29	254	937	6	6	43	43	13	32	4	0	20	2	23	4	6	176	8	0	3966	148144	47725	138767	138279	218
discriminate-k2-w1-n16	Ready	true	42	43	6	7	23	23	3	0	4	4	473	434	1459	102	72	377	1188	6	6	67	68	13	29	4	0	20	2	23	4	6	176	8	0	4288	161366	47721	138763	138275	202
discriminate-k2-w8-n0	Singleton	true	83	83	35	35	35	35	3	0	4	4	347	226	275	49	99	475	1398	6	6	83	83	41	44	4	0	4	2	35	4	34	104	8	0	3297	164307	7930	34116	33628	216
discriminate-k2-w8-n0	Ready	true	82	83	34	35	35	35	3	0	4	4	1041	226	1175	102	352	1312	3833	6	6	275	276	41	41	4	0	4	2	35	4	34	104	8	0	7749	365941	7926	34112	33624	470
discriminate-k2-w8-n16	Singleton	true	99	99	35	35	51	51	3	0	4	4	507	546	2323	49	99	611	2078	6	6	99	99	41	60	4	0	20	2	51	4	34	232	8	0	6578	266907	48068	149926	149438	394
discriminate-k2-w8-n16	Ready	true	98	99	34	35	51	51	3	0	4	4	1201	546	8711	102	352	1448	4513	6	6	291	292	41	57	4	0	20	2	51	4	34	232	8	0	11030	468541	48064	149922	149434	734
discriminate-k2-w64-n0	Singleton	true	531	531	259	259	259	259	3	0	4	4	1635	1122	1675	49	659	3331	45806	6	6	531	531	265	268	4	0	4	2	259	4	258	552	8	0	94762	2847595	10676	127854	127366	4234
discriminate-k2-w64-n0	Ready	true	530	531	258	259	259	259	3	0	4	4	6865	1122	9015	102	2592	9880	129217	6	6	2067	2068	265	265	4	0	4	2	259	4	258	552	8	0	259262	7668221	10672	127850	127362	11631
discriminate-k2-w64-n16	Singleton	true	547	547	259	259	275	275	3	0	4	4	1795	1442	16267	49	659	3467	46486	6	6	547	547	265	284	4	0	20	2	275	4	258	680	8	0	98043	2950195	50814	243664	243176	4587
discriminate-k2-w64-n16	Ready	true	546	547	258	259	275	275	3	0	4	4	7025	1442	66727	102	2592	10016	129897	6	6	2083	2084	265	281	4	0	20	2	275	4	258	680	8	0	262543	7770821	50810	243660	243172	13437
discriminate-k4-w1-n0	Singleton	true	113	113	31	31	21	21	15	0	16	16	5470	870	4534	605	407	1378	3595	30	30	113	113	61	66	16	0	16	4	21	8	20	320	208	0	5337	265780	33065	99025	98537	412
discriminate-k4-w1-n0	Ready	true	102	113	20	31	21	21	15	0	16	16	30291	870	26882	4449	3475	10609	27585	30	30	593	604	61	33	16	0	16	4	21	8	20	320	208	0	29569	1075670	33061	99021	98533	2122
discriminate-k4-w1-n16	Singleton	true	129	129	31	31	37	37	15	0	16	16	6206	2342	11062	605	407	1514	5907	30	30	129	129	61	82	16	0	32	4	37	8	20	832	208	0	15630	582876	171075	511075	510587	1123
discriminate-k4-w1-n16	Ready	true	118	129	20	31	37	37	15	0	16	16	31027	2342	84418	4449	3475	10745	29897	30	30	609	620	61	49	16	0	32	4	37	8	20	832	208	0	39862	1392766	171071	511071	510583	1973
discriminate-k4-w8-n0	Singleton	true	337	337	143	143	133	133	15	0	16	16	12050	1318	11842	605	1359	5137	13738	30	30	337	337	173	178	16	0	16	4	133	8	132	544	208	0	22843	941649	33408	143368	142880	1013
discriminate-k4-w8-n0	Ready	true	326	337	132	143	133	133	15	0	16	16	184627	1318	200146	4449	18707	60568	162048	30	30	4177	4188	173	145	16	0	16	4	133	8	132	544	208	0	229579	8039779	33404	143364	142876	13539
discriminate-k4-w8-n16	Singleton	true	353	353	143	143	149	149	15	0	16	16	12786	2790	35394	605	1359	5273	16050	30	30	353	353	173	194	16	0	32	4	149	8	132	1056	208	0	33137	1258537	171418	555882	555394	2273
discriminate-k4-w8-n16	Ready	true	342	353	132	143	149	149	15	0	16	16	185363	2790	530066	4449	18707	60704	164360	30	30	4193	4204	173	161	16	0	32	4	149	8	132	1056	208	0	239873	8356667	171414	555878	555390	13306
discriminate-k4-w64-n0	Singleton	true	2129	2129	1039	1039	1029	1029	15	0	16	16	64690	4902	70306	605	8975	35209	236002	30	30	2129	2129	1069	1074	16	0	16	4	1029	8	1028	2336	208	0	445153	13276377	36154	511010	510522	20589
discriminate-k4-w64-n0	Ready	true	2118	2129	1028	1039	1029	1029	15	0	16	16	1419315	4902	1586258	4449	140563	460240	2648952	30	30	32849	32860	1069	1041	16	0	16	4	1029	8	1028	2336	208	0	4652081	132914347	36150	511006	510518	218414
discriminate-k4-w64-n16	Singleton	true	2145	2145	1039	1039	1045	1045	15	0	16	16	65426	6374	230050	605	8975	35345	238314	30	30	2145	2145	1069	1090	16	0	32	4	1045	8	1028	2848	208	0	455446	13587425	174164	923060	922572	22695
discriminate-k4-w64-n16	Ready	true	2134	2145	1028	1039	1045	1045	15	0	16	16	1420051	6374	4095250	4449	140563	460376	2651264	30	30	32865	32876	1069	1057	16	0	32	4	1045	8	1028	2848	208	0	4662374	133225395	174160	923056	922568	231164
