case	mode	pass	steps	applications	expansions	cache_hits	cache_misses	cache_retained	rules_examined	occurrence_scans	candidates	binding_reads	term_visits	unification_pairs	occurs_visits	fresh_variables	work_nodes	snapshot_entries	introductions	splits	failed	raw	answers	max_frontier	pending	retained_roots	retained_bindings	retained_pending	observer_pairs	observer_scans	allocation_calls	requested_bytes	baseline_live	peak_live	final_live	elapsed_us
A01-disconnected-failure	General	true	5	1	1	0	0	0	1	1	1	1	8	1	1	2	4	0	1	0	1	0	0	1	0	0	0	0	0	0	44	6079	1463	4866	2234	16
A01-disconnected-failure	Local	true	5	1	1	0	0	0	1	1	1	1	8	1	1	2	4	0	1	0	1	0	0	1	0	0	0	0	0	0	44	6079	1461	4864	2232	16
A01-disconnected-failure	Cached	true	5	1	1	0	1	1	1	1	1	1	8	1	1	2	4	0	1	0	1	0	0	1	0	0	0	0	0	0	46	7255	1462	6041	3762	10
A02-pending-failure	General	true	7	2	2	0	0	0	3	3	2	1	5	1	1	1	5	0	2	0	1	0	0	1	0	0	0	0	0	0	56	6434	1568	5123	2464	11
A02-pending-failure	Local	true	7	2	2	0	0	0	3	2	2	1	5	1	1	1	5	0	2	0	1	0	0	1	0	0	0	0	0	0	55	6426	1566	5121	2462	11
A02-pending-failure	Cached	true	7	2	2	0	2	2	3	2	2	1	5	1	1	1	5	0	2	0	1	0	0	1	0	0	0	0	0	0	57	7602	1567	6298	4179	12
A03-raw-duplicates	General	true	7	1	1	0	0	0	3	1	1	6	14	2	2	2	4	0	1	1	0	2	1	2	0	0	0	0	2	0	74	8385	1657	5297	3359	16
A03-raw-duplicates	Local	true	7	1	1	0	0	0	3	1	1	6	14	2	2	2	4	0	1	1	0	2	1	2	0	0	0	0	2	0	74	8385	1655	5295	3357	17
A03-raw-duplicates	Cached	true	7	1	1	0	1	1	3	1	1	6	14	2	2	2	4	0	1	1	0	2	1	2	0	0	0	0	2	0	76	9561	1656	6810	4872	16
A04-alpha-residual	General	true	7	1	1	0	0	0	3	3	1	2	4	0	0	2	4	0	3	1	0	2	1	2	0	0	0	0	1	1	62	5744	1425	4939	3007	19
A04-alpha-residual	Local	true	7	1	1	0	0	0	3	1	1	2	4	0	0	2	4	0	3	1	0	2	1	2	0	0	0	0	1	1	60	5728	1423	4937	3005	11
A04-alpha-residual	Cached	true	7	1	1	0	1	1	3	1	1	2	4	0	0	2	4	0	3	1	0	2	1	2	0	0	0	0	1	1	61	6272	1424	5818	4128	17
C01-correlation	General	true	10	1	1	0	0	0	3	1	1	10	16	4	4	2	6	3	1	1	0	2	2	2	0	0	0	0	1	0	94	10465	2050	6067	4254	15
C01-correlation	Local	true	10	1	1	0	0	0	3	1	1	10	16	4	4	2	6	3	1	1	0	2	2	2	0	0	0	0	1	0	94	10465	2048	6065	4252	17
C01-correlation	Cached	true	10	1	1	0	1	1	3	1	1	10	16	4	4	2	6	3	1	1	0	2	2	2	0	0	0	0	1	0	96	11641	2049	7708	6007	17
C02-independent	General	true	18	3	3	0	0	0	7	3	3	14	27	6	6	2	11	7	2	3	0	4	4	4	0	0	0	0	8	0	164	19330	2271	8332	4849	13
C02-independent	Local	true	18	3	3	0	0	0	7	3	3	14	27	6	6	2	11	7	2	3	0	4	4	4	0	0	0	0	8	0	164	19330	2269	8330	4847	18
C02-independent	Cached	true	18	3	2	1	2	2	7	3	3	14	23	6	6	2	8	7	2	3	0	4	4	4	0	0	0	0	8	0	161	20168	2270	10366	7332	20
C03-inactive-label	General	true	10	1	1	0	0	0	4	1	1	9	18	3	3	2	6	0	1	2	0	3	3	3	0	0	0	0	3	0	96	10204	2260	6067	4767	41
C03-inactive-label	Local	true	10	1	1	0	0	0	4	1	1	9	18	3	3	2	6	0	1	2	0	3	3	3	0	0	0	0	3	0	96	10204	2258	6065	4765	15
C03-inactive-label	Cached	true	10	1	1	0	1	1	4	1	1	9	18	3	3	2	6	0	1	2	0	3	3	3	0	0	0	0	3	0	98	11380	2259	7721	6505	17
C04-recursive-fresh	General	true	81	15	15	0	0	0	39	23	23	68	169	22	36	8	58	54	15	7	0	8	8	8	0	0	0	0	44	0	850	82789	4851	23082	11570	41
C04-recursive-fresh	Local	true	81	15	15	0	0	0	39	23	23	68	169	22	36	8	58	54	15	7	0	8	8	8	0	0	0	0	44	0	850	82789	4849	23080	11568	63
C04-recursive-fresh	Cached	true	81	15	15	0	15	15	39	23	23	68	169	22	36	8	58	54	15	7	0	8	8	8	0	0	0	0	44	0	883	94200	4850	41752	33126	65
G01-suspended	General	true	2	0	0	0	0	0	1	1	1	6	13	0	0	2	1	0	1	0	0	1	1	1	0	0	0	0	0	0	47	5520	1688	4636	3483	11
G01-suspended	Local	true	2	0	0	0	0	0	1	1	1	6	13	0	0	2	1	0	1	0	0	1	1	1	0	0	0	0	0	0	47	5520	1686	4634	3481	9
G01-suspended	Cached	true	2	0	0	0	0	0	1	1	1	6	13	0	0	2	1	0	1	0	0	1	1	1	0	0	0	0	0	0	47	5520	1687	4635	3482	8
G02-recheck	General	true	7	2	2	0	0	0	5	6	3	10	22	1	0	2	4	0	3	0	0	1	1	1	0	0	0	0	0	0	81	11484	2082	6193	4033	17
G02-recheck	Local	true	7	2	2	0	0	0	5	3	3	10	22	1	0	2	4	0	3	0	0	1	1	1	0	0	0	0	0	0	79	11452	2080	6191	4031	14
G02-recheck	Cached	true	7	2	2	0	2	2	5	3	3	10	22	1	0	2	4	0	3	0	0	1	1	1	0	0	0	0	0	0	82	13260	2081	8112	6139	18
H03-constructor-wakeup	General	true	7	2	2	0	0	0	5	6	3	4	9	1	1	1	4	0	3	0	0	1	1	1	0	0	0	0	0	0	80	7599	1703	5117	3238	16
H03-constructor-wakeup	Local	true	7	2	2	0	0	0	5	3	3	4	9	1	1	1	4	0	3	0	0	1	1	1	0	0	0	0	0	0	78	7567	1701	5115	3236	14
H03-constructor-wakeup	Cached	true	7	2	2	0	2	2	5	3	3	4	9	1	1	1	4	0	3	0	0	1	1	1	0	0	0	0	0	0	80	8743	1702	6292	4713	13
M02-nonbinding	General	true	2	0	0	0	0	0	1	1	1	3	5	0	0	1	1	0	1	0	0	1	1	1	0	0	0	0	0	0	41	3610	1332	3611	2657	14
M02-nonbinding	Local	true	2	0	0	0	0	0	1	1	1	3	5	0	0	1	1	0	1	0	0	1	1	1	0	0	0	0	0	0	41	3610	1330	3609	2655	10
M02-nonbinding	Cached	true	2	0	0	0	0	0	1	1	1	3	5	0	0	1	1	0	1	0	0	1	1	1	0	0	0	0	0	0	41	3610	1331	3610	2656	8
S01-finite-sibling	General	true	200	98	98	0	0	0	197	195	98	2	6	1	1	1	101	0	99	1	0	1	1	2	1	1	0	0	0	0	937	47041	1706	5259	4308	61
S01-finite-sibling	Local	true	200	98	98	0	0	0	197	98	98	2	6	1	1	1	101	0	99	1	0	1	1	2	1	1	0	0	0	0	840	46265	1704	5257	4306	58
S01-finite-sibling	Cached	true	200	98	98	0	98	98	197	98	98	2	6	1	1	1	101	0	99	1	0	1	1	2	1	1	0	0	0	0	858	56433	1705	33055	33051	72
U01-clash	General	true	3	1	1	0	0	0	1	1	1	0	8	1	0	2	2	0	1	0	1	0	0	1	0	0	0	0	0	0	41	4979	1242	4215	1822	12
U01-clash	Local	true	3	1	1	0	0	0	1	1	1	0	8	1	0	2	2	0	1	0	1	0	0	1	0	0	0	0	0	0	41	4979	1240	4213	1820	11
U01-clash	Cached	true	3	1	1	0	1	1	1	1	1	0	8	1	0	2	2	0	1	0	1	0	0	1	0	0	0	0	0	0	43	6155	1241	5390	3111	11
U02-self	General	true	4	1	1	0	0	0	2	1	1	4	10	1	0	2	2	0	1	0	0	1	1	1	0	0	0	0	0	0	43	5856	1442	4411	2708	12
U02-self	Local	true	4	1	1	0	0	0	2	1	1	4	10	1	0	2	2	0	1	0	0	1	1	1	0	0	0	0	0	0	43	5856	1440	4409	2706	28
U02-self	Cached	true	4	1	1	0	1	1	2	1	1	4	10	1	0	2	2	0	1	0	0	1	1	1	0	0	0	0	0	0	45	7032	1441	5586	3995	13
U03-alias	General	true	6	1	1	0	0	0	2	1	1	6	14	2	3	2	4	1	1	0	0	1	1	1	0	0	0	0	0	0	75	8047	1737	5238	3347	21
U03-alias	Local	true	6	1	1	0	0	0	2	1	1	6	14	2	3	2	4	1	1	0	0	1	1	1	0	0	0	0	0	0	75	8047	1735	5236	3345	14
U03-alias	Cached	true	6	1	1	0	1	1	2	1	1	6	14	2	3	2	4	1	1	0	0	1	1	1	0	0	0	0	0	0	77	9223	1736	6413	4924	10
U04-occurs	General	true	5	1	1	0	0	0	1	1	1	5	11	2	4	2	4	1	1	0	1	0	0	1	0	0	0	0	0	0	55	7105	1483	4982	2302	11
U04-occurs	Local	true	5	1	1	0	0	0	1	1	1	5	11	2	4	2	4	1	1	0	1	0	0	1	0	0	0	0	0	0	55	7105	1481	4980	2300	13
U04-occurs	Cached	true	5	1	1	0	1	1	1	1	1	5	11	2	4	2	4	1	1	0	1	0	0	1	0	0	0	0	0	0	57	8281	1482	6157	3878	11
U05-conditional-occurs	General	true	6	1	1	0	0	0	2	1	1	5	13	2	3	2	4	0	1	1	1	1	1	2	0	0	0	0	0	0	67	7570	1713	5198	3463	15
U05-conditional-occurs	Local	true	6	1	1	0	0	0	2	1	1	5	13	2	3	2	4	0	1	1	1	1	1	2	0	0	0	0	0	0	67	7570	1711	5196	3461	15
U05-conditional-occurs	Cached	true	6	1	1	0	1	1	2	1	1	5	13	2	3	2	4	0	1	1	1	1	1	2	0	0	0	0	0	0	69	8746	1712	6373	5024	18
U06-union-cycle	General	true	7	1	1	0	0	0	3	1	1	10	18	2	4	2	4	0	1	1	0	2	2	2	0	0	0	0	1	0	86	9089	2048	5976	4344	22
U06-union-cycle	Local	true	7	1	1	0	0	0	3	1	1	10	18	2	4	2	4	0	1	1	0	2	2	2	0	0	0	0	1	0	86	9089	2046	5974	4342	17
U06-union-cycle	Cached	true	7	1	1	0	1	1	3	1	1	10	18	2	4	2	4	0	1	1	0	2	2	2	0	0	0	0	1	0	88	10265	2047	7585	5953	21
V01-fresh	General	true	7	2	2	0	0	0	3	4	2	2	4	0	0	2	4	0	4	0	0	1	1	1	0	0	0	0	0	0	56	4810	1304	3773	2547	15
V01-fresh	Local	true	7	2	2	0	0	0	3	2	2	2	4	0	0	2	4	0	4	0	0	1	1	1	0	0	0	0	0	0	55	4794	1302	3771	2545	12
V01-fresh	Cached	true	7	2	2	0	2	2	3	2	2	2	4	0	0	2	4	0	4	0	0	1	1	1	0	0	0	0	0	0	56	5338	1303	4428	3556	14
app-add-decompose	General	true	40	4	4	0	0	0	12	4	4	39	92	19	28	10	33	68	4	4	1	4	4	2	0	0	0	0	10	0	635	44033	4374	13422	9496	52
app-add-decompose	Local	true	40	4	4	0	0	0	12	4	4	39	92	19	28	10	33	68	4	4	1	4	4	2	0	0	0	0	10	0	635	44033	4372	13420	9494	52
app-add-decompose	Cached	true	40	4	4	0	4	4	12	4	4	39	92	19	28	10	33	68	4	4	1	4	4	2	0	0	0	0	10	0	647	47253	4373	21203	18027	53
app-add-failure	General	true	24	3	3	0	0	0	3	3	3	11	57	14	9	7	25	27	3	3	4	0	0	2	0	0	0	0	0	0	432	28659	3019	9843	5273	39
app-add-failure	Local	true	24	3	3	0	0	0	3	3	3	11	57	14	9	7	25	27	3	3	4	0	0	2	0	0	0	0	0	0	432	28659	3017	9841	5271	43
app-add-failure	Cached	true	24	3	3	0	3	3	3	3	3	11	57	14	9	7	25	27	3	3	4	0	0	2	0	0	0	0	0	0	448	31346	3018	15555	12215	49
app-add-forward	General	true	25	3	3	0	0	0	5	3	3	14	63	11	11	7	25	26	3	3	3	1	1	2	0	0	0	0	0	0	471	30269	3391	10765	6673	46
app-add-forward	Local	true	25	3	3	0	0	0	5	3	3	14	63	11	11	7	25	26	3	3	3	1	1	2	0	0	0	0	0	0	471	30269	3389	10763	6671	41
app-add-forward	Cached	true	25	3	3	0	3	3	5	3	3	14	63	11	11	7	25	26	3	3	3	1	1	2	0	0	0	0	0	0	501	33252	3390	16709	14503	33
app-add-left	General	true	55	6	6	0	0	0	8	6	6	36	111	41	33	13	49	162	6	6	6	1	1	2	0	0	0	0	0	0	1607	77515	3385	12529	6373	104
app-add-left	Local	true	55	6	6	0	0	0	8	6	6	36	111	41	33	13	49	162	6	6	6	1	1	2	0	0	0	0	0	0	1607	77515	3383	12527	6371	104
app-add-left	Cached	true	55	6	6	0	6	6	8	6	6	36	111	41	33	13	49	162	6	6	6	1	1	2	0	0	0	0	0	0	1667	82985	3384	26890	21634	110
app-add-repeated	General	true	46	5	5	0	0	0	7	5	5	39	91	28	25	11	41	110	5	5	5	1	1	2	0	0	0	0	0	0	849	54497	3196	11242	6184	64
app-add-repeated	Local	true	46	5	5	0	0	0	7	5	5	39	91	28	25	11	41	110	5	5	5	1	1	2	0	0	0	0	0	0	849	54497	3194	11240	6182	64
app-add-repeated	Cached	true	46	5	5	0	5	5	7	5	5	39	91	28	25	11	41	110	5	5	5	1	1	2	0	0	0	0	0	0	864	58398	3195	21025	16748	42
app-add-right	General	true	25	3	3	0	0	0	5	3	3	12	63	13	16	7	25	26	3	3	3	1	1	2	0	0	0	0	0	0	541	31843	3387	10701	6473	45
app-add-right	Local	true	25	3	3	0	0	0	5	3	3	12	63	13	16	7	25	26	3	3	3	1	1	2	0	0	0	0	0	0	541	31843	3385	10699	6471	47
app-add-right	Cached	true	25	3	3	0	3	3	5	3	3	12	63	13	16	7	25	26	3	3	3	1	1	2	0	0	0	0	0	0	561	34628	3386	16852	13709	44
app-infer-identity	General	true	54	5	5	0	0	0	6	5	5	49	190	32	25	16	61	97	5	10	10	1	1	3	0	0	0	0	0	0	924	71454	3893	16099	7620	80
app-infer-identity	Local	true	54	5	5	0	0	0	6	5	5	49	190	32	25	16	61	97	5	10	10	1	1	3	0	0	0	0	0	0	924	71454	3891	16097	7618	72
app-infer-identity	Cached	true	54	5	5	0	5	5	6	5	5	49	190	32	25	16	61	97	5	10	10	1	1	3	0	0	0	0	0	0	943	75652	3892	31592	26979	72
app-sk-duplication	General	true	431	19	19	0	0	0	30	28	19	449	1797	475	430	77	587	6264	19	117	117	1	1	5	0	0	0	0	0	0	29396	1768530	13885	90088	27678	1731
app-sk-duplication	Local	true	431	19	19	0	0	0	30	19	19	449	1797	475	430	77	587	6264	19	117	117	1	1	5	0	0	0	0	0	0	29391	1768434	13883	90086	27676	1806
app-sk-duplication	Cached	true	431	19	19	0	19	19	30	19	19	449	1797	475	430	77	587	6264	19	117	117	1	1	5	0	0	0	0	0	0	29517	1787087	13884	268785	222092	1952
app-sk-identity	General	true	177	7	7	0	0	0	14	8	7	152	746	190	111	29	243	872	7	49	49	1	1	5	0	0	0	0	0	0	6188	375643	13340	53103	26545	447
app-sk-identity	Local	true	177	7	7	0	0	0	14	7	7	152	746	190	111	29	243	872	7	49	49	1	1	5	0	0	0	0	0	0	6187	375635	13338	53101	26543	284
app-sk-identity	Cached	true	177	7	7	0	7	7	14	7	7	152	746	190	111	29	243	872	7	49	49	1	1	5	0	0	0	0	0	0	6236	382275	13339	124422	106009	415
app-sk-ignored-hole	General	true	546	32	32	0	0	0	76	142	76	619	2243	585	568	90	725	8862	33	141	141	1	1	5	0	0	0	0	0	0	46573	2686272	14888	109125	29253	2636
app-sk-ignored-hole	Local	true	546	32	32	0	0	0	76	76	76	619	2243	585	568	90	725	8862	33	141	141	1	1	5	0	0	0	0	0	0	46546	2685784	14886	109123	29251	2508
app-sk-ignored-hole	Cached	true	546	32	32	0	32	32	76	76	76	619	2243	585	568	90	725	8862	33	141	141	1	1	5	0	0	0	0	0	0	46732	2711614	14887	324954	269933	2974
app-sub	General	true	27	4	4	0	0	0	7	5	4	12	69	13	16	7	26	26	4	3	3	1	1	2	0	0	0	0	0	0	618	35667	3375	10689	6461	32
app-sub	Local	true	27	4	4	0	0	0	7	4	4	12	69	13	16	7	26	26	4	3	3	1	1	2	0	0	0	0	0	0	617	35659	3373	10687	6459	49
app-sub	Cached	true	27	4	4	0	4	4	7	4	4	12	69	13	16	7	26	26	4	3	3	1	1	2	0	0	0	0	0	0	654	39421	3374	18493	15350	51
app-type-synthesis-prefix	General	true	12	1	1	0	0	0	2	1	1	9	44	8	7	4	13	1	1	2	0	1	1	3	2	0	2	3	0	0	239	17171	3813	12787	10547	26
app-type-synthesis-prefix	Local	true	12	1	1	0	0	0	2	1	1	9	44	8	7	4	13	1	1	2	0	1	1	3	2	0	2	3	0	0	239	17171	3811	12785	10545	26
app-type-synthesis-prefix	Cached	true	12	1	1	0	1	1	2	1	1	9	44	8	7	4	13	1	1	2	0	1	1	3	2	0	2	3	0	0	248	18548	3812	14784	13485	25
carry-k0-w0-n0	General	true	2	0	0	0	0	0	2	2	1	0	6	0	0	0	1	0	1	0	0	1	1	1	0	0	0	0	0	0	57	4240	2307	5221	4207	12
carry-k0-w0-n0	Local	true	2	0	0	0	0	0	2	1	1	0	6	0	0	0	1	0	1	0	0	1	1	1	0	0	0	0	0	0	56	4232	2305	5219	4205	10
carry-k0-w0-n0	Cached	true	2	0	0	0	0	0	2	1	1	0	6	0	0	0	1	0	1	0	0	1	1	1	0	0	0	0	0	0	56	4232	2306	5220	4206	10
carry-k0-w0-n3	General	true	5	0	0	0	0	0	2	8	1	0	18	0	0	0	4	0	4	0	0	1	1	1	0	0	0	0	0	0	142	6944	3189	7651	5875	21
carry-k0-w0-n3	Local	true	5	0	0	0	0	0	2	1	1	0	18	0	0	0	4	0	4	0	0	1	1	1	0	0	0	0	0	0	141	6920	3187	7649	5873	15
carry-k0-w0-n3	Cached	true	5	0	0	0	0	0	2	1	1	0	18	0	0	0	4	0	4	0	0	1	1	1	0	0	0	0	0	0	141	6920	3188	7650	5874	12
carry-k0-w1-n0	General	true	4	1	1	0	0	0	4	4	2	0	12	0	0	0	2	0	2	0	0	1	1	1	0	0	0	0	0	0	84	6806	2356	6051	4256	12
carry-k0-w1-n0	Local	true	4	1	1	0	0	0	4	2	2	0	12	0	0	0	2	0	2	0	0	1	1	1	0	0	0	0	0	0	82	6790	2354	6049	4254	14
carry-k0-w1-n0	Cached	true	4	1	1	0	1	1	4	2	2	0	12	0	0	0	2	0	2	0	0	1	1	1	0	0	0	0	0	0	86	7970	2355	7230	5724	14
carry-k0-w1-n3	General	true	7	1	1	0	0	0	4	13	2	0	24	0	0	0	5	0	5	0	0	1	1	1	0	0	0	0	0	0	169	9526	3238	7700	5924	24
carry-k0-w1-n3	Local	true	7	1	1	0	0	0	4	2	2	0	24	0	0	0	5	0	5	0	0	1	1	1	0	0	0	0	0	0	167	9478	3236	7698	5922	19
carry-k0-w1-n3	Cached	true	7	1	1	0	1	1	4	2	2	0	24	0	0	0	5	0	5	0	0	1	1	1	0	0	0	0	0	0	171	10658	3237	8991	7392	21
carry-k0-w4-n0	General	true	10	4	4	0	0	0	10	10	5	0	30	0	0	0	5	0	5	0	0	1	1	1	0	0	0	0	0	0	213	15680	2503	6786	4403	23
carry-k0-w4-n0	Local	true	10	4	4	0	0	0	10	5	5	0	30	0	0	0	5	0	5	0	0	1	1	1	0	0	0	0	0	0	208	15640	2501	6784	4401	22
carry-k0-w4-n0	Cached	true	10	4	4	0	4	4	10	5	5	0	30	0	0	0	5	0	5	0	0	1	1	1	0	0	0	0	0	0	233	19022	2502	10514	9234	23
carry-k0-w4-n3	General	true	13	4	4	0	0	0	10	28	5	0	42	0	0	0	8	0	8	0	0	1	1	1	0	0	0	0	0	0	298	18448	3385	8430	6071	30
carry-k0-w4-n3	Local	true	13	4	4	0	0	0	10	5	5	0	42	0	0	0	8	0	8	0	0	1	1	1	0	0	0	0	0	0	293	18328	3383	8428	6069	17
carry-k0-w4-n3	Cached	true	13	4	4	0	4	4	10	5	5	0	42	0	0	0	8	0	8	0	0	1	1	1	0	0	0	0	0	0	318	21710	3384	12501	10902	32
carry-k1-w0-n0	General	true	8	1	1	0	0	0	5	6	3	6	22	2	2	1	5	1	2	1	0	2	2	2	0	0	0	0	1	0	139	12633	3142	8807	6312	12
carry-k1-w0-n0	Local	true	8	1	1	0	0	0	5	3	3	6	22	2	2	1	5	1	2	1	0	2	2	2	0	0	0	0	1	0	137	12609	3140	8805	6310	27
carry-k1-w0-n0	Cached	true	8	1	1	0	1	1	5	3	3	6	22	2	2	1	5	1	2	1	0	2	2	2	0	0	0	0	1	0	139	13785	3141	10320	7825	19
carry-k1-w0-n3	General	true	11	1	1	0	0	0	5	18	3	6	40	2	2	1	8	4	5	1	0	2	2	2	0	0	0	0	1	0	256	16348	4489	11903	9231	25
carry-k1-w0-n3	Local	true	11	1	1	0	0	0	5	3	3	6	40	2	2	1	8	4	5	1	0	2	2	2	0	0	0	0	1	0	254	16284	4487	11901	9229	19
carry-k1-w0-n3	Cached	true	11	1	1	0	1	1	5	3	3	6	40	2	2	1	8	4	5	1	0	2	2	2	0	0	0	0	1	0	256	17460	4488	13416	10744	28
carry-k1-w1-n0	General	true	12	3	3	0	0	0	9	10	5	6	33	2	2	1	7	1	4	1	0	2	2	2	0	0	0	0	1	0	195	18002	3191	9669	6361	23
carry-k1-w1-n0	Local	true	12	3	3	0	0	0	9	5	5	6	33	2	2	1	7	1	4	1	0	2	2	2	0	0	0	0	1	0	191	17962	3189	9667	6359	24
carry-k1-w1-n0	Cached	true	12	3	2	1	2	2	9	5	5	6	31	2	2	1	6	1	4	1	0	2	2	2	0	0	0	0	1	0	186	18801	3190	11726	8895	24
carry-k1-w1-n3	General	true	15	3	3	0	0	0	9	28	5	6	51	2	2	1	10	4	7	1	0	2	2	2	0	0	0	0	1	0	312	21749	4538	12177	9280	24
carry-k1-w1-n3	Local	true	15	3	3	0	0	0	9	5	5	6	51	2	2	1	10	4	7	1	0	2	2	2	0	0	0	0	1	0	308	21637	4536	12175	9278	29
carry-k1-w1-n3	Cached	true	15	3	2	1	2	2	9	5	5	6	49	2	2	1	9	4	7	1	0	2	2	2	0	0	0	0	1	0	303	22476	4537	14261	11814	29
carry-k1-w4-n0	General	true	24	9	9	0	0	0	21	22	11	6	66	2	2	1	13	1	10	1	0	2	2	2	0	0	0	0	1	0	459	36461	3338	10551	6508	36
carry-k1-w4-n0	Local	true	24	9	9	0	0	0	21	11	11	6	66	2	2	1	13	1	10	1	0	2	2	2	0	0	0	0	1	0	449	36373	3336	10549	6506	40
carry-k1-w4-n0	Cached	true	24	9	5	4	5	5	21	11	11	6	58	2	2	1	9	1	10	1	0	2	2	2	0	0	0	0	1	0	411	35907	3337	15250	12693	36
carry-k1-w4-n3	General	true	27	9	9	0	0	0	21	58	11	6	84	2	2	1	16	4	13	1	0	2	2	2	0	0	0	0	1	0	576	40304	4685	12861	9427	48
carry-k1-w4-n3	Local	true	27	9	9	0	0	0	21	11	11	6	84	2	2	1	16	4	13	1	0	2	2	2	0	0	0	0	1	0	566	40048	4683	12859	9425	34
carry-k1-w4-n3	Cached	true	27	9	5	4	5	5	21	11	11	6	76	2	2	1	12	4	13	1	0	2	2	2	0	0	0	0	1	0	528	39582	4684	18059	15612	42
carry-k2-w0-n0	General	true	19	3	3	0	0	0	11	14	7	22	55	6	6	2	12	10	3	3	0	4	4	4	0	0	0	0	8	0	287	28337	4642	13683	10300	30
carry-k2-w0-n0	Local	true	19	3	3	0	0	0	11	7	7	22	55	6	6	2	12	10	3	3	0	4	4	4	0	0	0	0	8	0	283	28281	4640	13681	10298	28
carry-k2-w0-n0	Cached	true	19	3	2	1	2	2	11	7	7	22	51	6	6	2	9	10	3	3	0	4	4	4	0	0	0	0	8	0	280	29119	4641	16166	12783	28
carry-k2-w0-n3	General	true	22	3	3	0	0	0	11	38	7	22	85	6	6	2	15	19	6	3	0	4	4	4	0	0	0	0	8	0	468	34074	6823	18323	15625	39
carry-k2-w0-n3	Local	true	22	3	3	0	0	0	11	7	7	22	85	6	6	2	15	19	6	3	0	4	4	4	0	0	0	0	8	0	464	33930	6821	18321	15623	31
carry-k2-w0-n3	Cached	true	22	3	2	1	2	2	11	7	7	22	81	6	6	2	12	19	6	3	0	4	4	4	0	0	0	0	8	0	461	34768	6822	20806	18108	39
carry-k2-w1-n0	General	true	27	7	7	0	0	0	19	22	11	22	76	6	6	2	16	10	7	3	0	4	4	4	0	0	0	0	8	0	393	39696	4691	14861	10349	36
carry-k2-w1-n0	Local	true	27	7	7	0	0	0	19	11	11	22	76	6	6	2	16	10	7	3	0	4	4	4	0	0	0	0	8	0	385	39608	4689	14859	10347	32
carry-k2-w1-n0	Cached	true	27	7	3	4	3	3	19	11	11	22	66	6	6	2	10	10	7	3	0	4	4	4	0	0	0	0	8	0	353	37827	4690	17512	13949	36
carry-k2-w1-n3	General	true	30	7	7	0	0	0	19	58	11	22	106	6	6	2	19	19	10	3	0	4	4	4	0	0	0	0	8	0	574	45497	6872	18883	15674	47
carry-k2-w1-n3	Local	true	30	7	7	0	0	0	19	11	11	22	106	6	6	2	19	19	10	3	0	4	4	4	0	0	0	0	8	0	566	45257	6870	18881	15672	45
carry-k2-w1-n3	Cached	true	30	7	3	4	3	3	19	11	11	22	96	6	6	2	13	19	10	3	0	4	4	4	0	0	0	0	8	0	534	43476	6871	21699	19274	47
carry-k2-w4-n0	General	true	51	19	19	0	0	0	43	46	23	22	139	6	6	2	28	10	19	3	0	4	4	4	0	0	0	0	8	0	903	78477	4838	16096	10496	42
carry-k2-w4-n0	Local	true	51	19	19	0	0	0	43	23	23	22	139	6	6	2	28	10	19	3	0	4	4	4	0	0	0	0	8	0	883	78293	4836	16094	10494	65
carry-k2-w4-n0	Cached	true	51	19	6	13	6	6	43	23	23	22	111	6	6	2	13	10	19	3	0	4	4	4	0	0	0	0	8	0	704	67185	4837	21276	18035	55
carry-k2-w4-n3	General	true	54	19	19	0	0	0	43	118	23	22	169	6	6	2	31	19	22	3	0	4	4	4	0	0	0	0	8	0	1084	84470	7019	19642	15821	57
carry-k2-w4-n3	Local	true	54	19	19	0	0	0	43	23	23	22	169	6	6	2	31	19	22	3	0	4	4	4	0	0	0	0	8	0	1064	83942	7017	19640	15819	74
carry-k2-w4-n3	Cached	true	54	19	6	13	6	6	43	23	23	22	141	6	6	2	16	19	22	3	0	4	4	4	0	0	0	0	8	0	885	72834	7018	25785	23360	60
carry-k3-w0-n0	General	true	40	7	7	0	0	0	23	30	15	62	126	14	14	3	25	41	4	7	0	8	8	8	0	0	0	0	44	0	612	61713	8208	23987	20478	50
carry-k3-w0-n0	Local	true	40	7	7	0	0	0	23	15	15	62	126	14	14	3	25	41	4	7	0	8	8	8	0	0	0	0	44	0	604	61593	8206	23985	20476	47
carry-k3-w0-n0	Cached	true	40	7	3	4	3	3	23	15	15	62	110	14	14	3	13	41	4	7	0	8	8	8	0	0	0	0	44	0	584	60153	8207	27394	23931	49
carry-k3-w0-n3	General	true	43	7	7	0	0	0	23	78	15	62	180	14	14	3	28	62	7	7	0	8	8	8	0	0	0	0	44	0	921	71494	12057	33362	30615	77
carry-k3-w0-n3	Local	true	43	7	7	0	0	0	23	15	15	62	180	14	14	3	28	62	7	7	0	8	8	8	0	0	0	0	44	0	913	71190	12055	33360	30613	55
carry-k3-w0-n3	Cached	true	43	7	3	4	3	3	23	15	15	62	164	14	14	3	16	62	7	7	0	8	8	8	0	0	0	0	44	0	893	69750	12056	36815	34068	52
carry-k3-w1-n0	General	true	56	15	15	0	0	0	39	46	23	62	167	14	14	3	33	41	12	7	0	8	8	8	0	0	0	0	44	0	818	85820	8257	26237	20527	66
carry-k3-w1-n0	Local	true	56	15	15	0	0	0	39	23	23	62	167	14	14	3	33	41	12	7	0	8	8	8	0	0	0	0	44	0	802	85636	8255	26235	20525	50
carry-k3-w1-n0	Cached	true	56	15	4	11	4	4	39	23	23	62	137	14	14	3	14	41	12	7	0	8	8	8	0	0	0	0	44	0	709	76485	8256	28680	25193	57
carry-k3-w1-n3	General	true	59	15	15	0	0	0	39	118	23	62	221	14	14	3	36	62	15	7	0	8	8	8	0	0	0	0	44	0	1127	95729	12106	33463	30664	77
carry-k3-w1-n3	Local	true	59	15	15	0	0	0	39	23	23	62	221	14	14	3	36	62	15	7	0	8	8	8	0	0	0	0	44	0	1111	95233	12104	33461	30662	79
carry-k3-w1-n3	Cached	true	59	15	4	11	4	4	39	23	23	62	191	14	14	3	17	62	15	7	0	8	8	8	0	0	0	0	44	0	1018	86082	12105	37756	35330	73
carry-k3-w4-n0	General	true	104	39	39	0	0	0	87	94	47	62	290	14	14	3	57	41	36	7	0	8	8	8	0	0	0	0	44	0	1820	167549	8404	28262	20674	96
carry-k3-w4-n0	Local	true	104	39	39	0	0	0	87	47	47	62	290	14	14	3	57	41	36	7	0	8	8	8	0	0	0	0	44	0	1780	167173	8402	28260	20672	117
carry-k3-w4-n0	Cached	true	104	39	7	32	7	7	87	47	47	62	218	14	14	3	17	41	36	7	0	8	8	8	0	0	0	0	44	0	1312	131067	8403	32709	29567	108
carry-k3-w4-n3	General	true	107	39	39	0	0	0	87	238	47	62	344	14	14	3	60	62	39	7	0	8	8	8	0	0	0	0	44	0	2129	177842	12253	34280	30811	139
carry-k3-w4-n3	Local	true	107	39	39	0	0	0	87	47	47	62	344	14	14	3	60	62	39	7	0	8	8	8	0	0	0	0	44	0	2089	176770	12251	34278	30809	106
carry-k3-w4-n3	Cached	true	107	39	7	32	7	7	87	47	47	62	272	14	14	3	20	62	39	7	0	8	8	8	0	0	0	0	44	0	1621	140664	12252	42130	39704	116
grid-carry-k0-w0-n0	General	true	2	0	0	0	0	0	2	2	1	0	6	0	0	0	1	0	1	0	0	1	1	1	0	0	0	0	0	0	57	4240	2317	5231	4217	10
grid-carry-k0-w0-n0	Local	true	2	0	0	0	0	0	2	1	1	0	6	0	0	0	1	0	1	0	0	1	1	1	0	0	0	0	0	0	56	4232	2315	5229	4215	10
grid-carry-k0-w0-n0	Cached	true	2	0	0	0	0	0	2	1	1	0	6	0	0	0	1	0	1	0	0	1	1	1	0	0	0	0	0	0	56	4232	2316	5230	4216	10
grid-carry-k0-w0-n16	General	true	18	0	0	0	0	0	2	34	1	0	278	0	0	0	17	0	17	0	0	1	1	1	0	0	0	0	0	0	1549	44536	18047	44738	34955	94
grid-carry-k0-w0-n16	Local	true	18	0	0	0	0	0	2	1	1	0	278	0	0	0	17	0	17	0	0	1	1	1	0	0	0	0	0	0	1548	44512	18045	44736	34953	67
grid-carry-k0-w0-n16	Cached	true	18	0	0	0	0	0	2	1	1	0	278	0	0	0	17	0	17	0	0	1	1	1	0	0	0	0	0	0	1548	44512	18046	44737	34954	71
grid-carry-k0-w0-n128	General	true	130	0	0	0	0	0	2	258	1	0	16518	0	0	0	129	0	129	0	0	1	1	1	0	0	0	0	0	0	83663	2081264	831953	2078668	1657389	4691
grid-carry-k0-w0-n128	Local	true	130	0	0	0	0	0	2	1	1	0	16518	0	0	0	129	0	129	0	0	1	1	1	0	0	0	0	0	0	83662	2081240	831951	2078666	1657387	4734
grid-carry-k0-w0-n128	Cached	true	130	0	0	0	0	0	2	1	1	0	16518	0	0	0	129	0	129	0	0	1	1	1	0	0	0	0	0	0	83662	2081240	831952	2078667	1657388	5759
grid-carry-k0-w1-n0	General	true	4	1	1	0	0	0	4	4	2	0	12	0	0	0	2	0	2	0	0	1	1	1	0	0	0	0	0	0	84	6806	2366	6061	4266	19
grid-carry-k0-w1-n0	Local	true	4	1	1	0	0	0	4	2	2	0	12	0	0	0	2	0	2	0	0	1	1	1	0	0	0	0	0	0	82	6790	2364	6059	4264	12
grid-carry-k0-w1-n0	Cached	true	4	1	1	0	1	1	4	2	2	0	12	0	0	0	2	0	2	0	0	1	1	1	0	0	0	0	0	0	86	7970	2365	7240	5734	15
grid-carry-k0-w1-n16	General	true	20	1	1	0	0	0	4	52	2	0	284	0	0	0	18	0	18	0	0	1	1	1	0	0	0	0	0	0	1576	47118	18096	44787	35004	87
grid-carry-k0-w1-n16	Local	true	20	1	1	0	0	0	4	2	2	0	284	0	0	0	18	0	18	0	0	1	1	1	0	0	0	0	0	0	1574	47070	18094	44785	35002	89
grid-carry-k0-w1-n16	Cached	true	20	1	1	0	1	1	4	2	2	0	284	0	0	0	18	0	18	0	0	1	1	1	0	0	0	0	0	0	1578	48250	18095	46078	36472	86
grid-carry-k0-w1-n128	General	true	132	1	1	0	0	0	4	388	2	0	16524	0	0	0	130	0	130	0	0	1	1	1	0	0	0	0	0	0	83690	2083846	832002	2078717	1657438	3698
grid-carry-k0-w1-n128	Local	true	132	1	1	0	0	0	4	2	2	0	16524	0	0	0	130	0	130	0	0	1	1	1	0	0	0	0	0	0	83688	2083798	832000	2078715	1657436	4966
grid-carry-k0-w1-n128	Cached	true	132	1	1	0	1	1	4	2	2	0	16524	0	0	0	130	0	130	0	0	1	1	1	0	0	0	0	0	0	83692	2084978	832001	2080008	1658906	5174
grid-carry-k0-w8-n0	General	true	18	8	8	0	0	0	18	18	9	0	54	0	0	0	9	0	9	0	0	1	1	1	0	0	0	0	0	0	497	30256	2709	7776	4609	27
grid-carry-k0-w8-n0	Local	true	18	8	8	0	0	0	18	9	9	0	54	0	0	0	9	0	9	0	0	1	1	1	0	0	0	0	0	0	488	30184	2707	7774	4607	37
grid-carry-k0-w8-n0	Cached	true	18	8	8	0	8	8	18	9	9	0	54	0	0	0	9	0	9	0	0	1	1	1	0	0	0	0	0	0	569	37188	2708	16576	15296	39
grid-carry-k0-w8-n16	General	true	34	8	8	0	0	0	18	178	9	0	326	0	0	0	25	0	25	0	0	1	1	1	0	0	0	0	0	0	1989	70680	18439	45130	35347	108
grid-carry-k0-w8-n16	Local	true	34	8	8	0	0	0	18	9	9	0	326	0	0	0	25	0	25	0	0	1	1	1	0	0	0	0	0	0	1980	70464	18437	45128	35345	110
grid-carry-k0-w8-n16	Cached	true	34	8	8	0	8	8	18	9	9	0	326	0	0	0	25	0	25	0	0	1	1	1	0	0	0	0	0	0	2061	77468	18438	55640	46034	159
grid-carry-k0-w8-n128	General	true	146	8	8	0	0	0	18	1298	9	0	16566	0	0	0	137	0	137	0	0	1	1	1	0	0	0	0	0	0	84103	2107408	832345	2079060	1657781	4316
grid-carry-k0-w8-n128	Local	true	146	8	8	0	0	0	18	9	9	0	16566	0	0	0	137	0	137	0	0	1	1	1	0	0	0	0	0	0	84094	2107192	832343	2079058	1657779	4345
grid-carry-k0-w8-n128	Cached	true	146	8	8	0	8	8	18	9	9	0	16566	0	0	0	137	0	137	0	0	1	1	1	0	0	0	0	0	0	84175	2114196	832344	2089570	1668468	4911
grid-carry-k0-w64-n0	General	true	130	64	64	0	0	0	130	130	65	0	390	0	0	0	65	0	65	0	0	1	1	1	0	0	0	0	0	0	17913	563600	5455	21498	7355	898
grid-carry-k0-w64-n0	Local	true	130	64	64	0	0	0	130	65	65	0	390	0	0	0	65	0	65	0	0	1	1	1	0	0	0	0	0	0	17848	563080	5453	21496	7353	697
grid-carry-k0-w64-n0	Cached	true	130	64	64	0	64	64	130	65	65	0	390	0	0	0	65	0	65	0	0	1	1	1	0	0	0	0	0	0	22082	708104	5454	270938	269658	1121
grid-carry-k0-w64-n16	General	true	146	64	64	0	0	0	130	1186	65	0	662	0	0	0	81	0	81	0	0	1	1	1	0	0	0	0	0	0	19405	604920	21185	47876	38093	1006
grid-carry-k0-w64-n16	Local	true	146	64	64	0	0	0	130	65	65	0	662	0	0	0	81	0	81	0	0	1	1	1	0	0	0	0	0	0	19340	603360	21183	47874	38091	1000
grid-carry-k0-w64-n16	Cached	true	146	64	64	0	64	64	130	65	65	0	662	0	0	0	81	0	81	0	0	1	1	1	0	0	0	0	0	0	23574	748384	21184	310002	300396	1249
grid-carry-k0-w64-n128	General	true	258	64	64	0	0	0	130	8578	65	0	16902	0	0	0	193	0	193	0	0	1	1	1	0	0	0	0	0	0	101519	2641648	835091	2081806	1660527	4792
grid-carry-k0-w64-n128	Local	true	258	64	64	0	0	0	130	65	65	0	16902	0	0	0	193	0	193	0	0	1	1	1	0	0	0	0	0	0	101454	2640088	835089	2081804	1660525	4715
grid-carry-k0-w64-n128	Cached	true	258	64	64	0	64	64	130	65	65	0	16902	0	0	0	193	0	193	0	0	1	1	1	0	0	0	0	0	0	105688	2785112	835090	2343932	1922830	4901
grid-carry-k0-w256-n0	General	true	514	256	256	0	0	0	514	514	257	0	1542	0	0	0	257	0	257	0	0	1	1	1	0	0	0	0	0	0	268089	7058576	14865	68540	16765	12678
grid-carry-k0-w256-n0	Local	true	514	256	256	0	0	0	514	257	257	0	1542	0	0	0	257	0	257	0	0	1	1	1	0	0	0	0	0	0	267832	7056520	14863	68538	16763	12990
grid-carry-k0-w256-n0	Cached	true	514	256	256	0	256	256	514	257	257	0	1542	0	0	0	257	0	257	0	0	1	1	1	0	0	0	0	0	0	333922	8842120	14864	3476988	3475708	15175
grid-carry-k0-w256-n16	General	true	530	256	256	0	0	0	514	4642	257	0	1814	0	0	0	273	0	273	0	0	1	1	1	0	0	0	0	0	0	269581	7102968	30595	93039	47503	13336
grid-carry-k0-w256-n16	Local	true	530	256	256	0	0	0	514	257	257	0	1814	0	0	0	273	0	273	0	0	1	1	1	0	0	0	0	0	0	269324	7096800	30593	93037	47501	13115
grid-carry-k0-w256-n16	Cached	true	530	256	256	0	256	256	514	257	257	0	1814	0	0	0	273	0	273	0	0	1	1	1	0	0	0	0	0	0	335414	8882400	30594	3516052	3506446	16730
grid-carry-k0-w256-n128	General	true	642	256	256	0	0	0	514	33538	257	0	18054	0	0	0	385	0	385	0	0	1	1	1	0	0	0	0	0	0	351695	9139696	844501	2091216	1669937	19106
grid-carry-k0-w256-n128	Local	true	642	256	256	0	0	0	514	257	257	0	18054	0	0	0	385	0	385	0	0	1	1	1	0	0	0	0	0	0	351438	9133528	844499	2091214	1669935	16992
grid-carry-k0-w256-n128	Cached	true	642	256	256	0	256	256	514	257	257	0	18054	0	0	0	385	0	385	0	0	1	1	1	0	0	0	0	0	0	417528	10919128	844500	5549982	5128880	22078
grid-carry-k1-w0-n0	General	true	8	1	1	0	0	0	5	6	3	6	22	2	2	1	5	1	2	1	0	2	2	2	0	0	0	0	1	0	139	12633	3152	8817	6322	20
grid-carry-k1-w0-n0	Local	true	8	1	1	0	0	0	5	3	3	6	22	2	2	1	5	1	2	1	0	2	2	2	0	0	0	0	1	0	137	12609	3150	8815	6320	20
grid-carry-k1-w0-n0	Cached	true	8	1	1	0	1	1	5	3	3	6	22	2	2	1	5	1	2	1	0	2	2	2	0	0	0	0	1	0	139	13785	3151	10330	7835	22
grid-carry-k1-w0-n16	General	true	24	1	1	0	0	0	5	70	3	6	430	2	2	1	21	17	18	1	0	2	2	2	0	0	0	0	1	0	2212	68834	26938	70676	60124	142
grid-carry-k1-w0-n16	Local	true	24	1	1	0	0	0	5	3	3	6	430	2	2	1	21	17	18	1	0	2	2	2	0	0	0	0	1	0	2210	68770	26936	70674	60122	140
grid-carry-k1-w0-n16	Cached	true	24	1	1	0	1	1	5	3	3	6	430	2	2	1	21	17	18	1	0	2	2	2	0	0	0	0	1	0	2212	69946	26937	72189	61637	132
grid-carry-k1-w0-n128	General	true	136	1	1	0	0	0	5	518	3	6	24790	2	2	1	133	129	130	1	0	2	2	2	0	0	0	0	1	0	117048	2917738	1250484	3321878	2900726	5333
grid-carry-k1-w0-n128	Local	true	136	1	1	0	0	0	5	3	3	6	24790	2	2	1	133	129	130	1	0	2	2	2	0	0	0	0	1	0	117046	2917674	1250482	3321876	2900724	5352
grid-carry-k1-w0-n128	Cached	true	136	1	1	0	1	1	5	3	3	6	24790	2	2	1	133	129	130	1	0	2	2	2	0	0	0	0	1	0	117048	2918850	1250483	3323391	2902239	5398
grid-carry-k1-w1-n0	General	true	12	3	3	0	0	0	9	10	5	6	33	2	2	1	7	1	4	1	0	2	2	2	0	0	0	0	1	0	195	18002	3201	9679	6371	32
grid-carry-k1-w1-n0	Local	true	12	3	3	0	0	0	9	5	5	6	33	2	2	1	7	1	4	1	0	2	2	2	0	0	0	0	1	0	191	17962	3199	9677	6369	31
grid-carry-k1-w1-n0	Cached	true	12	3	2	1	2	2	9	5	5	6	31	2	2	1	6	1	4	1	0	2	2	2	0	0	0	0	1	0	186	18801	3200	11736	8905	29
grid-carry-k1-w1-n16	General	true	28	3	3	0	0	0	9	106	5	6	441	2	2	1	23	17	20	1	0	2	2	2	0	0	0	0	1	0	2268	74235	26987	70725	60173	135
grid-carry-k1-w1-n16	Local	true	28	3	3	0	0	0	9	5	5	6	441	2	2	1	23	17	20	1	0	2	2	2	0	0	0	0	1	0	2264	74123	26985	70723	60171	127
grid-carry-k1-w1-n16	Cached	true	28	3	2	1	2	2	9	5	5	6	439	2	2	1	22	17	20	1	0	2	2	2	0	0	0	0	1	0	2259	74962	26986	73034	62707	129
grid-carry-k1-w1-n128	General	true	140	3	3	0	0	0	9	778	5	6	24801	2	2	1	135	129	132	1	0	2	2	2	0	0	0	0	1	0	117104	2923139	1250533	3321927	2900775	5886
grid-carry-k1-w1-n128	Local	true	140	3	3	0	0	0	9	5	5	6	24801	2	2	1	135	129	132	1	0	2	2	2	0	0	0	0	1	0	117100	2923027	1250531	3321925	2900773	6387
grid-carry-k1-w1-n128	Cached	true	140	3	2	1	2	2	9	5	5	6	24799	2	2	1	134	129	132	1	0	2	2	2	0	0	0	0	1	0	117095	2923866	1250532	3324236	2903309	5926
grid-carry-k1-w8-n0	General	true	40	17	17	0	0	0	37	38	19	6	110	2	2	1	21	1	18	1	0	2	2	2	0	0	0	0	1	0	1035	66561	3544	11737	6714	55
grid-carry-k1-w8-n0	Local	true	40	17	17	0	0	0	37	19	19	6	110	2	2	1	21	1	18	1	0	2	2	2	0	0	0	0	1	0	1017	66409	3542	11735	6712	63
grid-carry-k1-w8-n0	Cached	true	40	17	9	8	9	9	37	19	19	6	94	2	2	1	13	1	18	1	0	2	2	2	0	0	0	0	1	0	907	63517	3543	21696	19139	59
grid-carry-k1-w8-n16	General	true	56	17	17	0	0	0	37	358	19	6	518	2	2	1	37	17	34	1	0	2	2	2	0	0	0	0	1	0	3108	123018	27330	71068	60516	144
grid-carry-k1-w8-n16	Local	true	56	17	17	0	0	0	37	19	19	6	518	2	2	1	37	17	34	1	0	2	2	2	0	0	0	0	1	0	3090	122570	27328	71066	60514	169
grid-carry-k1-w8-n16	Cached	true	56	17	9	8	9	9	37	19	19	6	502	2	2	1	29	17	34	1	0	2	2	2	0	0	0	0	1	0	2980	119678	27329	83268	72941	166
grid-carry-k1-w8-n128	General	true	168	17	17	0	0	0	37	2598	19	6	24878	2	2	1	149	129	146	1	0	2	2	2	0	0	0	0	1	0	117944	2971922	1250876	3322270	2901118	5891
grid-carry-k1-w8-n128	Local	true	168	17	17	0	0	0	37	19	19	6	24878	2	2	1	149	129	146	1	0	2	2	2	0	0	0	0	1	0	117926	2971474	1250874	3322268	2901116	6469
grid-carry-k1-w8-n128	Cached	true	168	17	9	8	9	9	37	19	19	6	24862	2	2	1	141	129	146	1	0	2	2	2	0	0	0	0	1	0	117816	2968582	1250875	3334470	2913543	5762
grid-carry-k1-w64-n0	General	true	264	129	129	0	0	0	261	262	131	6	726	2	2	1	133	1	130	1	0	2	2	2	0	0	0	0	1	0	35979	1146521	6290	28203	9460	1813
grid-carry-k1-w64-n0	Local	true	264	129	129	0	0	0	261	131	131	6	726	2	2	1	133	1	130	1	0	2	2	2	0	0	0	0	1	0	35849	1145473	6288	28201	9458	1823
grid-carry-k1-w64-n0	Cached	true	264	129	65	64	65	65	261	131	131	6	598	2	2	1	69	1	130	1	0	2	2	2	0	0	0	0	1	0	31380	1031289	6289	281434	278877	1670
grid-carry-k1-w64-n16	General	true	280	129	129	0	0	0	261	2374	131	6	1134	2	2	1	149	17	146	1	0	2	2	2	0	0	0	0	1	0	38052	1204770	30076	73814	63262	1920
grid-carry-k1-w64-n16	Local	true	280	129	129	0	0	0	261	131	131	6	1134	2	2	1	149	17	146	1	0	2	2	2	0	0	0	0	1	0	37922	1201634	30074	73812	63260	1652
grid-carry-k1-w64-n16	Cached	true	280	129	65	64	65	65	261	131	131	6	1006	2	2	1	85	17	146	1	0	2	2	2	0	0	0	0	1	0	33453	1087450	30075	343006	332679	1848
grid-carry-k1-w64-n128	General	true	392	129	129	0	0	0	261	17158	131	6	25494	2	2	1	261	129	258	1	0	2	2	2	0	0	0	0	1	0	152888	4053674	1253622	3325016	2903864	8740
grid-carry-k1-w64-n128	Local	true	392	129	129	0	0	0	261	131	131	6	25494	2	2	1	261	129	258	1	0	2	2	2	0	0	0	0	1	0	152758	4050538	1253620	3325014	2903862	6787
grid-carry-k1-w64-n128	Cached	true	392	129	65	64	65	65	261	131	131	6	25366	2	2	1	197	129	258	1	0	2	2	2	0	0	0	0	1	0	148289	3936354	1253621	3594208	3173281	8043
grid-carry-k1-w256-n0	General	true	1032	513	513	0	0	0	1029	1030	515	6	2838	2	2	1	517	1	514	1	0	2	2	2	0	0	0	0	1	0	536715	14181977	15700	84653	18870	23360
grid-carry-k1-w256-n0	Local	true	1032	513	513	0	0	0	1029	515	515	6	2838	2	2	1	517	1	514	1	0	2	2	2	0	0	0	0	1	0	536201	14177857	15698	84651	18868	25478
grid-carry-k1-w256-n0	Cached	true	1032	513	257	256	257	257	1029	515	515	6	2326	2	2	1	261	1	514	1	0	2	2	2	0	0	0	0	1	0	469173	12516825	15699	3506460	3503903	24327
grid-carry-k1-w256-n16	General	true	1048	513	513	0	0	0	1029	9286	515	6	3246	2	2	1	533	17	530	1	0	2	2	2	0	0	0	0	1	0	538788	14246370	39486	117889	72672	25925
grid-carry-k1-w256-n16	Local	true	1048	513	513	0	0	0	1029	515	515	6	3246	2	2	1	533	17	530	1	0	2	2	2	0	0	0	0	1	0	538274	14234018	39484	117887	72670	26043
grid-carry-k1-w256-n16	Cached	true	1048	513	257	256	257	257	1029	515	515	6	2734	2	2	1	277	17	530	1	0	2	2	2	0	0	0	0	1	0	471246	12572986	39485	3568032	3557705	22235
grid-carry-k1-w256-n128	General	true	1160	513	513	0	0	0	1029	67078	515	6	27606	2	2	1	645	129	642	1	0	2	2	2	0	0	0	0	1	0	653624	17095274	1263032	3334426	2913274	32956
grid-carry-k1-w256-n128	Local	true	1160	513	513	0	0	0	1029	515	515	6	27606	2	2	1	645	129	642	1	0	2	2	2	0	0	0	0	1	0	653110	17082922	1263030	3334424	2913272	32762
grid-carry-k1-w256-n128	Cached	true	1160	513	257	256	257	257	1029	515	515	6	27094	2	2	1	389	129	642	1	0	2	2	2	0	0	0	0	1	0	586082	15421890	1263031	6819234	6398307	30199
grid-carry-k2-w0-n0	General	true	19	3	3	0	0	0	11	14	7	22	55	6	6	2	12	10	3	3	0	4	4	4	0	0	0	0	8	0	287	28337	4652	13693	10310	39
grid-carry-k2-w0-n0	Local	true	19	3	3	0	0	0	11	7	7	22	55	6	6	2	12	10	3	3	0	4	4	4	0	0	0	0	8	0	283	28281	4650	13691	10308	35
grid-carry-k2-w0-n0	Cached	true	19	3	2	1	2	2	11	7	7	22	51	6	6	2	9	10	3	3	0	4	4	4	0	0	0	0	8	0	280	29119	4651	16176	12793	28
grid-carry-k2-w0-n16	General	true	35	3	3	0	0	0	11	142	7	22	735	6	6	2	28	58	19	3	0	4	4	4	0	0	0	0	8	0	3522	116348	44790	121081	110480	168
grid-carry-k2-w0-n16	Local	true	35	3	3	0	0	0	11	7	7	22	735	6	6	2	28	58	19	3	0	4	4	4	0	0	0	0	8	0	3518	116204	44788	121079	110478	189
grid-carry-k2-w0-n16	Cached	true	35	3	2	1	2	2	11	7	7	22	731	6	6	2	25	58	19	3	0	4	4	4	0	0	0	0	8	0	3515	117042	44789	123564	112963	180
grid-carry-k2-w0-n128	General	true	147	3	3	0	0	0	11	1038	7	22	41335	6	6	2	140	394	131	3	0	4	4	4	0	0	0	0	8	0	183802	4589604	2087616	5808619	5387418	8988
grid-carry-k2-w0-n128	Local	true	147	3	3	0	0	0	11	7	7	22	41335	6	6	2	140	394	131	3	0	4	4	4	0	0	0	0	8	0	183798	4589460	2087614	5808617	5387416	9230
grid-carry-k2-w0-n128	Cached	true	147	3	2	1	2	2	11	7	7	22	41331	6	6	2	137	394	131	3	0	4	4	4	0	0	0	0	8	0	183795	4590298	2087615	5811102	5389901	8569
grid-carry-k2-w1-n0	General	true	27	7	7	0	0	0	19	22	11	22	76	6	6	2	16	10	7	3	0	4	4	4	0	0	0	0	8	0	393	39696	4701	14871	10359	32
grid-carry-k2-w1-n0	Local	true	27	7	7	0	0	0	19	11	11	22	76	6	6	2	16	10	7	3	0	4	4	4	0	0	0	0	8	0	385	39608	4699	14869	10357	35
grid-carry-k2-w1-n0	Cached	true	27	7	3	4	3	3	19	11	11	22	66	6	6	2	10	10	7	3	0	4	4	4	0	0	0	0	8	0	353	37827	4700	17522	13959	35
grid-carry-k2-w1-n16	General	true	43	7	7	0	0	0	19	214	11	22	756	6	6	2	32	58	23	3	0	4	4	4	0	0	0	0	8	0	3628	127771	44839	121130	110529	191
grid-carry-k2-w1-n16	Local	true	43	7	7	0	0	0	19	11	11	22	756	6	6	2	32	58	23	3	0	4	4	4	0	0	0	0	8	0	3620	127531	44837	121128	110527	191
grid-carry-k2-w1-n16	Cached	true	43	7	3	4	3	3	19	11	11	22	746	6	6	2	26	58	23	3	0	4	4	4	0	0	0	0	8	0	3588	125750	44838	124457	114129	200
grid-carry-k2-w1-n128	General	true	155	7	7	0	0	0	19	1558	11	22	41356	6	6	2	144	394	135	3	0	4	4	4	0	0	0	0	8	0	183908	4601027	2087665	5808668	5387467	8297
grid-carry-k2-w1-n128	Local	true	155	7	7	0	0	0	19	11	11	22	41356	6	6	2	144	394	135	3	0	4	4	4	0	0	0	0	8	0	183900	4600787	2087663	5808666	5387465	8385
grid-carry-k2-w1-n128	Cached	true	155	7	3	4	3	3	19	11	11	22	41346	6	6	2	138	394	135	3	0	4	4	4	0	0	0	0	8	0	183868	4599006	2087664	5811995	5391067	8479
grid-carry-k2-w8-n0	General	true	83	35	35	0	0	0	75	78	39	22	223	6	6	2	44	10	35	3	0	4	4	4	0	0	0	0	8	0	2031	141161	5044	17674	10702	153
grid-carry-k2-w8-n0	Local	true	83	35	35	0	0	0	75	39	39	22	223	6	6	2	44	10	35	3	0	4	4	4	0	0	0	0	8	0	1995	140849	5042	17672	10700	100
grid-carry-k2-w8-n0	Cached	true	83	35	10	25	10	10	75	39	39	22	171	6	6	2	17	10	35	3	0	4	4	4	0	0	0	0	8	0	1480	113875	5043	28106	24865	100
grid-carry-k2-w8-n16	General	true	99	35	35	0	0	0	75	718	39	22	903	6	6	2	60	58	51	3	0	4	4	4	0	0	0	0	8	0	5266	229684	45182	121473	110872	285
grid-carry-k2-w8-n16	Local	true	99	35	35	0	0	0	75	39	39	22	903	6	6	2	60	58	51	3	0	4	4	4	0	0	0	0	8	0	5230	228772	45180	121471	110870	232
grid-carry-k2-w8-n16	Cached	true	99	35	10	25	10	10	75	39	39	22	851	6	6	2	33	58	51	3	0	4	4	4	0	0	0	0	8	0	4715	201798	45181	135363	125035	257
grid-carry-k2-w8-n128	General	true	211	35	35	0	0	0	75	5198	39	22	41503	6	6	2	172	394	163	3	0	4	4	4	0	0	0	0	8	0	185546	4702940	2088008	5809011	5387810	8957
grid-carry-k2-w8-n128	Local	true	211	35	35	0	0	0	75	39	39	22	41503	6	6	2	172	394	163	3	0	4	4	4	0	0	0	0	8	0	185510	4702028	2088006	5809009	5387808	8834
grid-carry-k2-w8-n128	Cached	true	211	35	10	25	10	10	75	39	39	22	41451	6	6	2	145	394	163	3	0	4	4	4	0	0	0	0	8	0	184995	4675054	2088007	5822901	5401973	9288
grid-carry-k2-w64-n0	General	true	531	259	259	0	0	0	523	526	263	22	1399	6	6	2	268	10	259	3	0	4	4	4	0	0	0	0	8	0	71583	2335857	7790	39628	13448	3930
grid-carry-k2-w64-n0	Local	true	531	259	259	0	0	0	523	263	263	22	1399	6	6	2	268	10	259	3	0	4	4	4	0	0	0	0	8	0	71323	2333753	7788	39626	13446	3641
grid-carry-k2-w64-n0	Cached	true	531	259	66	193	66	66	523	263	263	22	1011	6	6	2	73	10	259	3	0	4	4	4	0	0	0	0	8	0	49313	1678047	7789	293220	289979	2583
grid-carry-k2-w64-n16	General	true	547	259	259	0	0	0	523	4750	263	22	2079	6	6	2	284	58	275	3	0	4	4	4	0	0	0	0	8	0	74818	2427964	47928	124219	113618	3728
grid-carry-k2-w64-n16	Local	true	547	259	259	0	0	0	523	263	263	22	2079	6	6	2	284	58	275	3	0	4	4	4	0	0	0	0	8	0	74558	2421676	47926	124217	113616	3775
grid-carry-k2-w64-n16	Cached	true	547	259	66	193	66	66	523	263	263	22	1691	6	6	2	89	58	275	3	0	4	4	4	0	0	0	0	8	0	52548	1765970	47927	400477	390149	2936
grid-carry-k2-w64-n128	General	true	659	259	259	0	0	0	523	34318	263	22	42679	6	6	2	396	394	387	3	0	4	4	4	0	0	0	0	8	0	255098	6901220	2090754	5811757	5390556	11857
grid-carry-k2-w64-n128	Local	true	659	259	259	0	0	0	523	263	263	22	42679	6	6	2	396	394	387	3	0	4	4	4	0	0	0	0	8	0	254838	6894932	2090752	5811755	5390554	13110
grid-carry-k2-w64-n128	Cached	true	659	259	66	193	66	66	523	263	263	22	42291	6	6	2	201	394	387	3	0	4	4	4	0	0	0	0	8	0	232828	6239226	2090753	6088015	5667087	12043
grid-carry-k2-w256-n0	General	true	2067	1027	1027	0	0	0	2059	2062	1031	22	5431	6	6	2	1036	10	1027	3	0	4	4	4	0	0	0	0	8	0	1071903	28526001	17200	114894	22858	52603
grid-carry-k2-w256-n0	Local	true	2067	1027	1027	0	0	0	2059	1031	1031	22	5431	6	6	2	1036	10	1027	3	0	4	4	4	0	0	0	0	8	0	1070875	28517753	17198	114892	22856	52477
grid-carry-k2-w256-n0	Cached	true	2067	1027	258	769	258	258	2059	1031	1031	22	3891	6	6	2	265	10	1027	3	0	4	4	4	0	0	0	0	8	0	737090	19874751	17199	3536678	3533437	36625
grid-carry-k2-w256-n16	General	true	2083	1027	1027	0	0	0	2059	18574	1031	22	6111	6	6	2	1052	58	1043	3	0	4	4	4	0	0	0	0	8	0	1075138	28630396	57338	165844	123028	48491
grid-carry-k2-w256-n16	Local	true	2083	1027	1027	0	0	0	2059	1031	1031	22	6111	6	6	2	1052	58	1043	3	0	4	4	4	0	0	0	0	8	0	1074110	28605676	57336	165842	123026	51011
grid-carry-k2-w256-n16	Cached	true	2083	1027	258	769	258	258	2059	1031	1031	22	4571	6	6	2	281	58	1043	3	0	4	4	4	0	0	0	0	8	0	740325	19962674	57337	3643935	3633607	37913
grid-carry-k2-w256-n128	General	true	2195	1027	1027	0	0	0	2059	134158	1031	22	46711	6	6	2	1164	394	1155	3	0	4	4	4	0	0	0	0	8	0	1255418	33103652	2100164	5821167	5399966	54440
grid-carry-k2-w256-n128	Local	true	2195	1027	1027	0	0	0	2059	1031	1031	22	46711	6	6	2	1164	394	1155	3	0	4	4	4	0	0	0	0	8	0	1254390	33078932	2100162	5821165	5399964	57779
grid-carry-k2-w256-n128	Cached	true	2195	1027	258	769	258	258	2059	1031	1031	22	45171	6	6	2	393	394	1155	3	0	4	4	4	0	0	0	0	8	0	920605	24435930	2100163	9331473	8910545	41276
grid-carry-k4-w0-n0	General	true	81	15	15	0	0	0	47	62	31	158	281	30	30	4	50	128	5	15	0	16	16	16	0	0	0	0	208	0	1321	130237	16284	46010	43718	116
grid-carry-k4-w0-n0	Local	true	81	15	15	0	0	0	47	31	31	158	281	30	30	4	50	128	5	15	0	16	16	16	0	0	0	0	208	0	1305	129989	16282	46008	43716	154
grid-carry-k4-w0-n0	Cached	true	81	15	4	11	4	4	47	31	31	158	237	30	30	4	17	128	5	15	0	16	16	16	0	0	0	0	208	0	1244	122391	16283	50433	48141	110
grid-carry-k4-w0-n16	General	true	97	15	15	0	0	0	47	574	31	158	2593	30	30	4	66	368	21	15	0	16	16	16	0	0	0	0	208	0	11528	409108	154294	432555	421856	816
grid-carry-k4-w0-n16	Local	true	97	15	15	0	0	0	47	31	31	158	2593	30	30	4	66	368	21	15	0	16	16	16	0	0	0	0	208	0	11512	408484	154292	432553	421854	729
grid-carry-k4-w0-n16	Cached	true	97	15	4	11	4	4	47	31	31	158	2549	30	30	4	33	368	21	15	0	16	16	16	0	0	0	0	208	0	11451	400886	154293	436978	426279	740
grid-carry-k4-w0-n128	General	true	209	15	15	0	0	0	47	4158	31	158	140633	30	30	4	178	2048	133	15	0	16	16	16	0	0	0	0	208	0	584472	14628476	7112800	20738109	20316810	27977
grid-carry-k4-w0-n128	Local	true	209	15	15	0	0	0	47	31	31	158	140633	30	30	4	178	2048	133	15	0	16	16	16	0	0	0	0	208	0	584456	14627852	7112798	20738107	20316808	28552
grid-carry-k4-w0-n128	Cached	true	209	15	4	11	4	4	47	31	31	158	140589	30	30	4	145	2048	133	15	0	16	16	16	0	0	0	0	208	0	584395	14620254	7112799	20742532	20321233	29502
grid-carry-k4-w1-n0	General	true	113	31	31	0	0	0	79	94	47	158	362	30	30	4	66	128	21	15	0	16	16	16	0	0	0	0	208	0	1727	181376	16333	50609	43767	155
grid-carry-k4-w1-n0	Local	true	113	31	31	0	0	0	79	47	47	158	362	30	30	4	66	128	21	15	0	16	16	16	0	0	0	0	208	0	1695	181000	16331	50607	43765	195
grid-carry-k4-w1-n0	Cached	true	113	31	5	26	5	5	79	47	47	158	288	30	30	4	18	128	21	15	0	16	16	16	0	0	0	0	208	0	1473	154595	16332	51422	49499	177
grid-carry-k4-w1-n16	General	true	129	31	31	0	0	0	79	862	47	158	2674	30	30	4	82	368	37	15	0	16	16	16	0	0	0	0	208	0	11934	460503	154343	432604	421905	790
grid-carry-k4-w1-n16	Local	true	129	31	31	0	0	0	79	47	47	158	2674	30	30	4	82	368	37	15	0	16	16	16	0	0	0	0	208	0	11902	459495	154341	432602	421903	725
grid-carry-k4-w1-n16	Cached	true	129	31	5	26	5	5	79	47	47	158	2600	30	30	4	34	368	37	15	0	16	16	16	0	0	0	0	208	0	11680	433090	154342	437967	427637	784
grid-carry-k4-w1-n128	General	true	241	31	31	0	0	0	79	6238	47	158	140714	30	30	4	194	2048	149	15	0	16	16	16	0	0	0	0	208	0	584878	14679871	7112849	20738158	20316859	30668
grid-carry-k4-w1-n128	Local	true	241	31	31	0	0	0	79	47	47	158	140714	30	30	4	194	2048	149	15	0	16	16	16	0	0	0	0	208	0	584846	14678863	7112847	20738156	20316857	30812
grid-carry-k4-w1-n128	Cached	true	241	31	5	26	5	5	79	47	47	158	140640	30	30	4	146	2048	149	15	0	16	16	16	0	0	0	0	208	0	584624	14652458	7112848	20743521	20322591	29107
grid-carry-k4-w8-n0	General	true	337	143	143	0	0	0	303	318	159	158	929	30	30	4	178	128	133	15	0	16	16	16	0	0	0	0	208	0	8153	627157	16676	57622	44110	579
grid-carry-k4-w8-n0	Local	true	337	143	143	0	0	0	303	159	159	158	929	30	30	4	178	128	133	15	0	16	16	16	0	0	0	0	208	0	8009	625885	16674	57620	44108	417
grid-carry-k4-w8-n0	Cached	true	337	143	12	131	12	12	303	159	159	158	645	30	30	4	25	128	133	15	0	16	16	16	0	0	0	0	208	0	5038	429227	16675	64856	62933	408
grid-carry-k4-w8-n16	General	true	353	143	143	0	0	0	303	2878	159	158	3241	30	30	4	194	368	149	15	0	16	16	16	0	0	0	0	208	0	18360	908076	154686	432947	422248	1202
grid-carry-k4-w8-n16	Local	true	353	143	143	0	0	0	303	159	159	158	3241	30	30	4	194	368	149	15	0	16	16	16	0	0	0	0	208	0	18216	904380	154684	432945	422246	1256
grid-carry-k4-w8-n16	Cached	true	353	143	12	131	12	12	303	159	159	158	2957	30	30	4	41	368	149	15	0	16	16	16	0	0	0	0	208	0	15245	707722	154685	451401	441071	824
grid-carry-k4-w8-n128	General	true	465	143	143	0	0	0	303	20798	159	158	141281	30	30	4	306	2048	261	15	0	16	16	16	0	0	0	0	208	0	591304	15127444	7113192	20738501	20317202	29130
grid-carry-k4-w8-n128	Local	true	465	143	143	0	0	0	303	159	159	158	141281	30	30	4	306	2048	261	15	0	16	16	16	0	0	0	0	208	0	591160	15123748	7113190	20738499	20317200	31390
grid-carry-k4-w8-n128	Cached	true	465	143	12	131	12	12	303	159	159	158	140997	30	30	4	153	2048	261	15	0	16	16	16	0	0	0	0	208	0	588189	14927090	7113191	20756955	20336025	27067
grid-carry-k4-w64-n0	General	true	2129	1039	1039	0	0	0	2095	2110	1055	158	5465	30	30	4	1074	128	1029	15	0	16	16	16	0	0	0	0	208	0	285353	9725309	19422	112504	46856	14538
grid-carry-k4-w64-n0	Local	true	2129	1039	1039	0	0	0	2095	1055	1055	158	5465	30	30	4	1074	128	1029	15	0	16	16	16	0	0	0	0	208	0	284313	9716869	19420	112502	46854	12110
grid-carry-k4-w64-n0	Cached	true	2129	1039	68	971	68	68	2095	1055	1055	158	3501	30	30	4	81	128	1029	15	0	16	16	16	0	0	0	0	208	0	157030	5646423	19421	340082	338159	7130
grid-carry-k4-w64-n16	General	true	2145	1039	1039	0	0	0	2095	19006	1055	158	7777	30	30	4	1090	368	1045	15	0	16	16	16	0	0	0	0	208	0	295560	10020564	157432	435693	424994	15809
grid-carry-k4-w64-n16	Local	true	2145	1039	1039	0	0	0	2095	1055	1055	158	7777	30	30	4	1090	368	1045	15	0	16	16	16	0	0	0	0	208	0	294520	9995364	157430	435691	424992	17580
grid-carry-k4-w64-n16	Cached	true	2145	1039	68	971	68	68	2095	1055	1055	158	5813	30	30	4	97	368	1045	15	0	16	16	16	0	0	0	0	208	0	167237	5924918	157431	726627	716297	8840
grid-carry-k4-w64-n128	General	true	2257	1039	1039	0	0	0	2095	137278	1055	158	145817	30	30	4	1202	2048	1157	15	0	16	16	16	0	0	0	0	208	0	868504	24239932	7115938	20741247	20319948	50181
grid-carry-k4-w64-n128	Local	true	2257	1039	1039	0	0	0	2095	1055	1055	158	145817	30	30	4	1202	2048	1157	15	0	16	16	16	0	0	0	0	208	0	867464	24214732	7115936	20741245	20319946	43400
grid-carry-k4-w64-n128	Cached	true	2257	1039	68	971	68	68	2095	1055	1055	158	143853	30	30	4	209	2048	1157	15	0	16	16	16	0	0	0	0	208	0	740181	20144286	7115937	21032181	20611251	33709
grid-carry-k4-w256-n0	General	true	8273	4111	4111	0	0	0	8239	8254	4127	158	21017	30	30	4	4146	128	4101	15	0	16	16	16	0	0	0	0	208	0	4283177	115580861	28832	300666	56266	202021
grid-carry-k4-w256-n0	Local	true	8273	4111	4111	0	0	0	8239	4127	4127	158	21017	30	30	4	4146	128	4101	15	0	16	16	16	0	0	0	0	208	0	4279065	115547845	28830	300664	56264	207025
grid-carry-k4-w256-n0	Cached	true	8273	4111	260	3851	260	260	8239	4127	4127	158	13293	30	30	4	273	128	4101	15	0	16	16	16	0	0	0	0	208	0	2344710	64367639	28831	3619860	3617937	114312
grid-carry-k4-w256-n16	General	true	8289	4111	4111	0	0	0	8239	74302	4127	158	23329	30	30	4	4162	368	4117	15	0	16	16	16	0	0	0	0	208	0	4293384	115925268	166842	457660	434404	196519
grid-carry-k4-w256-n16	Local	true	8289	4111	4111	0	0	0	8239	4127	4127	158	23329	30	30	4	4162	368	4117	15	0	16	16	16	0	0	0	0	208	0	4289272	115826340	166840	457658	434402	194400
grid-carry-k4-w256-n16	Cached	true	8289	4111	260	3851	260	260	8239	4127	4127	158	15605	30	30	4	289	368	4117	15	0	16	16	16	0	0	0	0	208	0	2354917	64646134	166841	4006405	3996075	111212
grid-carry-k4-w256-n128	General	true	8401	4111	4111	0	0	0	8239	536638	4127	158	161369	30	30	4	4274	2048	4229	15	0	16	16	16	0	0	0	0	208	0	4866328	130144636	7125348	20750657	20329358	270820
grid-carry-k4-w256-n128	Local	true	8401	4111	4111	0	0	0	8239	4127	4127	158	161369	30	30	4	4274	2048	4229	15	0	16	16	16	0	0	0	0	208	0	4862216	130045708	7125346	20750655	20329356	272082
grid-carry-k4-w256-n128	Cached	true	8401	4111	260	3851	260	260	8239	4127	4127	158	153645	30	30	4	401	2048	4229	15	0	16	16	16	0	0	0	0	208	0	2927861	78865502	7125347	24311959	23891029	183529
grid-carry-k8-w0-n0	General	true	1285	255	255	0	0	0	767	1022	511	4606	6421	510	510	8	774	5116	9	255	0	256	256	256	0	0	0	0	64256	0	29309	2406557	353780	1033980	1031726	3068
grid-carry-k8-w0-n0	Local	true	1285	255	255	0	0	0	767	511	511	4606	6421	510	510	8	774	5116	9	255	0	256	256	256	0	0	0	0	64256	0	29053	2402469	353778	1033978	1031724	3261
grid-carry-k8-w0-n0	Cached	true	1285	255	8	247	8	8	767	511	511	4606	5433	510	510	8	33	5116	9	255	0	256	256	256	0	0	0	0	64256	0	27580	2168479	353779	1042283	1040029	2122
grid-carry-k8-w0-n16	General	true	1301	255	255	0	0	0	767	9214	511	4606	41373	510	510	8	790	9196	25	255	0	256	256	256	0	0	0	0	64256	0	178956	6502628	2448270	6979159	6968264	14954
grid-carry-k8-w0-n16	Local	true	1301	255	255	0	0	0	767	511	511	4606	41373	510	510	8	790	9196	25	255	0	256	256	256	0	0	0	0	64256	0	178700	6492404	2448268	6979157	6968262	13934
grid-carry-k8-w0-n16	Cached	true	1301	255	8	247	8	8	767	511	511	4606	40385	510	510	8	49	9196	25	255	0	256	256	256	0	0	0	0	64256	0	177227	6258414	2448269	6987462	6976567	10370
grid-carry-k8-w0-n128	General	true	1413	255	255	0	0	0	767	66558	511	4606	2128213	510	510	8	902	37756	137	255	0	256	256	256	0	0	0	0	64256	0	8605180	215644236	107720376	319645033	319223538	478592
grid-carry-k8-w0-n128	Local	true	1413	255	255	0	0	0	767	511	511	4606	2128213	510	510	8	902	37756	137	255	0	256	256	256	0	0	0	0	64256	0	8604924	215634012	107720374	319645031	319223536	471501
grid-carry-k8-w0-n128	Cached	true	1413	255	8	247	8	8	767	511	511	4606	2127225	510	510	8	161	37756	137	255	0	256	256	256	0	0	0	0	64256	0	8603451	215400022	107720375	319653336	319231841	475677
grid-carry-k8-w1-n0	General	true	1797	511	511	0	0	0	1279	1534	767	4606	7702	510	510	8	1030	5116	265	255	0	256	256	256	0	0	0	0	64256	0	35715	3419184	353829	1034029	1031775	2354
grid-carry-k8-w1-n0	Local	true	1797	511	511	0	0	0	1279	767	767	4606	7702	510	510	8	1030	5116	265	255	0	256	256	256	0	0	0	0	64256	0	35203	3413048	353827	1034027	1031773	3376
grid-carry-k8-w1-n0	Cached	true	1797	511	9	502	9	9	1279	767	767	4606	6204	510	510	8	34	5116	265	255	0	256	256	256	0	0	0	0	64256	0	30929	2748363	353828	1043464	1041771	3077
grid-carry-k8-w1-n16	General	true	1813	511	511	0	0	0	1279	13822	767	4606	42654	510	510	8	1046	9196	281	255	0	256	256	256	0	0	0	0	64256	0	185362	7519351	2448319	6979208	6968313	9139
grid-carry-k8-w1-n16	Local	true	1813	511	511	0	0	0	1279	767	767	4606	42654	510	510	8	1046	9196	281	255	0	256	256	256	0	0	0	0	64256	0	184850	7502983	2448317	6979206	6968311	9240
grid-carry-k8-w1-n16	Cached	true	1813	511	9	502	9	9	1279	767	767	4606	41156	510	510	8	50	9196	281	255	0	256	256	256	0	0	0	0	64256	0	180576	6838298	2448318	6988643	6978309	11384
grid-carry-k8-w1-n128	General	true	1925	511	511	0	0	0	1279	99838	767	4606	2129494	510	510	8	1158	37756	393	255	0	256	256	256	0	0	0	0	64256	0	8611586	216660959	107720425	319645082	319223587	422352
grid-carry-k8-w1-n128	Local	true	1925	511	511	0	0	0	1279	767	767	4606	2129494	510	510	8	1158	37756	393	255	0	256	256	256	0	0	0	0	64256	0	8611074	216644591	107720423	319645080	319223585	444081
grid-carry-k8-w1-n128	Cached	true	1925	511	9	502	9	9	1279	767	767	4606	2127996	510	510	8	162	37756	393	255	0	256	256	256	0	0	0	0	64256	0	8606800	215979906	107720424	319654517	319233583	427574
grid-carry-k8-w8-n0	General	true	5381	2303	2303	0	0	0	4863	5118	2559	4606	16669	510	510	8	2822	5116	2057	255	0	256	256	256	0	0	0	0	64256	0	137901	11912501	354172	1034372	1032118	7693
grid-carry-k8-w8-n0	Local	true	5381	2303	2303	0	0	0	4863	2559	2559	4606	16669	510	510	8	2822	5116	2057	255	0	256	256	256	0	0	0	0	64256	0	135597	11892029	354170	1034370	1032116	6880
grid-carry-k8-w8-n0	Cached	true	5381	2303	16	2287	16	16	4863	2559	2559	4606	11601	510	510	8	41	5116	2057	255	0	256	256	256	0	0	0	0	64256	0	83214	7515315	354171	1059586	1057893	4529
grid-carry-k8-w8-n16	General	true	5397	2303	2303	0	0	0	4863	46078	2559	4606	51621	510	510	8	2838	9196	2073	255	0	256	256	256	0	0	0	0	64256	0	287548	16041340	2448662	6979551	6968656	14049
grid-carry-k8-w8-n16	Local	true	5397	2303	2303	0	0	0	4863	2559	2559	4606	51621	510	510	8	2838	9196	2073	255	0	256	256	256	0	0	0	0	64256	0	285244	15981964	2448660	6979549	6968654	13703
grid-carry-k8-w8-n16	Cached	true	5397	2303	16	2287	16	16	4863	2559	2559	4606	46553	510	510	8	57	9196	2073	255	0	256	256	256	0	0	0	0	64256	0	232861	11605250	2448661	7004765	6994431	11470
grid-carry-k8-w8-n128	General	true	5509	2303	2303	0	0	0	4863	332798	2559	4606	2138461	510	510	8	2950	37756	2185	255	0	256	256	256	0	0	0	0	64256	0	8713772	225182948	107720768	319645425	319223930	472947
grid-carry-k8-w8-n128	Local	true	5509	2303	2303	0	0	0	4863	2559	2559	4606	2138461	510	510	8	2950	37756	2185	255	0	256	256	256	0	0	0	0	64256	0	8711468	225123572	107720766	319645423	319223928	470012
grid-carry-k8-w8-n128	Cached	true	5509	2303	16	2287	16	16	4863	2559	2559	4606	2133393	510	510	8	169	37756	2185	255	0	256	256	256	0	0	0	0	64256	0	8659085	220746858	107720767	319670639	319249705	441607
grid-carry-k8-w64-n0	General	true	34053	16639	16639	0	0	0	33535	33790	16895	4606	88405	510	510	8	17158	5116	16393	255	0	256	256	256	0	0	0	0	64256	0	4568061	168369501	356918	1709008	1034864	219087
grid-carry-k8-w64-n0	Local	true	34053	16639	16639	0	0	0	33535	16895	16895	4606	88405	510	510	8	17158	5116	16393	255	0	256	256	256	0	0	0	0	64256	0	4551421	168234341	356916	1709006	1034862	220186
grid-carry-k8-w64-n0	Cached	true	34053	16639	72	16567	72	72	33535	16895	16895	4606	54777	510	510	8	97	5116	16393	255	0	256	256	256	0	0	0	0	64256	0	2318406	90160351	356917	1356316	1354623	111702
grid-carry-k8-w64-n16	General	true	34069	16639	16639	0	0	0	33535	304126	16895	4606	123357	510	510	8	17174	9196	16409	255	0	256	256	256	0	0	0	0	64256	0	4717708	172727716	2451408	6982297	6971402	222974
grid-carry-k8-w64-n16	Local	true	34069	16639	16639	0	0	0	33535	16895	16895	4606	123357	510	510	8	17174	9196	16409	255	0	256	256	256	0	0	0	0	64256	0	4701068	172324276	2451406	6982295	6971400	217363
grid-carry-k8-w64-n16	Cached	true	34069	16639	72	16567	72	72	33535	16895	16895	4606	89729	510	510	8	113	9196	16409	255	0	256	256	256	0	0	0	0	64256	0	2468053	94250286	2451407	7301495	7291161	119602
grid-carry-k8-w64-n128	General	true	34181	16639	16639	0	0	0	33535	2196478	16895	4606	2210197	510	510	8	17286	37756	16521	255	0	256	256	256	0	0	0	0	64256	0	13143932	381869324	107723514	319648171	319226676	649460
grid-carry-k8-w64-n128	Local	true	34181	16639	16639	0	0	0	33535	16895	16895	4606	2210197	510	510	8	17286	37756	16521	255	0	256	256	256	0	0	0	0	64256	0	13127292	381465884	107723512	319648169	319226674	671762
grid-carry-k8-w64-n128	Cached	true	34181	16639	72	16567	72	72	33535	16895	16895	4606	2176569	510	510	8	225	37756	16521	255	0	256	256	256	0	0	0	0	64256	0	10894277	303391894	107723513	319967369	319546435	528369
grid-carry-k8-w256-n0	General	true	132357	65791	65791	0	0	0	131839	132094	66047	4606	334357	510	510	8	66310	5116	65545	255	0	256	256	256	0	0	0	0	64256	0	68515965	1899383709	366328	4155090	1044274	3405495
grid-carry-k8-w256-n0	Local	true	132357	65791	65791	0	0	0	131839	66047	66047	4606	334357	510	510	8	66310	5116	65545	255	0	256	256	256	0	0	0	0	64256	0	68450173	1898855333	366326	4155088	1044272	3397801
grid-carry-k8-w256-n0	Cached	true	132357	65791	264	65527	264	264	131839	66047	66047	4606	202809	510	510	8	289	5116	65545	255	0	256	256	256	0	0	0	0	64256	0	34504167	974313151	366327	4710366	4708673	1757746
grid-carry-k8-w256-n16	General	true	132373	65791	65791	0	0	0	131839	1188862	66047	4606	369309	510	510	8	66326	9196	65561	255	0	256	256	256	0	0	0	0	64256	0	68665612	1904528356	2460818	6991707	6980812	3391194
grid-carry-k8-w256-n16	Local	true	132373	65791	65791	0	0	0	131839	66047	66047	4606	369309	510	510	8	66326	9196	65561	255	0	256	256	256	0	0	0	0	64256	0	68599820	1902945268	2460816	6991705	6980810	3458086
grid-carry-k8-w256-n16	Cached	true	132373	65791	264	65527	264	264	131839	66047	66047	4606	237761	510	510	8	305	9196	65561	255	0	256	256	256	0	0	0	0	64256	0	34653814	978403086	2460817	10655545	10645211	1679371
grid-carry-k8-w256-n128	General	true	132485	65791	65791	0	0	0	131839	8586238	66047	4606	2456149	510	510	8	66438	37756	65673	255	0	256	256	256	0	0	0	0	64256	0	77091836	2113669964	107732924	319657581	319236086	3919936
grid-carry-k8-w256-n128	Local	true	132485	65791	65791	0	0	0	131839	66047	66047	4606	2456149	510	510	8	66438	37756	65673	255	0	256	256	256	0	0	0	0	64256	0	77026044	2112086876	107732922	319657579	319236084	3889020
grid-carry-k8-w256-n128	Cached	true	132485	65791	264	65527	264	264	131839	66047	66047	4606	2324601	510	510	8	417	37756	65673	255	0	256	256	256	0	0	0	0	64256	0	43080038	1187544694	107732923	323321419	322900485	2113174
discriminate-k1-w1-n0	General	true	12	3	3	0	0	0	12	13	8	7	45	2	2	1	7	1	4	1	0	2	2	2	0	0	0	0	1	0	205	17079	4105	11191	7983	32
discriminate-k1-w1-n0	Local	true	12	3	3	0	0	0	12	8	8	7	45	2	2	1	7	1	4	1	0	2	2	2	0	0	0	0	1	0	201	17039	4103	11189	7981	26
discriminate-k1-w1-n0	Cached	true	12	3	3	0	3	3	12	8	8	7	45	2	2	1	7	1	4	1	0	2	2	2	0	0	0	0	1	0	207	19481	4104	13970	11438	25
discriminate-k1-w1-n16	General	true	28	3	3	0	0	0	12	157	8	7	453	2	2	1	23	17	20	1	0	2	2	2	0	0	0	0	1	0	2278	73336	27891	72338	61785	134
discriminate-k1-w1-n16	Local	true	28	3	3	0	0	0	12	8	8	7	453	2	2	1	23	17	20	1	0	2	2	2	0	0	0	0	1	0	2274	73200	27889	72336	61783	152
discriminate-k1-w1-n16	Cached	true	28	3	3	0	3	3	12	8	8	7	453	2	2	1	23	17	20	1	0	2	2	2	0	0	0	0	1	0	2280	75642	27890	75567	65240	128
discriminate-k1-w8-n0	General	true	40	17	17	0	0	0	47	48	29	7	164	2	2	1	21	1	18	1	0	2	2	2	0	0	0	0	1	0	989	63601	4448	13249	8326	45
discriminate-k1-w8-n0	Local	true	40	17	17	0	0	0	47	29	29	7	164	2	2	1	21	1	18	1	0	2	2	2	0	0	0	0	1	0	971	63449	4446	13247	8324	61
discriminate-k1-w8-n0	Cached	true	40	17	17	0	17	17	47	29	29	7	164	2	2	1	21	1	18	1	0	2	2	2	0	0	0	0	1	0	1119	78681	4447	34317	32047	81
discriminate-k1-w8-n16	General	true	56	17	17	0	0	0	47	528	29	7	572	2	2	1	37	17	34	1	0	2	2	2	0	0	0	0	1	0	3062	120138	28234	72681	62128	114
discriminate-k1-w8-n16	Local	true	56	17	17	0	0	0	47	29	29	7	572	2	2	1	37	17	34	1	0	2	2	2	0	0	0	0	1	0	3044	119610	28232	72679	62126	172
discriminate-k1-w8-n16	Cached	true	56	17	17	0	17	17	47	29	29	7	572	2	2	1	37	17	34	1	0	2	2	2	0	0	0	0	1	0	3192	134842	28233	96176	85849	170
discriminate-k1-w64-n0	General	true	264	129	129	0	0	0	327	328	197	7	1116	2	2	1	133	1	130	1	0	2	2	2	0	0	0	0	1	0	35485	1127265	7194	29715	11072	1785
discriminate-k1-w64-n0	Local	true	264	129	129	0	0	0	327	197	197	7	1116	2	2	1	133	1	130	1	0	2	2	2	0	0	0	0	1	0	35355	1126217	7192	29713	11070	1764
discriminate-k1-w64-n0	Cached	true	264	129	129	0	129	129	327	197	197	7	1116	2	2	1	133	1	130	1	0	2	2	2	0	0	0	0	1	0	43697	1417153	7193	545447	543177	2158
discriminate-k1-w64-n16	General	true	280	129	129	0	0	0	327	3496	197	7	1524	2	2	1	149	17	146	1	0	2	2	2	0	0	0	0	1	0	37558	1186042	30980	75427	64874	1654
discriminate-k1-w64-n16	Local	true	280	129	129	0	0	0	327	197	197	7	1524	2	2	1	149	17	146	1	0	2	2	2	0	0	0	0	1	0	37428	1182378	30978	75425	64872	1929
discriminate-k1-w64-n16	Cached	true	280	129	129	0	129	129	327	197	197	7	1524	2	2	1	149	17	146	1	0	2	2	2	0	0	0	0	1	0	45770	1473314	30979	607306	596979	2097
discriminate-k2-w1-n0	General	true	27	7	7	0	0	0	37	40	29	30	142	6	6	2	16	10	7	3	0	4	4	4	0	0	0	0	8	0	457	38130	7585	19869	15547	39
discriminate-k2-w1-n0	Local	true	27	7	7	0	0	0	37	29	29	30	142	6	6	2	16	10	7	3	0	4	4	4	0	0	0	0	8	0	449	38042	7583	19867	15545	41
discriminate-k2-w1-n0	Cached	true	27	7	6	1	6	6	37	29	29	30	138	6	6	2	13	10	7	3	0	4	4	4	0	0	0	0	8	0	454	41412	7584	25220	22110	31
discriminate-k2-w1-n16	General	true	43	7	7	0	0	0	37	520	29	30	822	6	6	2	32	58	23	3	0	4	4	4	0	0	0	0	8	0	3692	126349	47723	126320	115717	190
discriminate-k2-w1-n16	Local	true	43	7	7	0	0	0	37	29	29	30	822	6	6	2	32	58	23	3	0	4	4	4	0	0	0	0	8	0	3684	125965	47721	126318	115715	146
discriminate-k2-w1-n16	Cached	true	43	7	6	1	6	6	37	29	29	30	818	6	6	2	29	58	23	3	0	4	4	4	0	0	0	0	8	0	3689	129335	47722	132608	122280	188
discriminate-k2-w8-n0	General	true	83	35	35	0	0	0	135	138	99	30	499	6	6	2	44	10	35	3	0	4	4	4	0	0	0	0	8	0	2067	131881	7928	22674	15890	127
discriminate-k2-w8-n0	Local	true	83	35	35	0	0	0	135	99	99	30	499	6	6	2	44	10	35	3	0	4	4	4	0	0	0	0	8	0	2031	131569	7926	22672	15888	126
discriminate-k2-w8-n0	Cached	true	83	35	34	1	34	34	135	99	99	30	495	6	6	2	41	10	35	3	0	4	4	4	0	0	0	0	8	0	2321	160967	7927	67915	64805	138
discriminate-k2-w8-n16	General	true	99	35	35	0	0	0	135	1738	99	30	1179	6	6	2	60	58	51	3	0	4	4	4	0	0	0	0	8	0	5302	220884	48066	126663	116060	256
discriminate-k2-w8-n16	Local	true	99	35	35	0	0	0	135	99	99	30	1179	6	6	2	60	58	51	3	0	4	4	4	0	0	0	0	8	0	5266	219492	48064	126661	116058	271
discriminate-k2-w8-n16	Cached	true	99	35	34	1	34	34	135	99	99	30	1175	6	6	2	57	58	51	3	0	4	4	4	0	0	0	0	8	0	5556	248890	48065	175303	164975	287
discriminate-k2-w64-n0	General	true	531	259	259	0	0	0	919	922	659	30	3355	6	6	2	268	10	259	3	0	4	4	4	0	0	0	0	8	0	71395	2264865	10674	44628	18636	3310
discriminate-k2-w64-n0	Local	true	531	259	259	0	0	0	919	659	659	30	3355	6	6	2	268	10	259	3	0	4	4	4	0	0	0	0	8	0	71135	2262761	10672	44626	18634	3694
discriminate-k2-w64-n0	Cached	true	531	259	258	1	258	258	919	659	659	30	3351	6	6	2	265	10	259	3	0	4	4	4	0	0	0	0	8	0	87814	2844207	10673	1099045	1095935	4682
discriminate-k2-w64-n16	General	true	547	259	259	0	0	0	919	11482	659	30	4035	6	6	2	284	58	275	3	0	4	4	4	0	0	0	0	8	0	74630	2360140	50812	129409	118806	3450
discriminate-k2-w64-n16	Local	true	547	259	259	0	0	0	919	659	659	30	4035	6	6	2	284	58	275	3	0	4	4	4	0	0	0	0	8	0	74370	2350684	50810	129407	118804	3749
discriminate-k2-w64-n16	Cached	true	547	259	258	1	258	258	919	659	659	30	4031	6	6	2	281	58	275	3	0	4	4	4	0	0	0	0	8	0	91049	2932130	50811	1206433	1196105	4490
discriminate-k4-w1-n0	General	true	113	31	31	0	0	0	439	454	407	366	1538	30	30	4	66	128	21	15	0	16	16	16	0	0	0	0	208	0	2681	177678	33063	81249	74343	196
discriminate-k4-w1-n0	Local	true	113	31	31	0	0	0	439	407	407	366	1538	30	30	4	66	128	21	15	0	16	16	16	0	0	0	0	208	0	2649	177302	33061	81247	74341	174
discriminate-k4-w1-n0	Cached	true	113	31	20	11	20	20	439	407	407	366	1494	30	30	4	33	128	21	15	0	16	16	16	0	0	0	0	208	0	2623	181560	33062	100305	98382	181
discriminate-k4-w1-n16	General	true	129	31	31	0	0	0	439	6982	407	366	3850	30	30	4	82	368	37	15	0	16	16	16	0	0	0	0	208	0	12888	459685	171073	463184	452481	892
discriminate-k4-w1-n16	Local	true	129	31	31	0	0	0	439	407	407	366	3850	30	30	4	82	368	37	15	0	16	16	16	0	0	0	0	208	0	12856	455797	171071	463182	452479	853
discriminate-k4-w1-n16	Cached	true	129	31	20	11	20	20	439	407	407	366	3806	30	30	4	49	368	37	15	0	16	16	16	0	0	0	0	208	0	12830	460055	171072	486850	476520	810
discriminate-k4-w8-n0	General	true	337	143	143	0	0	0	1503	1518	1359	366	5297	30	30	4	178	128	133	15	0	16	16	16	0	0	0	0	208	0	10563	569307	33406	87876	74686	604
discriminate-k4-w8-n0	Local	true	337	143	143	0	0	0	1503	1359	1359	366	5297	30	30	4	178	128	133	15	0	16	16	16	0	0	0	0	208	0	10419	568035	33404	87874	74684	600
discriminate-k4-w8-n0	Cached	true	337	143	132	11	132	132	1503	1359	1359	366	5253	30	30	4	145	128	133	15	0	16	16	16	0	0	0	0	208	0	11531	675125	33405	279752	277829	688
discriminate-k4-w8-n16	General	true	353	143	143	0	0	0	1503	23278	1359	366	7609	30	30	4	194	368	149	15	0	16	16	16	0	0	0	0	208	0	20770	859826	171416	463527	452824	870
discriminate-k4-w8-n16	Local	true	353	143	143	0	0	0	1503	1359	1359	366	7609	30	30	4	194	368	149	15	0	16	16	16	0	0	0	0	208	0	20626	846530	171414	463525	452822	1274
discriminate-k4-w8-n16	Cached	true	353	143	132	11	132	132	1503	1359	1359	366	7565	30	30	4	161	368	149	15	0	16	16	16	0	0	0	0	208	0	21738	953620	171415	666297	655967	1443
discriminate-k4-w64-n0	General	true	2129	1039	1039	0	0	0	10015	10030	8975	366	35369	30	30	4	1074	128	1029	15	0	16	16	16	0	0	0	0	208	0	299411	9234243	36152	142758	77432	11980
discriminate-k4-w64-n0	Local	true	2129	1039	1039	0	0	0	10015	8975	8975	366	35369	30	30	4	1074	128	1029	15	0	16	16	16	0	0	0	0	208	0	298371	9225803	36150	142756	77430	13047
discriminate-k4-w64-n0	Cached	true	2129	1039	1028	11	1028	1028	10015	8975	8975	366	35325	30	30	4	1041	128	1029	15	0	16	16	16	0	0	0	0	208	0	365041	11542365	36151	4485122	4483199	18536
discriminate-k4-w64-n16	General	true	2145	1039	1039	0	0	0	10015	153646	8975	366	37681	30	30	4	1090	368	1045	15	0	16	16	16	0	0	0	0	208	0	309618	9592858	174162	466273	455570	16075
discriminate-k4-w64-n16	Local	true	2145	1039	1039	0	0	0	10015	8975	8975	366	37681	30	30	4	1090	368	1045	15	0	16	16	16	0	0	0	0	208	0	308578	9504298	174160	466271	455568	13001
discriminate-k4-w64-n16	Cached	true	2145	1039	1028	11	1028	1028	10015	8975	8975	366	37637	30	30	4	1057	368	1045	15	0	16	16	16	0	0	0	0	208	0	375248	11820860	174161	4871667	4861337	16991
