case	mode	pass	steps	pairs	root_reads	output_root_reads	absence_visits	occurs_visits	splits	copied_entries	completed_regions	failed_regions	eager_projection_visits	output_projection_visits	eager_nodes	bindings	raw	answers	max_frontier	retained_regions	observer_pairs	observer_scans	observer_backtracks	allocation_calls	construct_requested	solve_requested	observe_requested	requested_bytes	baseline_live	peak_live	final_live	construct_us	solve_us	observe_us
opaque-k0-w0	Eager	true	2	1	4	2	1	0	0	0	1	0	2	1	2	1	1	1	1	1	0	0	0	23	155	1139	857	2151	998	2605	2277	1	4	1
opaque-k0-w0	Named	true	2	1	2	2	1	0	0	0	1	0	0	1	0	1	1	1	1	1	0	0	0	20	155	1008	857	2020	998	2538	2210	0	3	2
opaque-k0-w1	Eager	true	2	1	5	3	2	0	0	0	1	0	3	2	3	1	1	1	1	1	0	0	0	31	228	1212	906	2346	1047	2849	2521	0	4	1
opaque-k0-w1	Named	true	2	1	2	3	2	0	0	0	1	0	0	2	0	1	1	1	1	1	0	0	0	25	228	1008	906	2142	1047	2709	2381	1	4	2
opaque-k0-w8	Eager	true	2	1	12	10	9	0	0	0	1	0	10	9	10	1	1	1	1	1	0	0	0	87	739	1723	1249	3711	1390	4557	4229	1	5	4
opaque-k0-w8	Named	true	2	1	2	10	9	0	0	0	1	0	0	9	0	1	1	1	1	1	0	0	0	60	739	1008	1249	2996	1390	3906	3578	2	4	5
opaque-k0-w64	Eager	true	2	1	68	66	65	0	0	0	1	0	66	65	66	1	1	1	1	1	0	0	0	553	4827	7875	3993	16695	4135	18222	17894	9	27	11
opaque-k0-w64	Named	true	2	1	2	66	65	0	0	0	1	0	0	65	0	1	1	1	1	1	0	0	0	358	4827	3072	3993	11892	4135	13483	13155	10	9	16
opaque-k0-w256	Eager	true	2	1	260	258	257	0	0	0	1	0	258	257	258	1	1	1	1	1	0	0	0	2155	18843	29715	13401	61959	13544	65071	64743	38	96	35
opaque-k0-w256	Named	true	2	1	2	258	257	0	0	0	1	0	0	257	0	1	1	1	1	1	0	0	0	1384	18843	10896	13401	43140	13544	46316	45988	41	33	54
opaque-k1-w0	Eager	true	4	2	12	6	4	0	0	0	2	0	6	4	6	2	2	2	2	2	2	0	0	61	357	1920	1596	3873	1177	3866	3402	0	13	3
opaque-k1-w0	Named	true	2	1	2	8	4	0	0	0	1	0	0	4	0	1	2	2	1	1	2	0	0	40	357	1040	1452	2849	1177	3234	2770	0	3	3
opaque-k1-w1	Eager	true	4	2	14	8	6	0	0	0	2	0	8	6	8	2	2	2	2	2	3	0	0	74	430	2066	1694	4190	1275	4281	3817	1	4	5
opaque-k1-w1	Named	true	2	1	2	10	5	0	0	0	1	0	0	6	0	1	2	2	1	1	3	0	0	47	430	1040	1550	3020	1275	3503	3039	1	3	3
opaque-k1-w8	Eager	true	4	2	28	22	20	0	0	0	2	0	22	20	22	2	2	2	2	2	10	0	0	167	941	3392	2380	6713	1961	7186	6722	1	9	4
opaque-k1-w8	Named	true	2	1	2	24	12	0	0	0	1	0	0	20	0	1	2	2	1	1	10	0	0	98	941	1344	2236	4521	1961	5386	4922	1	6	7
opaque-k1-w64	Eager	true	4	2	140	134	132	0	0	0	2	0	134	132	134	2	2	2	2	2	66	0	0	921	5029	14464	7868	27361	7450	30427	29963	10	42	20
opaque-k1-w64	Named	true	2	1	2	136	68	0	0	0	1	0	0	132	0	1	2	2	1	1	66	0	0	507	5029	3208	7724	15961	7450	20451	19987	10	12	26
opaque-k1-w256	Eager	true	4	2	524	518	516	0	0	0	2	0	518	516	518	2	2	2	2	2	258	0	0	3515	19045	54128	26684	99857	26267	110108	109644	39	167	78
opaque-k1-w256	Named	true	2	1	2	520	260	0	0	0	1	0	0	516	0	1	2	2	1	1	258	0	0	1916	19045	10928	26540	56513	26267	72100	71636	40	35	99
opaque-k2-w0	Eager	true	8	4	32	16	12	0	0	0	4	0	16	12	16	4	4	4	4	4	14	0	0	120	559	3436	2900	6895	1633	6112	5648	0	9	9
opaque-k2-w0	Named	true	2	1	2	24	7	0	0	0	1	0	0	12	0	1	4	4	1	1	14	0	0	67	559	1040	2612	4211	1633	4348	3884	2	3	6
opaque-k2-w1	Eager	true	8	4	36	20	16	0	0	0	4	0	20	16	20	4	4	4	4	4	20	0	0	143	632	3728	3096	7456	1829	6869	6405	1	10	5
opaque-k2-w1	Named	true	2	1	2	28	8	0	0	0	1	0	0	16	0	1	4	4	1	1	20	0	0	78	632	1040	2808	4480	1829	4813	4349	1	3	6
opaque-k2-w8	Eager	true	8	4	64	48	44	0	0	0	4	0	48	44	48	4	4	4	4	4	62	0	0	306	1143	6076	4468	11687	3201	12168	11704	3	12	14
opaque-k2-w8	Named	true	2	1	2	56	15	0	0	0	1	0	0	44	0	1	4	4	1	1	62	0	0	157	1143	1344	4180	6667	3201	8068	7604	3	5	9
opaque-k2-w64	Eager	true	8	4	288	272	268	0	0	0	4	0	272	268	272	4	4	4	4	4	398	0	0	1638	5231	27388	15444	48063	14178	54561	54097	11	73	38
opaque-k2-w64	Named	true	2	1	2	280	71	0	0	0	1	0	0	268	0	1	4	4	1	1	398	0	0	790	5231	3208	15156	23595	14178	34109	33645	11	11	42
opaque-k2-w256	Eager	true	8	4	1056	1040	1036	0	0	0	4	0	1040	1036	1040	4	4	4	4	4	1550	0	0	6219	19247	103012	53076	175335	51811	199906	199442	46	290	156
opaque-k2-w256	Named	true	2	1	2	1048	263	0	0	0	1	0	0	1036	0	1	4	4	1	1	1550	0	0	2968	19247	11032	52788	83067	51811	123390	122926	48	38	191
opaque-k4-w0	Eager	true	32	16	192	96	80	0	0	0	16	0	96	80	96	16	16	16	16	16	328	0	0	527	963	18000	14664	33627	5925	25512	24616	3	27	24
opaque-k4-w0	Named	true	2	1	2	160	13	0	0	0	1	0	0	80	0	1	16	16	1	1	328	0	0	238	963	1432	13512	15907	5925	13768	12872	1	13	29
opaque-k4-w1	Eager	true	32	16	208	112	96	0	0	0	16	0	112	96	112	16	16	16	16	16	448	0	0	610	1036	19168	15448	35652	6709	28321	27425	3	29	28
opaque-k4-w1	Named	true	2	1	2	176	14	0	0	0	1	0	0	96	0	1	16	16	1	1	448	0	0	273	1036	1432	14296	16764	6709	15409	14513	3	3	25
opaque-k4-w8	Eager	true	32	16	320	224	208	0	0	0	16	0	224	208	224	16	16	16	16	16	1288	0	0	1192	1547	27448	20936	49931	12197	47984	47088	3	65	44
opaque-k4-w8	Named	true	2	1	2	288	21	0	0	0	1	0	0	208	0	1	16	16	1	1	1288	0	0	519	1547	1536	19784	22867	12197	26896	26000	5	3	41
opaque-k4-w64	Eager	true	32	16	1216	1120	1104	0	0	0	16	0	1120	1104	1120	16	16	16	16	16	8008	0	0	5992	5635	110200	64840	180675	56102	205289	204393	12	244	190
opaque-k4-w64	Named	true	2	1	2	1184	77	0	0	0	1	0	0	1104	0	1	16	16	1	1	8008	0	0	2496	5635	3400	63688	72723	56102	118793	117897	12	11	402
opaque-k4-w256	Eager	true	32	16	4288	4192	4176	0	0	0	16	0	4192	4176	4192	16	16	16	16	16	31048	0	0	22488	19651	400856	215368	635875	206631	744618	743722	39	1043	1076
opaque-k4-w256	Named	true	2	1	2	4256	269	0	0	0	1	0	0	4176	0	1	16	16	1	1	31048	0	0	9281	19651	11120	214216	244987	206631	433866	432970	42	35	1006
opaque-k8-w0	Eager	true	512	256	5120	2560	2304	0	0	0	256	0	2560	2304	2560	256	256	256	256	256	96896	0	0	10876	1771	371728	297648	671147	134101	558784	544448	3	546	1400
opaque-k8-w0	Named	true	2	1	2	4608	25	0	0	0	1	0	0	2304	0	1	256	256	1	1	96896	0	0	4211	1771	1736	279216	282723	134101	284368	270032	3	4	1372
opaque-k8-w1	Eager	true	512	256	5376	2816	2560	0	0	0	256	0	2816	2560	2816	256	256	256	256	256	129536	0	0	12159	1844	390416	310192	702452	146645	602633	588297	3	543	1665
opaque-k8-w1	Named	true	2	1	2	4864	26	0	0	0	1	0	0	2560	0	1	256	256	1	1	129536	0	0	4726	1844	1736	291760	295340	146645	309529	295193	3	5	1575
opaque-k8-w8	Eager	true	512	256	7168	4608	4352	0	0	0	256	0	4608	4352	4608	256	256	256	256	256	358016	0	0	21141	2355	521336	398000	921691	234453	909576	895240	3	597	2234
opaque-k8-w8	Named	true	2	1	2	6656	33	0	0	0	1	0	0	4352	0	1	256	256	1	1	358016	0	0	8332	2355	1840	379568	383763	234453	485656	471320	5	4	1966
opaque-k8-w64	Eager	true	512	256	21504	18944	18688	0	0	0	256	0	18944	18688	18944	256	256	256	256	256	2185856	0	0	95303	6443	1833288	1100464	2940195	936918	3365121	3350785	13	4580	22070
opaque-k8-w64	Named	true	2	1	2	20992	89	0	0	0	1	0	0	18688	0	1	256	256	1	1	2185856	0	0	37191	6443	4104	1082032	1092579	936918	1894673	1880337	9	10	20676
opaque-k8-w256	Eager	true	512	256	70656	68096	67840	0	0	0	256	0	68096	67840	68096	256	256	256	256	256	8452736	0	0	350117	20459	6426264	3508912	9955635	3345367	11784130	11769794	32	11885	89855
opaque-k8-w256	Named	true	2	1	2	70144	281	0	0	0	1	0	0	67840	0	1	256	256	1	1	8452736	0	0	136134	20459	11424	3490480	3522363	3345367	6725586	6711250	28	29	86884
prefix-k0-w0	Eager	true	2	1	4	0	0	0	0	0	1	0	2	0	2	0	1	1	1	1	0	0	0	17	150	846	520	1516	917	2075	1851	0	4	1
prefix-k0-w0	Named	true	2	1	2	0	0	0	0	0	1	0	0	0	0	0	1	1	1	1	0	0	0	13	150	712	520	1382	917	2075	1851	0	1	0
prefix-k0-w1	Eager	true	3	2	8	0	0	0	0	0	1	0	4	0	4	0	1	1	1	1	0	0	0	29	296	992	520	1808	917	2221	1997	1	4	0
prefix-k0-w1	Named	true	3	2	4	0	0	0	0	0	1	0	0	0	0	0	1	1	1	1	0	0	0	19	296	712	520	1528	917	2221	1997	1	1	1
prefix-k0-w8	Eager	true	10	9	36	0	0	0	0	0	1	0	18	0	18	0	1	1	1	1	0	0	0	115	1318	2318	520	4156	917	4265	3019	2	8	0
prefix-k0-w8	Named	true	10	9	18	0	0	0	0	0	1	0	0	0	0	0	1	1	1	1	0	0	0	63	1318	1016	520	2854	917	3243	3019	2	2	0
prefix-k0-w64	Eager	true	66	65	260	0	0	0	0	0	1	0	130	0	130	0	1	1	1	1	0	0	0	805	9494	12558	520	22572	918	22682	11196	18	45	0
prefix-k0-w64	Named	true	66	65	130	0	0	0	0	0	1	0	0	0	0	0	1	1	1	1	0	0	0	417	9494	3080	520	13094	918	13204	11196	19	12	0
prefix-k0-w256	Eager	true	258	257	1028	0	0	0	0	0	1	0	514	0	514	0	1	1	1	1	0	0	0	3172	37526	47910	520	85956	919	86067	39229	124	180	1
prefix-k0-w256	Named	true	258	257	514	0	0	0	0	0	1	0	0	0	0	0	1	1	1	1	0	0	0	1632	37526	10400	520	48446	919	48557	39229	79	29	3
prefix-k1-w0	Eager	true	6	4	18	4	2	0	0	0	2	0	8	2	8	2	2	2	2	2	1	0	0	65	432	2038	1494	3964	1075	3587	3123	1	4	2
prefix-k1-w0	Named	true	3	2	4	6	3	0	0	0	1	0	0	2	0	1	2	2	1	1	1	0	0	38	432	1008	1350	2790	1075	3105	2641	1	1	2
prefix-k1-w1	Eager	true	8	6	26	4	2	0	0	0	2	0	12	2	12	2	2	2	2	2	1	0	0	83	578	2330	1494	4402	1075	3733	3269	2	4	3
prefix-k1-w1	Named	true	4	3	6	6	3	0	0	0	1	0	0	2	0	1	2	2	1	1	1	0	0	44	578	1008	1350	2936	1075	3251	2787	1	2	2
prefix-k1-w8	Eager	true	22	20	82	4	2	0	0	0	2	0	40	2	40	2	2	2	2	2	1	0	0	212	1600	4782	1494	7876	1075	6561	4291	4	11	2
prefix-k1-w8	Named	true	11	10	20	6	3	0	0	0	1	0	0	2	0	1	2	2	1	1	1	0	0	89	1600	1416	1350	4366	1075	4273	3809	4	3	4
prefix-k1-w64	Eager	true	134	132	530	4	2	0	0	0	2	0	264	2	264	2	2	2	2	2	1	0	0	1238	9776	23198	1494	34468	1076	33154	12468	19	71	2
prefix-k1-w64	Named	true	67	66	132	6	3	0	0	0	1	0	0	2	0	1	2	2	1	1	1	0	0	443	9776	3480	1350	14606	1076	13748	11986	19	8	4
prefix-k1-w256	Eager	true	518	516	2066	4	2	0	0	0	2	0	1032	2	1032	2	2	2	2	2	1	0	0	4757	37808	86582	1494	125884	1077	124571	40501	76	288	2
prefix-k1-w256	Named	true	259	258	516	6	3	0	0	0	1	0	0	2	0	1	2	2	1	1	1	0	0	1658	37808	10800	1350	49958	1077	49101	40019	74	29	2
prefix-k2-w0	Eager	true	16	12	56	16	8	0	0	0	4	0	24	8	24	8	4	4	4	4	8	0	0	148	714	4696	3072	8482	1549	5959	5495	1	9	4
prefix-k2-w0	Named	true	4	3	6	24	6	0	0	0	1	0	0	8	0	2	4	4	1	1	8	0	0	73	714	1208	2784	4706	1549	4383	3919	2	2	6
prefix-k2-w1	Eager	true	20	16	72	16	8	0	0	0	4	0	32	8	32	8	4	4	4	4	8	0	0	180	860	5584	3072	9516	1549	6105	5641	1	10	4
prefix-k2-w1	Named	true	5	4	8	24	6	0	0	0	1	0	0	8	0	2	4	4	1	1	8	0	0	81	860	1512	2784	5156	1549	4529	4065	3	3	6
prefix-k2-w8	Eager	true	48	44	184	16	8	0	0	0	4	0	88	8	88	8	4	4	4	4	8	0	0	392	1882	9880	3072	14834	1549	11087	6663	2	20	5
prefix-k2-w8	Named	true	12	11	22	24	6	0	0	0	1	0	0	8	0	2	4	4	1	1	8	0	0	125	1882	1720	2784	6386	1549	5551	5087	3	6	5
prefix-k2-w64	Eager	true	272	268	1080	16	8	0	0	0	4	0	536	8	536	8	4	4	4	4	8	0	0	2091	10058	44848	3072	57978	1550	54232	14840	20	145	6
prefix-k2-w64	Named	true	68	67	134	24	6	0	0	0	1	0	0	8	0	2	4	4	1	1	8	0	0	480	10058	3984	2784	16826	1550	14824	13264	19	11	4
prefix-k2-w256	Eager	true	1040	1036	4152	16	8	0	0	0	4	0	2072	8	2072	8	4	4	4	4	8	0	0	7912	38090	163992	3072	205154	1551	201409	42873	108	601	4
prefix-k2-w256	Named	true	260	259	518	24	6	0	0	0	1	0	0	8	0	2	4	4	1	1	8	0	0	1693	38090	11000	2784	51874	1551	49873	41297	60	24	4
prefix-k4-w0	Eager	true	96	80	384	128	64	0	0	0	16	0	160	64	160	64	16	16	16	16	208	0	0	756	1278	28592	18360	48230	6549	26259	25363	2	35	25
prefix-k4-w0	Named	true	6	5	10	192	12	0	0	0	1	0	0	64	0	4	16	16	1	1	208	0	0	311	1278	1728	17208	20214	6549	15379	14483	3	3	24
prefix-k4-w1	Eager	true	112	96	448	128	64	0	0	0	16	0	192	64	192	64	16	16	16	16	208	0	0	859	1424	31032	18360	50816	6549	26405	25509	2	33	20
prefix-k4-w1	Named	true	7	6	12	192	12	0	0	0	1	0	0	64	0	4	16	16	1	1	208	0	0	318	1424	1832	17208	20464	6549	15525	14629	3	3	29
prefix-k4-w8	Eager	true	224	208	896	128	64	0	0	0	16	0	416	64	416	64	16	16	16	16	208	0	0	1575	2446	47592	18360	68398	6549	42427	26531	5	117	26
prefix-k4-w8	Named	true	14	13	26	192	12	0	0	0	1	0	0	64	0	4	16	16	1	1	208	0	0	362	2446	2040	17208	21694	6549	16547	15651	5	6	25
prefix-k4-w64	Eager	true	1120	1104	4480	128	64	0	0	0	16	0	2208	64	2208	64	16	16	16	16	208	0	0	7306	10622	180672	18360	209654	6550	183684	34708	22	544	25
prefix-k4-w64	Named	true	70	69	138	192	12	0	0	0	1	0	0	64	0	4	16	16	1	1	208	0	0	717	10622	4304	17208	32134	6550	24724	23828	22	11	25
prefix-k4-w256	Eager	true	4192	4176	16768	128	64	0	0	0	16	0	8352	64	8352	64	16	16	16	16	208	0	0	26953	38654	636504	18360	693518	6551	667549	62741	81	2426	32
prefix-k4-w256	Named	true	262	261	522	192	12	0	0	0	1	0	0	64	0	4	16	16	1	1	208	0	0	1932	38654	11624	17208	67486	6551	55853	51861	121	34	28
prefix-k8-w0	Eager	true	2560	2304	11264	4096	2048	0	0	0	256	0	4608	2048	4608	2048	256	256	256	256	64256	0	0	18566	2406	739048	453040	1194494	174805	635963	621627	5	919	1872
prefix-k8-w0	Named	true	10	9	18	6144	24	0	0	0	1	0	0	2048	0	8	256	256	1	1	64256	0	0	7301	2406	2552	434608	439566	174805	366523	352187	3	5	1482
prefix-k8-w1	Eager	true	2816	2560	12288	4096	2048	0	0	0	256	0	5120	2048	5120	2048	256	256	256	256	64256	0	0	20108	2552	776424	453040	1232016	174805	636109	621773	6	972	1860
prefix-k8-w1	Named	true	11	10	20	6144	24	0	0	0	1	0	0	2048	0	8	256	256	1	1	64256	0	0	7307	2552	2552	434608	439712	174805	366669	352333	5	8	1453
prefix-k8-w8	Eager	true	4608	4352	19456	4096	2048	0	0	0	256	0	8704	2048	8704	2048	256	256	256	256	64256	0	0	30904	3574	1038264	453040	1494878	174805	850611	622795	7	2012	1804
prefix-k8-w8	Named	true	18	17	34	6144	24	0	0	0	1	0	0	2048	0	8	256	256	1	1	64256	0	0	7351	3574	2760	434608	440942	174805	367691	353355	6	6	1438
prefix-k8-w64	Eager	true	18944	18688	76800	4096	2048	0	0	0	256	0	37376	2048	37376	2048	256	256	256	256	64256	0	0	117275	11750	3133584	453040	3598374	174806	2954108	630972	25	9107	1068
prefix-k8-w64	Named	true	74	73	146	6144	24	0	0	0	1	0	0	2048	0	8	256	256	1	1	64256	0	0	7706	11750	5024	434608	451382	174806	375868	361532	24	14	1465
prefix-k8-w256	Eager	true	68096	67840	273408	4096	2048	0	0	0	256	0	135680	2048	135680	2048	256	256	256	256	64256	0	0	413402	39782	10317096	453040	10809918	174807	10165653	659005	81	33700	1000
prefix-k8-w256	Named	true	266	265	530	6144	24	0	0	0	1	0	0	2048	0	8	256	256	1	1	64256	0	0	8921	39782	12344	434608	486734	174807	403901	389565	81	34	1423
correlated-k0-w0	Eager	true	2	1	4	0	0	0	0	0	1	0	2	0	2	0	1	1	1	1	0	0	0	17	150	846	520	1516	921	2079	1855	0	3	0
correlated-k0-w0	Named	true	2	1	2	0	0	0	0	0	1	0	0	0	0	0	1	1	1	1	0	0	0	13	150	712	520	1382	921	2079	1855	0	2	0
correlated-k0-w1	Eager	true	3	2	8	0	0	0	0	0	1	0	4	0	4	0	1	1	1	1	0	0	0	29	296	992	520	1808	921	2225	2001	0	4	0
correlated-k0-w1	Named	true	3	2	4	0	0	0	0	0	1	0	0	0	0	0	1	1	1	1	0	0	0	19	296	712	520	1528	921	2225	2001	0	3	0
correlated-k0-w8	Eager	true	10	9	36	0	0	0	0	0	1	0	18	0	18	0	1	1	1	1	0	0	0	115	1318	2318	520	4156	921	4269	3023	2	10	0
correlated-k0-w8	Named	true	10	9	18	0	0	0	0	0	1	0	0	0	0	0	1	1	1	1	0	0	0	63	1318	1016	520	2854	921	3247	3023	2	4	0
correlated-k0-w64	Eager	true	66	65	260	0	0	0	0	0	1	0	130	0	130	0	1	1	1	1	0	0	0	805	9494	12558	520	22572	922	22686	11200	17	44	1
correlated-k0-w64	Named	true	66	65	130	0	0	0	0	0	1	0	0	0	0	0	1	1	1	1	0	0	0	417	9494	3080	520	13094	922	13208	11200	18	10	1
correlated-k0-w256	Eager	true	258	257	1028	0	0	0	0	0	1	0	514	0	514	0	1	1	1	1	0	0	0	3172	37526	47910	520	85956	923	86071	39233	73	178	0
correlated-k0-w256	Named	true	258	257	514	0	0	0	0	0	1	0	0	0	0	0	1	1	1	1	0	0	0	1632	37526	10400	520	48446	923	48561	39233	109	31	3
correlated-k1-w0	Eager	true	6	4	20	0	0	0	0	0	2	0	8	0	8	0	2	1	2	2	0	0	0	57	554	1480	824	2858	921	2707	2419	1	4	2
correlated-k1-w0	Named	true	6	4	12	0	0	0	1	1	2	0	0	0	0	0	2	1	2	2	0	0	0	35	554	904	824	2282	921	2707	2419	1	2	2
correlated-k1-w1	Eager	true	8	6	28	0	0	0	0	0	2	0	12	0	12	0	2	1	2	2	0	0	0	75	700	1772	824	3296	921	3073	2565	1	6	2
correlated-k1-w1	Named	true	7	5	14	0	0	0	1	1	2	0	0	0	0	0	2	1	2	2	0	0	0	41	700	904	824	2428	921	2853	2565	1	3	2
correlated-k1-w8	Eager	true	22	20	84	0	0	0	0	0	2	0	40	0	40	0	2	1	2	2	0	0	0	204	1722	4224	824	6770	921	6547	3587	2	14	2
correlated-k1-w8	Named	true	14	12	28	0	0	0	1	1	2	0	0	0	0	0	2	1	2	2	0	0	0	86	1722	1312	824	3858	921	3875	3587	2	5	3
correlated-k1-w64	Eager	true	134	132	532	0	0	0	0	0	2	0	264	0	264	0	2	1	2	2	0	0	0	1230	9898	22640	824	33362	922	33140	11764	18	70	2
correlated-k1-w64	Named	true	70	68	140	0	0	0	1	1	2	0	0	0	0	0	2	1	2	2	0	0	0	440	9898	3376	824	14098	922	13732	11764	19	8	2
correlated-k1-w256	Eager	true	518	516	2068	0	0	0	0	0	2	0	1032	0	1032	0	2	1	2	2	0	0	0	4749	37930	86024	824	124778	923	124557	39797	75	287	1
correlated-k1-w256	Named	true	262	260	524	0	0	0	1	1	2	0	0	0	0	0	2	1	2	2	0	0	0	1655	37930	10696	824	49450	923	49085	39797	62	23	1
correlated-k2-w0	Eager	true	16	12	64	0	0	0	0	0	4	0	24	0	24	0	4	1	4	4	0	0	0	121	958	3408	1160	5526	921	4663	3191	1	9	2
correlated-k2-w0	Named	true	14	10	32	0	0	0	3	6	4	0	0	0	0	0	4	1	4	4	0	0	0	58	958	1464	1160	3582	921	3359	3063	1	3	2
correlated-k2-w1	Eager	true	20	16	80	0	0	0	0	0	4	0	32	0	32	0	4	1	4	4	0	0	0	151	1104	3992	1160	6256	921	5393	3337	1	9	2
correlated-k2-w1	Named	true	15	11	34	0	0	0	3	6	4	0	0	0	0	0	4	1	4	4	0	0	0	64	1104	1464	1160	3728	921	3505	3209	1	5	2
correlated-k2-w8	Eager	true	48	44	192	0	0	0	0	0	4	0	88	0	88	0	4	1	4	4	0	0	0	363	2126	8288	1160	11574	921	10711	4359	3	21	2
correlated-k2-w8	Named	true	22	18	48	0	0	0	3	6	4	0	0	0	0	0	4	1	4	4	0	0	0	108	2126	1672	1160	4958	921	4527	4231	3	6	2
correlated-k2-w64	Eager	true	272	268	1088	0	0	0	0	0	4	0	536	0	536	0	4	1	4	4	0	0	0	2062	10302	43256	1160	54718	922	53856	12536	21	139	2
correlated-k2-w64	Named	true	78	74	160	0	0	0	3	6	4	0	0	0	0	0	4	1	4	4	0	0	0	463	10302	3936	1160	15398	922	14440	12408	21	14	2
correlated-k2-w256	Eager	true	1040	1036	4160	0	0	0	0	0	4	0	2072	0	2072	0	4	1	4	4	0	0	0	7884	38334	162504	1160	201998	923	201137	40569	113	583	2
correlated-k2-w256	Named	true	270	266	544	0	0	0	3	6	4	0	0	0	0	0	4	1	4	4	0	0	0	1677	38334	11056	1160	50550	923	49593	40441	79	32	2
correlated-k4-w0	Eager	true	96	80	448	0	0	0	0	0	16	0	160	0	160	0	16	1	16	16	0	0	0	532	1766	19216	4984	25966	921	17431	7359	2	38	7
correlated-k4-w0	Named	true	62	46	152	0	0	0	15	60	16	0	0	0	0	0	16	1	16	16	0	0	0	149	1766	6432	4984	13182	921	8103	6815	2	11	9
correlated-k4-w1	Eager	true	112	96	512	0	0	0	0	0	16	0	192	0	192	0	16	1	16	16	0	0	0	634	1912	21552	4984	28448	921	19913	7505	2	41	7
correlated-k4-w1	Named	true	63	47	154	0	0	0	15	60	16	0	0	0	0	0	16	1	16	16	0	0	0	155	1912	6432	4984	13328	921	8249	6961	2	11	9
correlated-k4-w8	Eager	true	224	208	960	0	0	0	0	0	16	0	416	0	416	0	16	1	16	16	0	0	0	1350	2934	38112	4984	46030	921	37495	8527	4	86	7
correlated-k4-w8	Named	true	70	54	168	0	0	0	15	60	16	0	0	0	0	0	16	1	16	16	0	0	0	199	2934	6640	4984	14558	921	9271	7983	3	8	4
correlated-k4-w64	Eager	true	1120	1104	4544	0	0	0	0	0	16	0	2208	0	2208	0	16	1	16	16	0	0	0	7081	11110	171192	4984	187286	922	178752	16704	21	506	7
correlated-k4-w64	Named	true	126	110	280	0	0	0	15	60	16	0	0	0	0	0	16	1	16	16	0	0	0	554	11110	8904	4984	24998	922	17448	16160	19	17	9
correlated-k4-w256	Eager	true	4192	4176	16832	0	0	0	0	0	16	0	8352	0	8352	0	16	1	16	16	0	0	0	26728	39142	627024	4984	671150	923	662617	44737	76	2164	7
correlated-k4-w256	Named	true	318	302	664	0	0	0	15	60	16	0	0	0	0	0	16	1	16	16	0	0	0	1769	39142	16224	4984	60350	923	50857	44193	75	36	7
correlated-k8-w0	Eager	true	2560	2304	13312	0	0	0	0	0	256	0	4608	0	4608	0	256	1	256	256	0	0	0	11682	3382	479304	86832	569518	921	379647	92559	6	1153	742
correlated-k8-w0	Named	true	1022	766	2552	0	0	0	255	2040	256	0	0	0	0	0	256	1	256	256	0	0	0	1443	3382	100920	86832	191134	921	87247	67951	5	93	562
correlated-k8-w1	Eager	true	2816	2560	14336	0	0	0	0	0	256	0	5120	0	5120	0	256	1	256	256	0	0	0	13224	3528	516680	86832	607040	921	417169	92705	3	664	371
correlated-k8-w1	Named	true	1023	767	2554	0	0	0	255	2040	256	0	0	0	0	0	256	1	256	256	0	0	0	1449	3528	100920	86832	191280	921	87393	68097	5	92	549
correlated-k8-w8	Eager	true	4608	4352	21504	0	0	0	0	0	256	0	8704	0	8704	0	256	1	256	256	0	0	0	24020	4550	778520	86832	869902	921	680031	93727	6	1752	317
correlated-k8-w8	Named	true	1030	774	2568	0	0	0	255	2040	256	0	0	0	0	0	256	1	256	256	0	0	0	1493	4550	101128	86832	192510	921	88415	69119	6	102	568
correlated-k8-w64	Eager	true	18944	18688	78848	0	0	0	0	0	256	0	37376	0	37376	0	256	1	256	256	0	0	0	110391	12726	2873840	86832	2973398	922	2783528	101904	22	10511	304
correlated-k8-w64	Named	true	1086	830	2680	0	0	0	255	2040	256	0	0	0	0	0	256	1	256	256	0	0	0	1848	12726	103392	86832	202950	922	96592	77296	29	97	550
correlated-k8-w256	Eager	true	68096	67840	275456	0	0	0	0	0	256	0	135680	0	135680	0	256	1	256	256	0	0	0	406518	40758	10057352	86832	10184942	923	9995073	129937	77	36278	271
correlated-k8-w256	Named	true	1278	1022	3064	0	0	0	255	2040	256	0	0	0	0	0	256	1	256	256	0	0	0	3063	40758	110712	86832	238302	923	124625	105329	86	146	610
discriminate-k0-w0	Eager	true	2	1	4	0	0	0	0	0	1	0	2	0	2	0	1	1	1	1	0	0	0	17	150	846	520	1516	923	2081	1857	1	3	1
discriminate-k0-w0	Named	true	2	1	2	0	0	0	0	0	1	0	0	0	0	0	1	1	1	1	0	0	0	13	150	712	520	1382	923	2081	1857	0	1	1
discriminate-k0-w1	Eager	true	3	2	8	0	0	0	0	0	1	0	4	0	4	0	1	1	1	1	0	0	0	29	296	992	520	1808	923	2227	2003	1	3	1
discriminate-k0-w1	Named	true	3	2	4	0	0	0	0	0	1	0	0	0	0	0	1	1	1	1	0	0	0	19	296	712	520	1528	923	2227	2003	0	3	1
discriminate-k0-w8	Eager	true	10	9	36	0	0	0	0	0	1	0	18	0	18	0	1	1	1	1	0	0	0	115	1318	2318	520	4156	923	4271	3025	2	9	1
discriminate-k0-w8	Named	true	10	9	18	0	0	0	0	0	1	0	0	0	0	0	1	1	1	1	0	0	0	63	1318	1016	520	2854	923	3249	3025	2	4	1
discriminate-k0-w64	Eager	true	66	65	260	0	0	0	0	0	1	0	130	0	130	0	1	1	1	1	0	0	0	805	9494	12558	520	22572	924	22688	11202	17	43	1
discriminate-k0-w64	Named	true	66	65	130	0	0	0	0	0	1	0	0	0	0	0	1	1	1	1	0	0	0	417	9494	3080	520	13094	924	13210	11202	17	11	1
discriminate-k0-w256	Eager	true	258	257	1028	0	0	0	0	0	1	0	514	0	514	0	1	1	1	1	0	0	0	3172	37526	47910	520	85956	925	86073	39235	72	165	1
discriminate-k0-w256	Named	true	258	257	514	0	0	0	0	0	1	0	0	0	0	0	1	1	1	1	0	0	0	1632	37526	10400	520	48446	925	48563	39235	80	31	2
discriminate-k1-w0	Eager	true	5	4	18	0	0	0	0	0	1	1	8	0	8	0	1	1	2	1	0	0	0	50	425	1448	672	2545	923	2492	2204	3	4	1
discriminate-k1-w0	Named	true	5	4	10	0	0	0	1	1	1	1	0	0	0	0	1	1	2	1	0	0	0	28	425	872	672	1969	923	2428	2204	1	2	1
discriminate-k1-w1	Eager	true	7	6	26	0	0	0	0	0	1	1	12	0	12	0	1	1	2	1	0	0	0	68	571	1740	672	2983	923	2930	2350	1	6	1
discriminate-k1-w1	Named	true	6	5	12	0	0	0	1	1	1	1	0	0	0	0	1	1	2	1	0	0	0	34	571	872	672	2115	923	2574	2350	1	2	1
discriminate-k1-w8	Eager	true	21	20	82	0	0	0	0	0	1	1	40	0	40	0	1	1	2	1	0	0	0	197	1593	4192	672	6457	923	6404	3372	2	12	1
discriminate-k1-w8	Named	true	13	12	26	0	0	0	1	1	1	1	0	0	0	0	1	1	2	1	0	0	0	79	1593	1280	672	3545	923	3596	3372	2	3	2
discriminate-k1-w64	Eager	true	133	132	530	0	0	0	0	0	1	1	264	0	264	0	1	1	2	1	0	0	0	1223	9769	22608	672	33049	924	32997	11549	25	88	1
discriminate-k1-w64	Named	true	69	68	138	0	0	0	1	1	1	1	0	0	0	0	1	1	2	1	0	0	0	433	9769	3344	672	13785	924	13589	11549	34	13	50
discriminate-k1-w256	Eager	true	517	516	2066	0	0	0	0	0	1	1	1032	0	1032	0	1	1	2	1	0	0	0	4742	37801	85992	672	124465	925	124414	39582	79	284	1
discriminate-k1-w256	Named	true	261	260	522	0	0	0	1	1	1	1	0	0	0	0	1	1	2	1	0	0	0	1648	37801	10664	672	49137	925	48942	39582	82	30	1
discriminate-k2-w0	Eager	true	11	10	52	0	0	0	0	0	1	3	24	0	24	0	1	1	4	1	0	0	0	104	700	3104	680	4484	923	4103	2527	1	8	1
discriminate-k2-w0	Named	true	8	7	18	0	0	0	2	4	1	2	0	0	0	0	1	1	2	1	0	0	0	39	700	1072	680	2452	923	2751	2527	1	3	1
discriminate-k2-w1	Eager	true	15	14	68	0	0	0	0	0	1	3	32	0	32	0	1	1	4	1	0	0	0	136	846	3992	680	5518	923	5137	2673	1	8	0
discriminate-k2-w1	Named	true	9	8	20	0	0	0	2	4	1	2	0	0	0	0	1	1	2	1	0	0	0	47	846	1376	680	2902	923	2897	2673	1	3	1
discriminate-k2-w8	Eager	true	43	42	180	0	0	0	0	0	1	3	88	0	88	0	1	1	4	1	0	0	0	348	1868	8288	680	10836	923	10455	3695	3	23	1
discriminate-k2-w8	Named	true	16	15	34	0	0	0	2	4	1	2	0	0	0	0	1	1	2	1	0	0	0	91	1868	1584	680	4132	923	3919	3695	3	8	1
discriminate-k2-w64	Eager	true	267	266	1076	0	0	0	0	0	1	3	536	0	536	0	1	1	4	1	0	0	0	2047	10044	43256	680	53980	924	53600	11872	19	137	1
discriminate-k2-w64	Named	true	72	71	146	0	0	0	2	4	1	2	0	0	0	0	1	1	2	1	0	0	0	446	10044	3848	680	14572	924	14184	11872	19	12	1
discriminate-k2-w256	Eager	true	1035	1034	4148	0	0	0	0	0	1	3	2072	0	2072	0	1	1	4	1	0	0	0	7868	38076	162400	680	201156	925	200777	39905	81	607	1
discriminate-k2-w256	Named	true	264	263	530	0	0	0	2	4	1	2	0	0	0	0	1	1	2	1	0	0	0	1659	38076	10864	680	49620	925	49233	39905	81	30	1
discriminate-k4-w0	Eager	true	47	46	316	0	0	0	0	0	1	15	160	0	160	0	1	1	16	1	0	0	0	466	1250	17200	696	19146	923	16669	3941	1	35	1
discriminate-k4-w0	Named	true	14	13	34	0	0	0	4	16	1	4	0	0	0	0	1	1	2	1	0	0	0	59	1250	1640	696	3586	923	3301	3077	1	4	1
discriminate-k4-w1	Eager	true	63	62	380	0	0	0	0	0	1	15	192	0	192	0	1	1	16	1	0	0	0	569	1396	19640	696	21732	923	19255	4087	2	43	7
discriminate-k4-w1	Named	true	15	14	36	0	0	0	4	16	1	4	0	0	0	0	1	1	2	1	0	0	0	66	1396	1744	696	3836	923	3447	3223	2	7	3
discriminate-k4-w8	Eager	true	175	174	828	0	0	0	0	0	1	15	416	0	416	0	1	1	16	1	0	0	0	1285	2418	36200	696	39314	923	36837	5109	4	133	1
discriminate-k4-w8	Named	true	22	21	50	0	0	0	4	16	1	4	0	0	0	0	1	1	2	1	0	0	0	110	2418	1952	696	5066	923	4469	4245	4	9	1
discriminate-k4-w64	Eager	true	1071	1070	4412	0	0	0	0	0	1	15	2208	0	2208	0	1	1	16	1	0	0	0	7016	10594	169280	696	180570	924	178094	13286	23	511	1
discriminate-k4-w64	Named	true	78	77	162	0	0	0	4	16	1	4	0	0	0	0	1	1	2	1	0	0	0	465	10594	4216	696	15506	924	14846	12422	19	12	1
discriminate-k4-w256	Eager	true	4143	4142	16700	0	0	0	0	0	1	15	8352	0	8352	0	1	1	16	1	0	0	0	26663	38626	625112	696	664434	925	661959	41319	61	1616	1
discriminate-k4-w256	Named	true	270	269	546	0	0	0	4	16	1	4	0	0	0	0	1	1	2	1	0	0	0	1680	38626	11536	696	50858	925	50199	40455	96	32	1
discriminate-k8-w0	Eager	true	767	766	8188	0	0	0	0	0	1	255	4608	0	4608	0	1	1	256	1	0	0	0	10837	2350	442664	728	445742	923	378337	22385	2	862	8
discriminate-k8-w0	Named	true	26	25	66	0	0	0	8	64	1	8	0	0	0	0	1	1	2	1	0	0	0	98	2350	2752	728	5830	923	4465	4241	2	9	3
discriminate-k8-w1	Eager	true	1023	1022	9212	0	0	0	0	0	1	255	5120	0	5120	0	1	1	256	1	0	0	0	12379	2496	480040	728	483264	923	415859	22531	3	1053	6
discriminate-k8-w1	Named	true	27	26	68	0	0	0	8	64	1	8	0	0	0	0	1	1	2	1	0	0	0	104	2496	2752	728	5976	923	4611	4387	3	10	3
discriminate-k8-w8	Eager	true	2815	2814	16380	0	0	0	0	0	1	255	8704	0	8704	0	1	1	256	1	0	0	0	23175	3518	741880	728	746126	923	678721	23553	6	1951	5
discriminate-k8-w8	Named	true	34	33	82	0	0	0	8	64	1	8	0	0	0	0	1	1	2	1	0	0	0	148	3518	2960	728	7206	923	5745	5409	6	9	3
discriminate-k8-w64	Eager	true	17151	17150	73724	0	0	0	0	0	1	255	37376	0	37376	0	1	1	256	1	0	0	0	109546	11694	2837200	728	2849622	924	2782218	31730	28	8302	5
discriminate-k8-w64	Named	true	90	89	194	0	0	0	8	64	1	8	0	0	0	0	1	1	2	1	0	0	0	503	11694	5224	728	17646	924	16186	13586	22	15	3
discriminate-k8-w256	Eager	true	66303	66302	270332	0	0	0	0	0	1	255	135680	0	135680	0	1	1	256	1	0	0	0	405673	39726	10020712	728	10061166	925	9993763	59763	82	57175	7
discriminate-k8-w256	Named	true	282	281	578	0	0	0	8	64	1	8	0	0	0	0	1	1	2	1	0	0	0	1718	39726	12544	728	52998	925	51539	41619	81	37	3
cycle-k1-w0	Eager	true	3	2	13	2	3	2	0	0	1	1	5	1	5	1	1	1	2	1	0	0	0	43	354	1650	1007	3011	995	2941	2541	1	5	1
cycle-k1-w0	Named	true	4	3	11	2	7	3	1	1	1	1	0	1	0	1	1	1	2	1	0	0	0	34	354	1408	1007	2769	995	2876	2476	1	4	2
cycle-k1-w1	Eager	true	3	2	14	3	4	2	0	0	1	1	6	2	6	1	1	1	2	1	0	0	0	51	427	1723	1056	3206	1044	3185	2785	1	5	2
cycle-k1-w1	Named	true	4	3	11	3	9	3	1	1	1	1	0	2	0	1	1	1	2	1	0	0	0	39	427	1408	1056	2891	1044	3047	2647	1	4	2
cycle-k1-w8	Eager	true	3	2	21	10	11	2	0	0	1	1	13	9	13	1	1	1	2	1	0	0	0	109	938	2538	1399	4875	1387	4893	4493	1	11	16
cycle-k1-w8	Named	true	4	3	11	10	23	3	1	1	1	1	0	9	0	1	1	1	2	1	0	0	0	76	938	1712	1399	4049	1387	4244	3844	1	5	4
cycle-k1-w64	Eager	true	3	2	77	66	67	2	0	0	1	1	69	65	69	1	1	1	2	1	0	0	0	574	5026	8490	4143	17659	4132	18558	18158	10	32	11
cycle-k1-w64	Named	true	4	3	11	66	135	3	1	1	1	1	0	65	0	1	1	1	2	1	0	0	0	382	5026	4608	4143	13777	4132	13821	13421	11	15	15
cycle-k1-w256	Eager	true	3	2	269	258	259	2	0	0	1	1	261	257	261	1	1	1	2	1	0	0	0	2175	19042	30226	13551	62819	13541	65407	65007	42	115	169
cycle-k1-w256	Named	true	4	3	11	258	519	3	1	1	1	1	0	257	0	1	1	1	2	1	0	0	0	1440	19042	16240	13551	48833	13541	46654	46254	51	73	92
cycle-k2-w0	Eager	true	6	4	26	4	6	4	0	0	2	2	10	2	10	2	2	1	4	2	1	0	0	68	354	2604	1510	4468	995	3429	2886	1	8	4
cycle-k2-w0	Named	true	4	3	11	4	7	3	1	1	1	1	0	2	0	1	2	1	2	1	1	0	0	42	354	1408	1510	3272	995	3019	2476	0	4	3
cycle-k2-w1	Eager	true	6	4	28	6	8	4	0	0	2	2	12	4	12	2	2	1	4	2	2	0	0	81	427	2750	1608	4785	1044	3795	3203	0	7	4
cycle-k2-w1	Named	true	4	3	11	6	9	3	1	1	1	1	0	4	0	1	2	1	2	1	2	0	0	49	427	1408	1608	3443	1044	3239	2647	1	3	3
cycle-k2-w8	Eager	true	6	4	42	20	22	4	0	0	2	2	26	18	26	2	2	1	4	2	9	0	0	174	938	4076	2294	7308	1387	6357	5422	1	11	4
cycle-k2-w8	Named	true	4	3	11	20	23	3	1	1	1	1	0	18	0	1	2	1	2	1	9	0	0	100	938	1712	2294	4944	1387	4779	3844	1	7	8
cycle-k2-w64	Eager	true	6	4	154	132	134	4	0	0	2	2	138	130	138	2	2	1	4	2	65	0	0	928	5026	15148	7782	27956	4132	26854	23175	14	50	21
cycle-k2-w64	Named	true	4	3	11	132	135	3	1	1	1	1	0	130	0	1	2	1	2	1	65	0	0	518	5026	4608	7782	17416	4132	17100	13421	10	11	25
cycle-k2-w256	Eager	true	6	4	538	516	518	4	0	0	2	2	522	514	522	2	2	1	4	2	257	0	0	3522	19042	54812	26598	100452	13541	97127	84040	41	171	97
cycle-k2-w256	Named	true	4	3	11	516	519	3	1	1	1	1	0	514	0	1	2	1	2	1	257	0	0	1960	19042	16240	26598	61880	13541	59341	46254	41	54	111
cycle-k4-w0	Eager	true	24	16	104	16	24	16	0	0	8	8	40	8	40	8	8	1	16	8	7	0	0	222	354	10792	5056	16202	995	7349	6108	0	15	9
cycle-k4-w0	Named	true	4	3	11	16	7	3	1	1	1	1	0	8	0	1	8	1	2	1	7	0	0	91	354	1408	5056	6818	995	3717	2476	2	3	6
cycle-k4-w1	Eager	true	24	16	112	24	32	16	0	0	8	8	48	16	48	8	8	1	16	8	14	0	0	265	427	11376	5448	17251	1044	8447	6863	1	27	7
cycle-k4-w1	Named	true	4	3	11	24	9	3	1	1	1	1	0	16	0	1	8	1	2	1	14	0	0	110	427	1408	5448	7283	1044	4231	2647	0	3	9
cycle-k4-w8	Eager	true	24	16	168	80	88	16	0	0	8	8	104	72	104	8	8	1	16	8	63	0	0	568	938	15768	8192	24898	1387	16133	12148	1	28	17
cycle-k4-w8	Named	true	4	3	11	80	23	3	1	1	1	1	0	72	0	1	8	1	2	1	63	0	0	245	938	1712	8192	10842	1387	7829	3844	1	4	16
cycle-k4-w64	Eager	true	24	16	616	528	536	16	0	0	8	8	552	520	552	8	8	1	16	8	455	0	0	3056	5026	57560	30144	92730	4132	77622	54429	9	130	85
cycle-k4-w64	Named	true	4	3	11	528	135	3	1	1	1	1	0	520	0	1	8	1	2	1	455	0	0	1335	5026	4608	30144	39778	4132	36614	13421	9	13	85
cycle-k4-w256	Eager	true	24	16	2152	2064	2072	16	0	0	8	8	2088	2056	2088	8	8	1	16	8	1799	0	0	11608	19042	204792	105408	329242	13541	288439	199390	51	729	351
cycle-k4-w256	Named	true	4	3	11	2064	519	3	1	1	1	1	0	2056	0	1	8	1	2	1	1799	0	0	5081	19042	16240	105408	140690	13541	135303	46254	39	50	397
cycle-k8-w0	Eager	true	384	256	1664	256	384	256	0	0	128	128	640	128	640	128	128	1	256	128	127	0	0	3254	354	187224	86280	273858	995	93237	73428	0	188	309
cycle-k8-w0	Named	true	4	3	11	256	7	3	1	1	1	1	0	128	0	1	128	1	2	1	127	0	0	1075	354	1408	86280	88042	995	22285	2476	0	4	84
cycle-k8-w1	Eager	true	384	256	1792	384	512	256	0	0	128	128	768	256	768	128	128	1	256	128	254	0	0	3897	427	196568	92552	289547	1044	108975	82943	1	210	355
cycle-k8-w1	Named	true	4	3	11	384	9	3	1	1	1	1	0	256	0	1	128	1	2	1	254	0	0	1334	427	1408	92552	94387	1044	28679	2647	0	3	97
cycle-k8-w8	Eager	true	384	256	2688	1280	1408	256	0	0	128	128	1664	1152	1664	128	128	1	256	128	1143	0	0	8400	938	262280	136456	399674	1387	219141	149548	1	290	321
cycle-k8-w8	Named	true	4	3	11	1280	23	3	1	1	1	1	0	1152	0	1	128	1	2	1	1143	0	0	3149	938	1712	136456	139106	1387	73437	3844	1	6	235
cycle-k8-w64	Eager	true	384	256	9856	8448	8576	256	0	0	128	128	8832	8320	8832	128	128	1	256	128	8255	0	0	45568	5026	918472	487688	1411186	4132	1100470	682389	10	1863	1784
cycle-k8-w64	Named	true	4	3	11	8448	135	3	1	1	1	1	0	8320	0	1	128	1	2	1	8255	0	0	17679	5026	4608	487688	497322	4132	431502	13421	9	17	1275
cycle-k8-w256	Eager	true	384	256	34432	33024	33152	256	0	0	128	128	33408	32896	33408	128	128	1	256	128	32639	0	0	173280	19042	3217064	1691912	4928018	13541	4122167	2509270	41	7195	4529
cycle-k8-w256	Named	true	4	3	11	33024	519	3	1	1	1	1	0	32896	0	1	128	1	2	1	32639	0	0	67505	19042	16240	1691912	1727194	13541	1659151	46254	33	38	4828
