case	mode	pass	steps	pairs	root_reads	output_root_reads	absence_visits	occurs_visits	splits	copied_entries	completed_regions	failed_regions	eager_projection_visits	output_projection_visits	eager_nodes	projection_cache_hits	interning_lookups	partition_groups	bindings	raw	answers	max_frontier	retained_regions	observer_pairs	observer_scans	observer_backtracks	allocation_calls	construct_requested	solve_requested	observe_requested	requested_bytes	baseline_live	peak_live	final_live	construct_us	solve_us	observe_us
opaque-k0-w0	Eager	true	2	1	4	2	1	0	0	0	1	0	2	1	2	0	0	0	1	1	1	1	1	0	0	0	23	155	1331	857	2343	998	2797	2469	0	7	2
opaque-k0-w0	Named	true	2	1	2	2	1	0	0	0	1	0	0	1	0	0	0	0	1	1	1	1	1	0	0	0	20	155	1200	857	2212	998	2730	2402	0	5	3
opaque-k0-w0	Partitioned	true	2	1	2	2	1	0	0	0	1	0	2	1	2	0	2	1	1	1	1	1	1	0	0	0	32	155	4014	865	5034	1004	4493	2507	0	11	1
opaque-k0-w1	Eager	true	2	1	5	3	2	0	0	0	1	0	3	2	3	0	0	0	1	1	1	1	1	0	0	0	31	228	1404	906	2538	1047	3041	2713	0	4	1
opaque-k0-w1	Named	true	2	1	2	3	2	0	0	0	1	0	0	2	0	0	0	0	1	1	1	1	1	0	0	0	25	228	1200	906	2334	1047	2901	2573	0	3	1
opaque-k0-w1	Partitioned	true	2	1	2	3	2	0	0	0	1	0	3	2	3	0	3	1	1	1	1	1	1	0	0	0	42	228	4096	914	5238	1053	4697	2751	0	13	1
opaque-k0-w8	Eager	true	2	1	12	10	9	0	0	0	1	0	10	9	10	0	0	0	1	1	1	1	1	0	0	0	87	739	1915	1249	3903	1390	4749	4421	1	4	4
opaque-k0-w8	Named	true	2	1	2	10	9	0	0	0	1	0	0	9	0	0	0	0	1	1	1	1	1	0	0	0	60	739	1200	1249	3188	1390	4098	3770	1	2	4
opaque-k0-w8	Partitioned	true	2	1	2	10	9	0	0	0	1	0	10	9	10	0	10	1	1	1	1	1	1	0	0	0	112	739	4670	1257	6666	1396	6125	4459	1	14	2
opaque-k0-w64	Eager	true	2	1	68	66	65	0	0	0	1	0	66	65	66	0	0	0	1	1	1	1	1	0	0	0	553	4827	8067	3993	16887	4135	18414	18086	7	22	9
opaque-k0-w64	Named	true	2	1	2	66	65	0	0	0	1	0	0	65	0	0	0	0	1	1	1	1	1	0	0	0	358	4827	3264	3993	12084	4135	13675	13347	10	12	14
opaque-k0-w64	Partitioned	true	2	1	2	66	65	0	0	0	1	0	66	65	66	0	66	1	1	1	1	1	1	0	0	0	726	4827	23374	4001	32202	4141	30630	18124	11	84	8
opaque-k0-w256	Eager	true	2	1	260	258	257	0	0	0	1	0	258	257	258	0	0	0	1	1	1	1	1	0	0	0	2155	18843	29907	13401	62151	13544	65263	64935	42	151	49
opaque-k0-w256	Named	true	2	1	2	258	257	0	0	0	1	0	0	257	0	0	0	0	1	1	1	1	1	0	0	0	1384	18843	11088	13401	43332	13544	46508	46180	50	39	70
opaque-k0-w256	Partitioned	true	2	1	2	258	257	0	0	0	1	0	258	257	258	0	258	1	1	1	1	1	1	0	0	0	2844	18843	91630	13409	123882	13550	118399	64973	43	305	31
opaque-k1-w0	Eager	true	4	2	12	6	4	0	0	0	2	0	6	4	6	0	0	0	2	2	2	2	2	2	0	0	61	357	2112	1596	4065	1177	4058	3594	1	10	4
opaque-k1-w0	Named	true	2	1	2	8	4	0	0	0	1	0	0	4	0	0	0	0	1	2	2	1	1	2	0	0	40	357	1232	1452	3041	1177	3426	2962	1	7	4
opaque-k1-w0	Partitioned	true	4	2	4	6	4	0	0	0	2	0	8	4	5	1	5	2	2	2	2	2	2	2	0	0	71	357	4640	1468	6465	1183	5188	3520	1	18	4
opaque-k1-w1	Eager	true	4	2	14	8	6	0	0	0	2	0	8	6	8	0	0	0	2	2	2	2	2	3	0	0	74	430	2258	1694	4382	1275	4473	4009	1	10	7
opaque-k1-w1	Named	true	2	1	2	10	5	0	0	0	1	0	0	6	0	0	0	0	1	2	2	1	1	3	0	0	47	430	1232	1550	3212	1275	3695	3231	1	4	4
opaque-k1-w1	Partitioned	true	4	2	4	8	6	0	0	0	2	0	10	6	7	1	7	2	2	2	2	2	2	3	0	0	88	430	4804	1566	6800	1281	5523	3935	1	19	4
opaque-k1-w8	Eager	true	4	2	28	22	20	0	0	0	2	0	22	20	22	0	0	0	2	2	2	2	2	10	0	0	167	941	3584	2380	6905	1961	7378	6914	2	14	5
opaque-k1-w8	Named	true	2	1	2	24	12	0	0	0	1	0	0	20	0	0	0	0	1	2	2	1	1	10	0	0	98	941	1536	2236	4713	1961	5578	5114	2	7	6
opaque-k1-w8	Partitioned	true	4	2	4	22	20	0	0	0	2	0	24	20	21	1	21	2	2	2	2	2	2	10	0	0	219	941	10056	2252	13249	1967	11972	6840	1	28	5
opaque-k1-w64	Eager	true	4	2	140	134	132	0	0	0	2	0	134	132	134	0	0	0	2	2	2	2	2	66	0	0	921	5029	14656	7868	27553	7450	30619	30155	12	51	25
opaque-k1-w64	Named	true	2	1	2	136	68	0	0	0	1	0	0	132	0	0	0	0	1	2	2	1	1	66	0	0	507	5029	3400	7724	16153	7450	20643	20179	14	22	38
opaque-k1-w64	Partitioned	true	4	2	4	134	132	0	0	0	2	0	136	132	133	1	133	2	2	2	2	2	2	66	0	0	1259	5029	44120	7740	56889	7456	53549	30081	11	147	19
opaque-k1-w256	Eager	true	4	2	524	518	516	0	0	0	2	0	518	516	518	0	0	0	2	2	2	2	2	258	0	0	3515	19045	54320	26684	100049	26267	110300	109836	58	245	132
opaque-k1-w256	Named	true	2	1	2	520	260	0	0	0	1	0	0	516	0	0	0	0	1	2	2	1	1	258	0	0	1916	19045	11120	26540	56705	26267	72292	71828	31	28	74
opaque-k1-w256	Partitioned	true	4	2	4	518	516	0	0	0	2	0	520	516	517	1	517	2	2	2	2	2	2	258	0	0	4842	19045	165720	26556	211321	26273	200158	109762	42	536	60
opaque-k2-w0	Eager	true	8	4	32	16	12	0	0	0	4	0	16	12	16	0	0	0	4	4	4	4	4	14	0	0	120	559	3628	2900	7087	1633	6304	5840	1	9	5
opaque-k2-w0	Named	true	2	1	2	24	7	0	0	0	1	0	0	12	0	0	0	0	1	4	4	1	1	14	0	0	67	559	1232	2612	4403	1633	4540	4076	1	4	7
opaque-k2-w0	Partitioned	true	8	4	8	16	12	0	0	0	4	0	20	12	7	7	9	4	4	4	4	4	4	14	0	0	124	559	6254	2644	9457	1639	6866	5296	1	17	4
opaque-k2-w1	Eager	true	8	4	36	20	16	0	0	0	4	0	20	16	20	0	0	0	4	4	4	4	4	20	0	0	143	632	3920	3096	7648	1829	7061	6597	1	10	5
opaque-k2-w1	Named	true	2	1	2	28	8	0	0	0	1	0	0	16	0	0	0	0	1	4	4	1	1	20	0	0	78	632	1232	2808	4672	1829	5005	4541	1	2	7
opaque-k2-w1	Partitioned	true	8	4	8	20	16	0	0	0	4	0	24	16	11	7	13	4	4	4	4	4	4	20	0	0	155	632	6582	2840	10054	1835	7463	6053	1	20	5
opaque-k2-w8	Eager	true	8	4	64	48	44	0	0	0	4	0	48	44	48	0	0	0	4	4	4	4	4	62	0	0	306	1143	6268	4468	11879	3201	12360	11896	2	10	6
opaque-k2-w8	Named	true	2	1	2	56	15	0	0	0	1	0	0	44	0	0	0	0	1	4	4	1	1	62	0	0	157	1143	1536	4180	6859	3201	8260	7796	3	5	11
opaque-k2-w8	Partitioned	true	8	4	8	48	44	0	0	0	4	0	52	44	39	7	41	4	4	4	4	4	4	62	0	0	391	1143	15726	4212	21081	3207	18490	11352	3	42	7
opaque-k2-w64	Eager	true	8	4	288	272	268	0	0	0	4	0	272	268	272	0	0	0	4	4	4	4	4	398	0	0	1638	5231	27580	15444	48255	14178	54753	54289	12	86	45
opaque-k2-w64	Named	true	2	1	2	280	71	0	0	0	1	0	0	268	0	0	0	0	1	4	4	1	1	398	0	0	790	5231	3400	15156	23787	14178	34301	33837	14	14	54
opaque-k2-w64	Partitioned	true	8	4	8	272	268	0	0	0	4	0	276	268	263	7	265	4	4	4	4	4	4	398	0	0	2289	5231	82246	15188	102665	14184	95947	53745	12	252	33
opaque-k2-w256	Eager	true	8	4	1056	1040	1036	0	0	0	4	0	1040	1036	1040	0	0	0	4	4	4	4	4	1550	0	0	6219	19247	103204	53076	175527	51811	200098	199634	49	310	170
opaque-k2-w256	Named	true	2	1	2	1048	263	0	0	0	1	0	0	1036	0	0	0	0	1	4	4	1	1	1550	0	0	2968	19247	11224	52788	83259	51811	123582	123118	48	38	190
opaque-k2-w256	Partitioned	true	8	4	8	1040	1036	0	0	0	4	0	1044	1036	1031	7	1033	4	4	4	4	4	4	1550	0	0	8823	19247	318358	52820	390425	51817	368060	199090	42	995	93
opaque-k4-w0	Eager	true	32	16	192	96	80	0	0	0	16	0	96	80	96	0	0	0	16	16	16	16	16	328	0	0	527	963	19344	14664	34971	5925	26280	25384	1	25	24
opaque-k4-w0	Named	true	2	1	2	160	13	0	0	0	1	0	0	80	0	0	0	0	1	16	16	1	1	328	0	0	238	963	1624	13512	16099	5925	13960	13064	1	4	23
opaque-k4-w0	Partitioned	true	32	16	32	96	80	0	0	0	16	0	104	80	19	71	25	16	16	16	16	16	16	328	0	0	446	963	22914	13640	37517	5931	22322	20720	1	49	24
opaque-k4-w1	Eager	true	32	16	208	112	96	0	0	0	16	0	112	96	112	0	0	0	16	16	16	16	16	448	0	0	610	1036	20512	15448	36996	6709	29089	28193	3	29	29
opaque-k4-w1	Named	true	2	1	2	176	14	0	0	0	1	0	0	96	0	0	0	0	1	16	16	1	1	448	0	0	273	1036	1624	14296	16956	6709	15601	14705	3	7	26
opaque-k4-w1	Partitioned	true	32	16	32	112	96	0	0	0	16	0	120	96	35	71	41	16	16	16	16	16	16	448	0	0	566	1036	26154	14424	41614	6715	26419	23529	2	51	26
opaque-k4-w8	Eager	true	32	16	320	224	208	0	0	0	16	0	224	208	224	0	0	0	16	16	16	16	16	1288	0	0	1192	1547	28792	20936	51275	12197	48752	47856	3	50	44
opaque-k4-w8	Named	true	2	1	2	288	21	0	0	0	1	0	0	208	0	0	0	0	1	16	16	1	1	1288	0	0	519	1547	1728	19784	23059	12197	27088	26192	3	5	42
opaque-k4-w8	Partitioned	true	32	16	32	224	208	0	0	0	16	0	232	208	147	71	153	16	16	16	16	16	16	1288	0	0	1427	1547	56538	19912	77997	12203	62802	43192	5	209	48
opaque-k4-w64	Eager	true	32	16	1216	1120	1104	0	0	0	16	0	1120	1104	1120	0	0	0	16	16	16	16	16	8008	0	0	5992	5635	111544	64840	182019	56102	206057	205161	13	261	201
opaque-k4-w64	Named	true	2	1	2	1184	77	0	0	0	1	0	0	1104	0	0	0	0	1	16	16	1	1	8008	0	0	2496	5635	3592	63688	72915	56102	118985	118089	14	20	219
opaque-k4-w64	Partitioned	true	32	16	32	1120	1104	0	0	0	16	0	1128	1104	1043	71	1049	16	16	16	16	16	16	8008	0	0	8454	5635	313706	63816	383157	56108	351451	200497	9	682	152
opaque-k4-w256	Eager	true	32	16	4288	4192	4176	0	0	0	16	0	4192	4176	4192	0	0	0	16	16	16	16	16	31048	0	0	22488	19651	402200	215368	637219	206631	745386	744490	51	1078	1024
opaque-k4-w256	Named	true	2	1	2	4256	269	0	0	0	1	0	0	4176	0	0	0	0	1	16	16	1	1	31048	0	0	9281	19651	11312	214216	245179	206631	434058	433162	39	33	890
opaque-k4-w256	Partitioned	true	32	16	32	4192	4176	0	0	0	16	0	4200	4176	4115	71	4121	16	16	16	16	16	16	31048	0	0	32587	19651	1202746	214344	1436741	206637	1342444	739826	41	4259	655
opaque-k8-w0	Eager	true	512	256	5120	2560	2304	0	0	0	256	0	2560	2304	2560	0	0	0	256	256	256	256	256	96896	0	0	10876	1771	396112	297648	695531	134101	571072	556736	3	517	1846
opaque-k8-w0	Named	true	2	1	2	4608	25	0	0	0	1	0	0	2304	0	0	0	0	1	256	256	1	1	96896	0	0	4211	1771	1928	279216	282915	134101	284560	270224	3	4	970
opaque-k8-w0	Partitioned	true	512	256	512	2560	2304	0	0	0	256	0	2576	2304	259	2287	273	256	256	256	256	256	256	96896	0	0	7219	1771	317986	281264	601021	134107	427848	413512	3	598	1488
opaque-k8-w1	Eager	true	512	256	5376	2816	2560	0	0	0	256	0	2816	2560	2816	0	0	0	256	256	256	256	256	129536	0	0	12159	1844	414800	310192	726836	146645	614921	600585	3	406	1343
opaque-k8-w1	Named	true	2	1	2	4864	26	0	0	0	1	0	0	2560	0	0	0	0	1	256	256	1	1	129536	0	0	4726	1844	1928	291760	295532	146645	309721	295385	3	5	1593
opaque-k8-w1	Partitioned	true	512	256	512	2816	2560	0	0	0	256	0	2832	2560	515	2287	529	256	256	256	256	256	256	129536	0	0	9138	1844	386058	293808	681710	146651	471697	457361	4	627	991
opaque-k8-w8	Eager	true	512	256	7168	4608	4352	0	0	0	256	0	4608	4352	4608	0	0	0	256	256	256	256	256	358016	0	0	21141	2355	545720	398000	946075	234453	921864	907528	5	904	3595
opaque-k8-w8	Named	true	2	1	2	6656	33	0	0	0	1	0	0	4352	0	0	0	0	1	256	256	1	1	358016	0	0	8332	2355	2032	379568	383955	234453	485848	471512	5	9	2596
opaque-k8-w8	Partitioned	true	512	256	512	4608	4352	0	0	0	256	0	4624	4352	2307	2287	2321	256	256	256	256	256	256	358016	0	0	22598	2355	875170	381616	1259141	234459	987338	764304	5	2431	3695
opaque-k8-w64	Eager	true	512	256	21504	18944	18688	0	0	0	256	0	18944	18688	18944	0	0	0	256	256	256	256	256	2185856	0	0	95303	6443	1857672	1100464	2964579	936918	3377409	3363073	10	3112	20922
opaque-k8-w64	Named	true	2	1	2	20992	89	0	0	0	1	0	0	18688	0	0	0	0	1	256	256	1	1	2185856	0	0	37191	6443	4296	1082032	1092771	936918	1894865	1880529	15	17	21185
opaque-k8-w64	Partitioned	true	512	256	512	18944	18688	0	0	0	256	0	18960	18688	16643	2287	16657	256	256	256	256	256	256	2185856	0	0	132562	6443	5039162	1084080	6129685	936924	5593691	3219849	15	12755	36306
opaque-k8-w256	Eager	true	512	256	70656	68096	67840	0	0	0	256	0	68096	67840	68096	0	0	0	256	256	256	256	256	8452736	0	0	350117	20459	6450648	3508912	9980019	3345367	11796418	11782082	26	11602	88395
opaque-k8-w256	Named	true	2	1	2	70144	281	0	0	0	1	0	0	67840	0	0	0	0	1	256	256	1	1	8452736	0	0	136134	20459	11616	3490480	3522555	3345367	6725778	6711442	41	40	85500
opaque-k8-w256	Partitioned	true	512	256	512	68096	67840	0	0	0	256	0	68112	67840	65795	2287	65809	256	256	256	256	256	256	8452736	0	0	510127	20459	19412706	3492528	22925693	3345373	21388228	11638858	28	57920	364503
prefix-k0-w0	Eager	true	2	1	4	0	0	0	0	0	1	0	2	0	2	0	0	0	0	1	1	1	1	0	0	0	17	150	1038	520	1708	917	2267	2043	0	6	1
prefix-k0-w0	Named	true	2	1	2	0	0	0	0	0	1	0	0	0	0	0	0	0	0	1	1	1	1	0	0	0	13	150	904	520	1574	917	2267	2043	0	9	6
prefix-k0-w0	Partitioned	true	2	1	0	0	0	0	0	0	1	0	2	0	1	0	2	1	0	1	1	1	1	0	0	0	25	150	3657	528	4335	923	4343	2081	0	11	1
prefix-k0-w1	Eager	true	3	2	8	0	0	0	0	0	1	0	4	0	4	0	0	0	0	1	1	1	1	0	0	0	29	296	1184	520	2000	917	2413	2189	1	6	1
prefix-k0-w1	Named	true	3	2	4	0	0	0	0	0	1	0	0	0	0	0	0	0	0	1	1	1	1	0	0	0	19	296	904	520	1720	917	2413	2189	1	5	2
prefix-k0-w1	Partitioned	true	2	1	0	0	0	0	0	0	1	0	4	0	2	0	4	1	0	1	1	1	1	0	0	0	39	296	3756	528	4580	923	4571	2227	1	18	1
prefix-k0-w8	Eager	true	10	9	36	0	0	0	0	0	1	0	18	0	18	0	0	0	0	1	1	1	1	0	0	0	115	1318	2510	520	4348	917	4361	3211	3	11	2
prefix-k0-w8	Named	true	10	9	18	0	0	0	0	0	1	0	0	0	0	0	0	0	0	1	1	1	1	0	0	0	63	1318	1208	520	3046	917	3435	3211	3	7	2
prefix-k0-w8	Partitioned	true	2	1	0	0	0	0	0	0	1	0	18	0	9	0	18	1	0	1	1	1	1	0	0	0	143	1318	5889	528	7735	923	7607	3249	2	26	1
prefix-k0-w64	Eager	true	66	65	260	0	0	0	0	0	1	0	130	0	130	0	0	0	0	1	1	1	1	0	0	0	805	9494	12750	520	22764	918	22778	11388	19	50	1
prefix-k0-w64	Named	true	66	65	130	0	0	0	0	0	1	0	0	0	0	0	0	0	0	1	1	1	1	0	0	0	417	9494	3272	520	13286	918	13300	11388	19	12	2
prefix-k0-w64	Partitioned	true	2	1	0	0	0	0	0	0	1	0	130	0	65	0	130	1	0	1	1	1	1	0	0	0	999	9494	29985	528	40007	924	38928	11426	17	107	1
prefix-k0-w256	Eager	true	258	257	1028	0	0	0	0	0	1	0	514	0	514	0	0	0	0	1	1	1	1	0	0	0	3172	37526	48102	520	86148	919	86163	39421	78	170	1
prefix-k0-w256	Named	true	258	257	514	0	0	0	0	0	1	0	0	0	0	0	0	0	0	1	1	1	1	0	0	0	1632	37526	10592	520	48638	919	48653	39421	77	31	1
prefix-k0-w256	Partitioned	true	2	1	0	0	0	0	0	0	1	0	514	0	257	0	514	1	0	1	1	1	1	0	0	0	3942	37526	115737	528	153791	925	149449	39459	74	405	1
prefix-k1-w0	Eager	true	6	4	18	4	2	0	0	0	2	0	8	2	8	0	0	0	2	2	2	2	2	1	0	0	65	432	2230	1494	4156	1075	3779	3315	1	8	3
prefix-k1-w0	Named	true	3	2	4	6	3	0	0	0	1	0	0	2	0	0	0	0	1	2	2	1	1	1	0	0	38	432	1200	1350	2982	1075	3297	2833	1	5	4
prefix-k1-w0	Partitioned	true	6	4	8	4	2	0	0	0	2	0	9	2	6	1	6	2	2	2	2	2	2	1	0	0	74	432	4694	1366	6492	1081	5231	3241	1	12	2
prefix-k1-w1	Eager	true	8	6	26	4	2	0	0	0	2	0	12	2	12	0	0	0	2	2	2	2	2	1	0	0	83	578	2522	1494	4594	1075	3925	3461	1	5	4
prefix-k1-w1	Named	true	4	3	6	6	3	0	0	0	1	0	0	2	0	0	0	0	1	2	2	1	1	1	0	0	44	578	1200	1350	3128	1075	3443	2979	1	3	3
prefix-k1-w1	Partitioned	true	8	6	12	4	2	0	0	0	2	0	12	2	9	1	9	2	2	2	2	2	2	1	0	0	95	578	4940	1366	6884	1081	5623	3387	1	25	3
prefix-k1-w8	Eager	true	22	20	82	4	2	0	0	0	2	0	40	2	40	0	0	0	2	2	2	2	2	1	0	0	212	1600	4974	1494	8068	1075	6657	4483	3	16	3
prefix-k1-w8	Named	true	11	10	20	6	3	0	0	0	1	0	0	2	0	0	0	0	1	2	2	1	1	1	0	0	89	1600	1608	1350	4558	1075	4465	4001	2	6	5
prefix-k1-w8	Partitioned	true	22	20	40	4	2	0	0	0	2	0	33	2	30	1	30	2	2	2	2	2	2	1	0	0	260	1600	12446	1366	15412	1081	14151	4409	2	38	2
prefix-k1-w64	Eager	true	134	132	530	4	2	0	0	0	2	0	264	2	264	0	0	0	2	2	2	2	2	1	0	0	1238	9776	23390	1494	34660	1076	33250	12660	23	86	3
prefix-k1-w64	Named	true	67	66	132	6	3	0	0	0	1	0	0	2	0	0	0	0	1	2	2	1	1	1	0	0	443	9776	3672	1350	14798	1076	13844	12178	20	11	2
prefix-k1-w64	Partitioned	true	134	132	264	4	2	0	0	0	2	0	201	2	198	1	198	2	2	2	2	2	2	1	0	0	1556	9776	63998	1366	75140	1082	73880	12586	21	200	2
prefix-k1-w256	Eager	true	518	516	2066	4	2	0	0	0	2	0	1032	2	1032	0	0	0	2	2	2	2	2	1	0	0	4757	37808	86774	1494	126076	1077	124667	40693	80	330	3
prefix-k1-w256	Named	true	259	258	516	6	3	0	0	0	1	0	0	2	0	0	0	0	1	2	2	1	1	1	0	0	1658	37808	10992	1350	50150	1077	49197	40211	82	35	3
prefix-k1-w256	Partitioned	true	518	516	1032	4	2	0	0	0	2	0	777	2	774	1	774	2	2	2	2	2	2	1	0	0	6000	37808	240318	1366	279492	1083	278233	40619	52	475	2
prefix-k2-w0	Eager	true	16	12	56	16	8	0	0	0	4	0	24	8	24	0	0	0	8	4	4	4	4	8	0	0	148	714	4888	3072	8674	1549	6151	5687	1	12	5
prefix-k2-w0	Named	true	4	3	6	24	6	0	0	0	1	0	0	8	0	0	0	0	2	4	4	1	1	8	0	0	73	714	1400	2784	4898	1549	4575	4111	1	5	6
prefix-k2-w0	Partitioned	true	16	12	24	16	8	0	0	0	4	0	22	8	9	7	11	4	8	4	4	4	4	8	0	0	142	714	7092	2816	10622	1555	7103	5143	0	15	3
prefix-k2-w1	Eager	true	20	16	72	16	8	0	0	0	4	0	32	8	32	0	0	0	8	4	4	4	4	8	0	0	180	860	5776	3072	9708	1549	6297	5833	1	12	4
prefix-k2-w1	Named	true	5	4	8	24	6	0	0	0	1	0	0	8	0	0	0	0	2	4	4	1	1	8	0	0	81	860	1704	2784	5348	1549	4721	4257	1	3	112
prefix-k2-w1	Partitioned	true	20	16	32	16	8	0	0	0	4	0	27	8	14	7	16	4	8	4	4	4	4	8	0	0	182	860	10406	2816	14082	1555	10563	5289	1	29	5
prefix-k2-w8	Eager	true	48	44	184	16	8	0	0	0	4	0	88	8	88	0	0	0	8	4	4	4	4	8	0	0	392	1882	10072	3072	15026	1549	11183	6855	4	34	14
prefix-k2-w8	Named	true	12	11	22	24	6	0	0	0	1	0	0	8	0	0	0	0	2	4	4	1	1	8	0	0	125	1882	1912	2784	6578	1549	5743	5279	15	11	7
prefix-k2-w8	Partitioned	true	48	44	88	16	8	0	0	0	4	0	62	8	49	7	51	4	8	4	4	4	4	8	0	0	417	1882	19108	2816	23806	1555	20287	6311	4	69	5
prefix-k2-w64	Eager	true	272	268	1080	16	8	0	0	0	4	0	536	8	536	0	0	0	8	4	4	4	4	8	0	0	2091	10058	45040	3072	58170	1550	54328	15032	21	148	8
prefix-k2-w64	Named	true	68	67	134	24	6	0	0	0	1	0	0	8	0	0	0	0	2	4	4	1	1	8	0	0	480	10058	4176	2784	17018	1550	14920	13456	20	14	5
prefix-k2-w64	Partitioned	true	272	268	536	16	8	0	0	0	4	0	342	8	329	7	331	4	8	4	4	4	4	8	0	0	2331	10058	102140	2816	115014	1556	111496	14488	20	327	5
prefix-k2-w256	Eager	true	1040	1036	4152	16	8	0	0	0	4	0	2072	8	2072	0	0	0	8	4	4	4	4	8	0	0	7912	38090	164184	3072	205346	1551	201505	43065	81	583	5
prefix-k2-w256	Named	true	260	259	518	24	6	0	0	0	1	0	0	8	0	0	0	0	2	4	4	1	1	8	0	0	1693	38090	11192	2784	52066	1551	49969	41489	78	33	6
prefix-k2-w256	Partitioned	true	1040	1036	2072	16	8	0	0	0	4	0	1302	8	1289	7	1291	4	8	4	4	4	4	8	0	0	8890	38090	387036	2816	427942	1557	424425	42521	91	1246	4
prefix-k4-w0	Eager	true	96	80	384	128	64	0	0	0	16	0	160	64	160	0	0	0	64	16	16	16	16	208	0	0	756	1278	29936	18360	49574	6549	27027	26131	3	41	32
prefix-k4-w0	Named	true	6	5	10	192	12	0	0	0	1	0	0	64	0	0	0	0	4	16	16	1	1	208	0	0	311	1278	1920	17208	20406	6549	15571	14675	3	5	25
prefix-k4-w0	Partitioned	true	96	80	160	128	64	0	0	0	16	0	108	64	23	71	29	16	64	16	16	16	16	208	0	0	587	1278	29176	17336	47790	6555	23547	21467	3	56	33
prefix-k4-w1	Eager	true	112	96	448	128	64	0	0	0	16	0	192	64	192	0	0	0	64	16	16	16	16	208	0	0	859	1424	32376	18360	52160	6549	27173	26277	3	47	30
prefix-k4-w1	Named	true	7	6	12	192	12	0	0	0	1	0	0	64	0	0	0	0	4	16	16	1	1	208	0	0	318	1424	2024	17208	20656	6549	15717	14821	3	6	28
prefix-k4-w1	Partitioned	true	112	96	192	128	64	0	0	0	16	0	125	64	40	71	46	16	64	16	16	16	16	208	0	0	688	1424	33546	17336	52306	6555	28063	21613	3	74	24
prefix-k4-w8	Eager	true	224	208	896	128	64	0	0	0	16	0	416	64	416	0	0	0	64	16	16	16	16	208	0	0	1575	2446	48936	18360	69742	6549	42811	27299	7	324	22
prefix-k4-w8	Named	true	14	13	26	192	12	0	0	0	1	0	0	64	0	0	0	0	4	16	16	1	1	208	0	0	362	2446	2232	17208	21886	6549	16739	15843	6	8	32
prefix-k4-w8	Partitioned	true	224	208	416	128	64	0	0	0	16	0	244	64	159	71	165	16	64	16	16	16	16	208	0	0	1386	2446	66000	17336	85782	6555	61539	22635	5	197	26
prefix-k4-w64	Eager	true	1120	1104	4480	128	64	0	0	0	16	0	2208	64	2208	0	0	0	64	16	16	16	16	208	0	0	7306	10622	182016	18360	210998	6550	184068	35476	23	582	49
prefix-k4-w64	Named	true	70	69	138	192	12	0	0	0	1	0	0	64	0	0	0	0	4	16	16	1	1	208	0	0	717	10622	4496	17208	32326	6550	24916	24020	20	13	26
prefix-k4-w64	Partitioned	true	1120	1104	2208	128	64	0	0	0	16	0	1196	64	1111	71	1117	16	64	16	16	16	16	208	0	0	6973	10622	324928	17336	352886	6556	328644	30812	22	1181	23
prefix-k4-w256	Eager	true	4192	4176	16768	128	64	0	0	0	16	0	8352	64	8352	0	0	0	64	16	16	16	16	208	0	0	26953	38654	637848	18360	694862	6551	667933	63509	55	1364	18
prefix-k4-w256	Named	true	262	261	522	192	12	0	0	0	1	0	0	64	0	0	0	0	4	16	16	1	1	208	0	0	1932	38654	11816	17208	67678	6551	55949	52053	80	32	30
prefix-k4-w256	Partitioned	true	4192	4176	8352	128	64	0	0	0	16	0	4460	64	4375	71	4381	16	64	16	16	16	16	208	0	0	26131	38654	1216072	17336	1272062	6557	1247821	58845	81	3122	16
prefix-k8-w0	Eager	true	2560	2304	11264	4096	2048	0	0	0	256	0	4608	2048	4608	0	0	0	2048	256	256	256	256	64256	0	0	18566	2406	763432	453040	1218878	174805	648251	633915	2	638	1102
prefix-k8-w0	Named	true	10	9	18	6144	24	0	0	0	1	0	0	2048	0	0	0	0	8	256	256	1	1	64256	0	0	7301	2406	2744	434608	439758	174805	366715	352379	4	10	1484
prefix-k8-w0	Partitioned	true	2560	2304	4608	4096	2048	0	0	0	256	0	2584	2048	267	2287	281	256	2048	256	256	256	256	64256	0	0	12367	2406	539584	436656	978646	174811	505027	490691	2	467	895
prefix-k8-w1	Eager	true	2816	2560	12288	4096	2048	0	0	0	256	0	5120	2048	5120	0	0	0	2048	256	256	256	256	64256	0	0	20108	2552	800808	453040	1256400	174805	648397	634061	4	942	1018
prefix-k8-w1	Named	true	11	10	20	6144	24	0	0	0	1	0	0	2048	0	0	0	0	8	256	256	1	1	64256	0	0	7307	2552	2744	434608	439904	174805	366861	352525	4	6	1487
prefix-k8-w1	Partitioned	true	2816	2560	5120	4096	2048	0	0	0	256	0	2841	2048	524	2287	538	256	2048	256	256	256	256	64256	0	0	13784	2552	608466	436656	1047674	174811	505173	490837	4	1018	1701
prefix-k8-w8	Eager	true	4608	4352	19456	4096	2048	0	0	0	256	0	8704	2048	8704	0	0	0	2048	256	256	256	256	64256	0	0	30904	3574	1062648	453040	1519262	174805	856755	635083	5	1396	1058
prefix-k8-w8	Named	true	18	17	34	6144	24	0	0	0	1	0	0	2048	0	0	0	0	8	256	256	1	1	64256	0	0	7351	3574	2952	434608	441134	174805	367883	353547	4	4	843
prefix-k8-w8	Partitioned	true	4608	4352	8704	4096	2048	0	0	0	256	0	4640	2048	2323	2287	2337	256	2048	256	256	256	256	64256	0	0	23718	3574	1097560	436656	1537790	174811	932235	491859	7	2085	887
prefix-k8-w64	Eager	true	18944	18688	76800	4096	2048	0	0	0	256	0	37376	2048	37376	0	0	0	2048	256	256	256	256	64256	0	0	117275	11750	3157968	453040	3622758	174806	2960252	643260	14	7817	988
prefix-k8-w64	Named	true	74	73	146	6144	24	0	0	0	1	0	0	2048	0	0	0	0	8	256	256	1	1	64256	0	0	7706	11750	5216	434608	451574	174806	376060	361724	23	15	1461
prefix-k8-w64	Partitioned	true	18944	18688	37376	4096	2048	0	0	0	256	0	19032	2048	16715	2287	16729	256	2048	256	256	256	256	64256	0	0	103205	11750	5017200	436656	5465606	174812	4860052	500036	45	16817	847
prefix-k8-w256	Eager	true	68096	67840	273408	4096	2048	0	0	0	256	0	135680	2048	135680	0	0	0	2048	256	256	256	256	64256	0	0	413402	39782	10341480	453040	10834302	174807	10171797	671293	55	36313	999
prefix-k8-w256	Named	true	266	265	530	6144	24	0	0	0	1	0	0	2048	0	0	0	0	8	256	256	1	1	64256	0	0	8921	39782	12536	434608	486926	174807	404093	389757	80	32	1441
prefix-k8-w256	Partitioned	true	68096	67840	135680	4096	2048	0	0	0	256	0	68376	2048	66059	2287	66073	256	2048	256	256	256	256	64256	0	0	375712	39782	18450208	436656	18926646	174813	18321093	528069	81	73222	844
correlated-k0-w0	Eager	true	2	1	4	0	0	0	0	0	1	0	2	0	2	0	0	0	0	1	1	1	1	0	0	0	17	150	1038	520	1708	921	2271	2047	0	5	1
correlated-k0-w0	Named	true	2	1	2	0	0	0	0	0	1	0	0	0	0	0	0	0	0	1	1	1	1	0	0	0	13	150	904	520	1574	921	2271	2047	0	4	1
correlated-k0-w0	Partitioned	true	2	1	0	0	0	0	0	0	1	0	2	0	1	0	2	1	0	1	1	1	1	0	0	0	25	150	3657	528	4335	927	4347	2085	0	10	0
correlated-k0-w1	Eager	true	3	2	8	0	0	0	0	0	1	0	4	0	4	0	0	0	0	1	1	1	1	0	0	0	29	296	1184	520	2000	921	2417	2193	0	5	1
correlated-k0-w1	Named	true	3	2	4	0	0	0	0	0	1	0	0	0	0	0	0	0	0	1	1	1	1	0	0	0	19	296	904	520	1720	921	2417	2193	0	3	1
correlated-k0-w1	Partitioned	true	2	1	0	0	0	0	0	0	1	0	4	0	2	0	4	1	0	1	1	1	1	0	0	0	39	296	3756	528	4580	927	4575	2231	0	14	0
correlated-k0-w8	Eager	true	10	9	36	0	0	0	0	0	1	0	18	0	18	0	0	0	0	1	1	1	1	0	0	0	115	1318	2510	520	4348	921	4365	3215	2	10	1
correlated-k0-w8	Named	true	10	9	18	0	0	0	0	0	1	0	0	0	0	0	0	0	0	1	1	1	1	0	0	0	63	1318	1208	520	3046	921	3439	3215	2	4	1
correlated-k0-w8	Partitioned	true	2	1	0	0	0	0	0	0	1	0	18	0	9	0	18	1	0	1	1	1	1	0	0	0	143	1318	5889	528	7735	927	7611	3253	2	21	1
correlated-k0-w64	Eager	true	66	65	260	0	0	0	0	0	1	0	130	0	130	0	0	0	0	1	1	1	1	0	0	0	805	9494	12750	520	22764	922	22782	11392	18	44	1
correlated-k0-w64	Named	true	66	65	130	0	0	0	0	0	1	0	0	0	0	0	0	0	0	1	1	1	1	0	0	0	417	9494	3272	520	13286	922	13304	11392	17	10	1
correlated-k0-w64	Partitioned	true	2	1	0	0	0	0	0	0	1	0	130	0	65	0	130	1	0	1	1	1	1	0	0	0	999	9494	29985	528	40007	928	38932	11430	16	110	1
correlated-k0-w256	Eager	true	258	257	1028	0	0	0	0	0	1	0	514	0	514	0	0	0	0	1	1	1	1	0	0	0	3172	37526	48102	520	86148	923	86167	39425	80	169	1
correlated-k0-w256	Named	true	258	257	514	0	0	0	0	0	1	0	0	0	0	0	0	0	0	1	1	1	1	0	0	0	1632	37526	10592	520	48638	923	48657	39425	71	31	1
correlated-k0-w256	Partitioned	true	2	1	0	0	0	0	0	0	1	0	514	0	257	0	514	1	0	1	1	1	1	0	0	0	3942	37526	115737	528	153791	929	149453	39463	73	400	1
correlated-k1-w0	Eager	true	6	4	20	0	0	0	0	0	2	0	8	0	8	0	0	0	0	2	1	2	2	0	0	0	57	554	1672	824	3050	921	2899	2611	1	5	2
correlated-k1-w0	Named	true	6	4	12	0	0	0	1	1	2	0	0	0	0	0	0	0	0	2	1	2	2	0	0	0	35	554	1096	824	2474	921	2899	2611	1	5	2
correlated-k1-w0	Partitioned	true	4	2	0	0	0	0	0	0	2	0	12	0	4	0	8	2	0	2	1	2	2	0	0	0	68	554	4680	696	5930	927	5721	2537	1	13	1
correlated-k1-w1	Eager	true	8	6	28	0	0	0	0	0	2	0	12	0	12	0	0	0	0	2	1	2	2	0	0	0	75	700	1964	824	3488	921	3169	2757	1	7	1
correlated-k1-w1	Named	true	7	5	14	0	0	0	1	1	2	0	0	0	0	0	0	0	0	2	1	2	2	0	0	0	41	700	1096	824	2620	921	3045	2757	1	4	2
correlated-k1-w1	Partitioned	true	4	2	0	0	0	0	0	0	2	0	16	0	6	0	12	2	0	2	1	2	2	0	0	0	90	700	4878	696	6274	927	6031	2683	1	15	1
correlated-k1-w8	Eager	true	22	20	84	0	0	0	0	0	2	0	40	0	40	0	0	0	0	2	1	2	2	0	0	0	204	1722	4416	824	6962	921	6643	3779	3	13	2
correlated-k1-w8	Named	true	14	12	28	0	0	0	1	1	2	0	0	0	0	0	0	0	0	2	1	2	2	0	0	0	86	1722	1504	824	4050	921	4067	3779	3	6	4
correlated-k1-w8	Partitioned	true	4	2	0	0	0	0	0	0	2	0	44	0	20	0	40	2	0	2	1	2	2	0	0	0	260	1722	11128	696	13546	927	13065	3705	3	103	6
correlated-k1-w64	Eager	true	134	132	532	0	0	0	0	0	2	0	264	0	264	0	0	0	0	2	1	2	2	0	0	0	1230	9898	22832	824	33554	922	33236	11956	20	87	2
correlated-k1-w64	Named	true	70	68	140	0	0	0	1	1	2	0	0	0	0	0	0	0	0	2	1	2	2	0	0	0	440	9898	3568	824	14290	922	13828	11956	20	18	2
correlated-k1-w64	Partitioned	true	4	2	0	0	0	0	0	0	2	0	268	0	132	0	264	2	0	2	1	2	2	0	0	0	1601	9898	53984	696	64578	928	62194	11882	20	197	1
correlated-k1-w256	Eager	true	518	516	2068	0	0	0	0	0	2	0	1032	0	1032	0	0	0	0	2	1	2	2	0	0	0	4749	37930	86216	824	124970	923	124653	39989	75	293	2
correlated-k1-w256	Named	true	262	260	524	0	0	0	1	1	2	0	0	0	0	0	0	0	0	2	1	2	2	0	0	0	1655	37930	10888	824	49642	923	49181	39989	75	32	2
correlated-k1-w256	Partitioned	true	4	2	0	0	0	0	0	0	2	0	1036	0	516	0	1032	2	0	2	1	2	2	0	0	0	6205	37930	202944	696	241570	929	232659	39915	72	803	2
correlated-k2-w0	Eager	true	16	12	64	0	0	0	0	0	4	0	24	0	24	0	0	0	0	4	1	4	4	0	0	0	121	958	3600	1160	5718	921	4759	3383	1	11	2
correlated-k2-w0	Named	true	14	10	32	0	0	0	3	6	4	0	0	0	0	0	0	0	0	4	1	4	4	0	0	0	58	958	1656	1160	3774	921	3551	3255	1	6	2
correlated-k2-w0	Partitioned	true	8	4	0	0	0	0	0	0	4	0	32	0	6	8	16	4	0	4	1	4	4	0	0	0	115	958	6214	904	8076	927	7553	3037	1	20	2
correlated-k2-w1	Eager	true	20	16	80	0	0	0	0	0	4	0	32	0	32	0	0	0	0	4	1	4	4	0	0	0	151	1104	4184	1160	6448	921	5489	3529	1	12	3
correlated-k2-w1	Named	true	15	11	34	0	0	0	3	6	4	0	0	0	0	0	0	0	0	4	1	4	4	0	0	0	64	1104	1656	1160	3920	921	3697	3401	1	4	2
correlated-k2-w1	Partitioned	true	8	4	0	0	0	0	0	0	4	0	40	0	10	8	24	4	0	4	1	4	4	0	0	0	154	1104	6890	904	8898	927	8307	3183	2	27	2
correlated-k2-w8	Eager	true	48	44	192	0	0	0	0	0	4	0	88	0	88	0	0	0	0	4	1	4	4	0	0	0	363	2126	8480	1160	11766	921	10807	4551	3	24	2
correlated-k2-w8	Named	true	22	18	48	0	0	0	3	6	4	0	0	0	0	0	0	0	0	4	1	4	4	0	0	0	108	2126	1864	1160	5150	921	4719	4423	3	10	3
correlated-k2-w8	Partitioned	true	8	4	0	0	0	0	0	0	4	0	96	0	38	8	80	4	0	4	1	4	4	0	0	0	442	2126	16806	904	19836	927	18769	4205	3	85	3
correlated-k2-w64	Eager	true	272	268	1088	0	0	0	0	0	4	0	536	0	536	0	0	0	0	4	1	4	4	0	0	0	2062	10302	43448	1160	54910	922	53952	12728	21	140	3
correlated-k2-w64	Named	true	78	74	160	0	0	0	3	6	4	0	0	0	0	0	0	0	0	4	1	4	4	0	0	0	463	10302	4128	1160	15590	922	14536	12600	21	17	3
correlated-k2-w64	Partitioned	true	8	4	0	0	0	0	0	0	4	0	544	0	262	8	528	4	0	4	1	4	4	0	0	0	2755	10302	97934	904	109140	928	104266	12382	21	403	2
correlated-k2-w256	Eager	true	1040	1036	4160	0	0	0	0	0	4	0	2072	0	2072	0	0	0	0	4	1	4	4	0	0	0	7884	38334	162696	1160	202190	923	201233	40761	79	598	3
correlated-k2-w256	Named	true	270	266	544	0	0	0	3	6	4	0	0	0	0	0	0	0	0	4	1	4	4	0	0	0	1677	38334	11248	1160	50742	923	49689	40633	55	25	2
correlated-k2-w256	Partitioned	true	8	4	0	0	0	0	0	0	4	0	2080	0	1030	8	2064	4	0	4	1	4	4	0	0	0	10687	38334	378182	904	417420	929	399491	40415	73	1546	2
correlated-k4-w0	Eager	true	96	80	448	0	0	0	0	0	16	0	160	0	160	0	0	0	0	16	1	16	16	0	0	0	532	1766	20560	4984	27310	921	17815	8127	2	40	8
correlated-k4-w0	Named	true	62	46	152	0	0	0	15	60	16	0	0	0	0	0	0	0	0	16	1	16	16	0	0	0	149	1766	7776	4984	14526	921	8871	7583	1	9	6
correlated-k4-w0	Partitioned	true	32	16	0	0	0	0	0	0	16	0	176	0	18	112	48	16	0	16	1	16	16	0	0	0	334	1766	20082	3960	25808	927	18945	6725	2	60	6
correlated-k4-w1	Eager	true	112	96	512	0	0	0	0	0	16	0	192	0	192	0	0	0	0	16	1	16	16	0	0	0	634	1912	22896	4984	29792	921	20297	8273	2	43	7
correlated-k4-w1	Named	true	63	47	154	0	0	0	15	60	16	0	0	0	0	0	0	0	0	16	1	16	16	0	0	0	155	1912	7776	4984	14672	921	9017	7729	1	10	6
correlated-k4-w1	Partitioned	true	32	16	0	0	0	0	0	0	16	0	208	0	34	112	80	16	0	16	1	16	16	0	0	0	480	1912	26010	3960	31882	927	24747	6871	8	100	6
correlated-k4-w8	Eager	true	224	208	960	0	0	0	0	0	16	0	416	0	416	0	0	0	0	16	1	16	16	0	0	0	1350	2934	39456	4984	47374	921	37879	9295	5	94	10
correlated-k4-w8	Named	true	70	54	168	0	0	0	15	60	16	0	0	0	0	0	0	0	0	16	1	16	16	0	0	0	199	2934	7984	4984	15902	921	10039	8751	6	16	9
correlated-k4-w8	Partitioned	true	32	16	0	0	0	0	0	0	16	0	432	0	146	112	304	16	0	16	1	16	16	0	0	0	1491	2934	62890	3960	69784	927	60745	7893	3	161	4
correlated-k4-w64	Eager	true	1120	1104	4544	0	0	0	0	0	16	0	2208	0	2208	0	0	0	0	16	1	16	16	0	0	0	7081	11110	172536	4984	188630	922	179136	17472	20	516	8
correlated-k4-w64	Named	true	126	110	280	0	0	0	15	60	16	0	0	0	0	0	0	0	0	16	1	16	16	0	0	0	554	11110	10248	4984	26342	922	18216	16928	19	19	8
correlated-k4-w64	Partitioned	true	32	16	0	0	0	0	0	0	16	0	2224	0	1042	112	2096	16	0	16	1	16	16	0	0	0	9588	11110	359986	3960	375056	928	350786	16070	20	1662	6
correlated-k4-w256	Eager	true	4192	4176	16832	0	0	0	0	0	16	0	8352	0	8352	0	0	0	0	16	1	16	16	0	0	0	26728	39142	628368	4984	672494	923	663001	45505	80	2285	9
correlated-k4-w256	Named	true	318	302	664	0	0	0	15	60	16	0	0	0	0	0	0	0	0	16	1	16	16	0	0	0	1769	39142	17568	4984	61694	923	50953	44961	76	38	8
correlated-k4-w256	Partitioned	true	32	16	0	0	0	0	0	0	16	0	8368	0	4114	112	8240	16	0	16	1	16	16	0	0	0	37341	39142	1376138	3960	1419240	929	1343220	44103	75	6998	9
correlated-k8-w0	Eager	true	2560	2304	13312	0	0	0	0	0	256	0	4608	0	4608	0	0	0	0	256	1	256	256	0	0	0	11682	3382	503688	86832	593902	921	385791	104847	5	1023	589
correlated-k8-w0	Named	true	1022	766	2552	0	0	0	255	2040	256	0	0	0	0	0	0	0	0	256	1	256	256	0	0	0	1443	3382	125304	86832	215518	921	99535	80239	4	93	585
correlated-k8-w0	Partitioned	true	512	256	0	0	0	0	0	0	256	0	4640	0	258	4064	544	256	0	256	1	256	256	0	0	0	3996	3382	291234	70448	365064	927	213121	65941	5	726	212
correlated-k8-w1	Eager	true	2816	2560	14336	0	0	0	0	0	256	0	5120	0	5120	0	0	0	0	256	1	256	256	0	0	0	13224	3528	541064	86832	631424	921	423313	104993	5	1020	701
correlated-k8-w1	Named	true	1023	767	2554	0	0	0	255	2040	256	0	0	0	0	0	0	0	0	256	1	256	256	0	0	0	1449	3528	125304	86832	215664	921	99681	80385	5	97	505
correlated-k8-w1	Partitioned	true	512	256	0	0	0	0	0	0	256	0	5152	0	514	4064	1056	256	0	256	1	256	256	0	0	0	6216	3528	375738	70448	449714	927	293419	66087	5	1204	234
correlated-k8-w8	Eager	true	4608	4352	21504	0	0	0	0	0	256	0	8704	0	8704	0	0	0	0	256	1	256	256	0	0	0	24020	4550	802904	86832	894286	921	686175	106015	6	1815	372
correlated-k8-w8	Named	true	1030	774	2568	0	0	0	255	2040	256	0	0	0	0	0	0	0	0	256	1	256	256	0	0	0	1493	4550	125512	86832	216894	921	100703	81407	6	125	584
correlated-k8-w8	Partitioned	true	512	256	0	0	0	0	0	0	256	0	8736	0	2306	4064	4640	256	0	256	1	256	256	0	0	0	21782	4550	980642	70448	1055640	927	868881	67109	6	4083	218
correlated-k8-w64	Eager	true	18944	18688	78848	0	0	0	0	0	256	0	37376	0	37376	0	0	0	0	256	1	256	256	0	0	0	110391	12726	2898224	86832	2997782	922	2789672	114192	22	8998	322
correlated-k8-w64	Named	true	1086	830	2680	0	0	0	255	2040	256	0	0	0	0	0	0	0	0	256	1	256	256	0	0	0	1848	12726	127776	86832	227334	922	108880	89584	23	106	585
correlated-k8-w64	Partitioned	true	512	256	0	0	0	0	0	0	256	0	37408	0	16642	4064	33312	256	0	256	1	256	256	0	0	0	146307	12726	5813674	70448	5896848	928	5466378	75286	23	23001	119
correlated-k8-w256	Eager	true	68096	67840	275456	0	0	0	0	0	256	0	135680	0	135680	0	0	0	0	256	1	256	256	0	0	0	406518	40758	10081736	86832	10209326	923	10001217	142225	84	40829	309
correlated-k8-w256	Named	true	1278	1022	3064	0	0	0	255	2040	256	0	0	0	0	0	0	0	0	256	1	256	256	0	0	0	3063	40758	135096	86832	262686	923	136913	117617	56	83	296
correlated-k8-w256	Partitioned	true	512	256	0	0	0	0	0	0	256	0	135712	0	65794	4064	131616	256	0	256	1	256	256	0	0	0	573252	40758	22386154	70448	22497360	929	21231307	103319	82	97516	122
discriminate-k0-w0	Eager	true	2	1	4	0	0	0	0	0	1	0	2	0	2	0	0	0	0	1	1	1	1	0	0	0	17	150	1038	520	1708	923	2273	2049	0	4	0
discriminate-k0-w0	Named	true	2	1	2	0	0	0	0	0	1	0	0	0	0	0	0	0	0	1	1	1	1	0	0	0	13	150	904	520	1574	923	2273	2049	1	4	3
discriminate-k0-w0	Partitioned	true	2	1	0	0	0	0	0	0	1	0	2	0	1	0	2	1	0	1	1	1	1	0	0	0	25	150	3657	528	4335	929	4349	2087	0	8	0
discriminate-k0-w1	Eager	true	3	2	8	0	0	0	0	0	1	0	4	0	4	0	0	0	0	1	1	1	1	0	0	0	29	296	1184	520	2000	923	2419	2195	0	4	3
discriminate-k0-w1	Named	true	3	2	4	0	0	0	0	0	1	0	0	0	0	0	0	0	0	1	1	1	1	0	0	0	19	296	904	520	1720	923	2419	2195	0	3	0
discriminate-k0-w1	Partitioned	true	2	1	0	0	0	0	0	0	1	0	4	0	2	0	4	1	0	1	1	1	1	0	0	0	39	296	3756	528	4580	929	4577	2233	0	9	0
discriminate-k0-w8	Eager	true	10	9	36	0	0	0	0	0	1	0	18	0	18	0	0	0	0	1	1	1	1	0	0	0	115	1318	2510	520	4348	923	4367	3217	2	9	0
discriminate-k0-w8	Named	true	10	9	18	0	0	0	0	0	1	0	0	0	0	0	0	0	0	1	1	1	1	0	0	0	63	1318	1208	520	3046	923	3441	3217	2	3	0
discriminate-k0-w8	Partitioned	true	2	1	0	0	0	0	0	0	1	0	18	0	9	0	18	1	0	1	1	1	1	0	0	0	143	1318	5889	528	7735	929	7613	3255	2	17	0
discriminate-k0-w64	Eager	true	66	65	260	0	0	0	0	0	1	0	130	0	130	0	0	0	0	1	1	1	1	0	0	0	805	9494	12750	520	22764	924	22784	11394	19	59	1
discriminate-k0-w64	Named	true	66	65	130	0	0	0	0	0	1	0	0	0	0	0	0	0	0	1	1	1	1	0	0	0	417	9494	3272	520	13286	924	13306	11394	23	14	1
discriminate-k0-w64	Partitioned	true	2	1	0	0	0	0	0	0	1	0	130	0	65	0	130	1	0	1	1	1	1	0	0	0	999	9494	29985	528	40007	930	38934	11432	19	123	1
discriminate-k0-w256	Eager	true	258	257	1028	0	0	0	0	0	1	0	514	0	514	0	0	0	0	1	1	1	1	0	0	0	3172	37526	48102	520	86148	925	86169	39427	78	170	0
discriminate-k0-w256	Named	true	258	257	514	0	0	0	0	0	1	0	0	0	0	0	0	0	0	1	1	1	1	0	0	0	1632	37526	10592	520	48638	925	48659	39427	78	31	1
discriminate-k0-w256	Partitioned	true	2	1	0	0	0	0	0	0	1	0	514	0	257	0	514	1	0	1	1	1	1	0	0	0	3942	37526	115737	528	153791	931	149455	39465	80	463	0
discriminate-k1-w0	Eager	true	5	4	18	0	0	0	0	0	1	1	8	0	8	0	0	0	0	1	1	2	1	0	0	0	50	425	1640	672	2737	923	2620	2396	1	4	1
discriminate-k1-w0	Named	true	5	4	10	0	0	0	1	1	1	1	0	0	0	0	0	0	0	1	1	2	1	0	0	0	28	425	1064	672	2161	923	2620	2396	1	3	1
discriminate-k1-w0	Partitioned	true	4	3	4	0	0	0	0	0	1	1	9	0	4	1	6	2	0	1	1	2	1	0	0	0	55	425	3972	608	5005	929	4922	2362	1	15	1
discriminate-k1-w1	Eager	true	7	6	26	0	0	0	0	0	1	1	12	0	12	0	0	0	0	1	1	2	1	0	0	0	68	571	1932	672	3175	923	3026	2542	1	7	1
discriminate-k1-w1	Named	true	6	5	12	0	0	0	1	1	1	1	0	0	0	0	0	0	0	1	1	2	1	0	0	0	34	571	1064	672	2307	923	2766	2542	1	4	1
discriminate-k1-w1	Partitioned	true	5	4	6	0	0	0	0	0	1	1	12	0	6	1	9	2	0	1	1	2	1	0	0	0	74	571	4153	608	5332	929	5232	2508	1	11	1
discriminate-k1-w8	Eager	true	21	20	82	0	0	0	0	0	1	1	40	0	40	0	0	0	0	1	1	2	1	0	0	0	197	1593	4384	672	6649	923	6500	3564	3	14	1
discriminate-k1-w8	Named	true	13	12	26	0	0	0	1	1	1	1	0	0	0	0	0	0	0	1	1	2	1	0	0	0	79	1593	1472	672	3737	923	3788	3564	2	5	1
discriminate-k1-w8	Partitioned	true	12	11	20	0	0	0	0	0	1	1	33	0	20	1	30	2	0	1	1	2	1	0	0	0	223	1593	10380	608	12581	929	12362	3530	3	36	1
discriminate-k1-w64	Eager	true	133	132	530	0	0	0	0	0	1	1	264	0	264	0	0	0	0	1	1	2	1	0	0	0	1223	9769	22800	672	33241	924	33093	11741	18	75	1
discriminate-k1-w64	Named	true	69	68	138	0	0	0	1	1	1	1	0	0	0	0	0	0	0	1	1	2	1	0	0	0	433	9769	3536	672	13977	924	13685	11741	19	12	1
discriminate-k1-w64	Partitioned	true	68	67	132	0	0	0	0	0	1	1	201	0	132	1	198	2	0	1	1	2	1	0	0	0	1387	9769	49668	608	60045	930	58875	11707	26	227	1
discriminate-k1-w256	Eager	true	517	516	2066	0	0	0	0	0	1	1	1032	0	1032	0	0	0	0	1	1	2	1	0	0	0	4742	37801	86184	672	124657	925	124510	39774	82	316	2
discriminate-k1-w256	Named	true	261	260	522	0	0	0	1	1	1	1	0	0	0	0	0	0	0	1	1	2	1	0	0	0	1648	37801	10856	672	49329	925	49038	39774	81	34	1
discriminate-k1-w256	Partitioned	true	260	259	516	0	0	0	0	0	1	1	777	0	516	1	774	2	0	1	1	2	1	0	0	0	5382	37801	185548	608	223957	931	219524	39740	76	683	1
discriminate-k2-w0	Eager	true	11	10	52	0	0	0	0	0	1	3	24	0	24	0	0	0	0	1	1	4	1	0	0	0	104	700	3296	680	4676	923	4199	2719	1	11	1
discriminate-k2-w0	Named	true	8	7	18	0	0	0	2	4	1	2	0	0	0	0	0	0	0	1	1	2	1	0	0	0	39	700	1264	680	2644	923	2943	2719	1	4	1
discriminate-k2-w0	Partitioned	true	9	8	12	0	0	0	0	0	1	3	22	0	6	7	11	4	0	1	1	4	1	0	0	0	87	700	5235	616	6551	929	6233	2637	0	14	0
discriminate-k2-w1	Eager	true	15	14	68	0	0	0	0	0	1	3	32	0	32	0	0	0	0	1	1	4	1	0	0	0	136	846	4184	680	5710	923	5233	2865	1	12	1
discriminate-k2-w1	Named	true	9	8	20	0	0	0	2	4	1	2	0	0	0	0	0	0	0	1	1	2	1	0	0	0	47	846	1568	680	3094	923	3089	2865	1	4	1
discriminate-k2-w1	Partitioned	true	12	11	18	0	0	0	0	0	1	3	27	0	10	7	16	4	0	1	1	4	1	0	0	0	121	846	6644	616	8106	929	7771	2783	1	21	1
discriminate-k2-w8	Eager	true	43	42	180	0	0	0	0	0	1	3	88	0	88	0	0	0	0	1	1	4	1	0	0	0	348	1868	8480	680	11028	923	10551	3887	3	24	1
discriminate-k2-w8	Named	true	16	15	34	0	0	0	2	4	1	2	0	0	0	0	0	0	0	1	1	2	1	0	0	0	91	1868	1776	680	4324	923	4111	3887	3	8	1
discriminate-k2-w8	Partitioned	true	33	32	60	0	0	0	0	0	1	3	62	0	38	7	51	4	0	1	1	4	1	0	0	0	342	1868	15083	616	17567	929	17113	3805	3	49	1
discriminate-k2-w64	Eager	true	267	266	1076	0	0	0	0	0	1	3	536	0	536	0	0	0	0	1	1	4	1	0	0	0	2047	10044	43448	680	54172	924	53696	12064	13	92	0
discriminate-k2-w64	Named	true	72	71	146	0	0	0	2	4	1	2	0	0	0	0	0	0	0	1	1	2	1	0	0	0	446	10044	4040	680	14764	924	14280	12064	20	11	2
discriminate-k2-w64	Partitioned	true	201	200	396	0	0	0	0	0	1	3	342	0	262	7	331	4	0	1	1	4	1	0	0	0	2124	10044	85507	616	96167	930	94762	11982	20	293	1
discriminate-k2-w256	Eager	true	1035	1034	4148	0	0	0	0	0	1	3	2072	0	2072	0	0	0	0	1	1	4	1	0	0	0	7868	38076	162592	680	201348	925	200873	40097	98	818	4
discriminate-k2-w256	Named	true	264	263	530	0	0	0	2	4	1	2	0	0	0	0	0	0	0	1	1	2	1	0	0	0	1659	38076	11056	680	49812	925	49329	40097	90	51	1
discriminate-k2-w256	Partitioned	true	777	776	1548	0	0	0	0	0	1	3	1302	0	1030	7	1291	4	0	1	1	4	1	0	0	0	8231	38076	327723	616	366415	931	361747	40015	78	1165	1
discriminate-k4-w0	Eager	true	47	46	316	0	0	0	0	0	1	15	160	0	160	0	0	0	0	1	1	16	1	0	0	0	466	1250	17968	696	19914	923	17053	4421	1	40	1
discriminate-k4-w0	Named	true	14	13	34	0	0	0	4	16	1	4	0	0	0	0	0	0	0	1	1	2	1	0	0	0	59	1250	1832	696	3778	923	3493	3269	1	5	1
discriminate-k4-w0	Partitioned	true	43	42	60	0	0	0	0	0	1	15	108	0	18	71	29	16	0	1	1	16	1	0	0	0	228	1250	15937	632	17819	929	16679	4339	1	43	1
discriminate-k4-w1	Eager	true	63	62	380	0	0	0	0	0	1	15	192	0	192	0	0	0	0	1	1	16	1	0	0	0	569	1396	20408	696	22500	923	19639	4567	2	42	1
discriminate-k4-w1	Named	true	15	14	36	0	0	0	4	16	1	4	0	0	0	0	0	0	0	1	1	2	1	0	0	0	66	1396	1936	696	4028	923	3639	3415	2	5	1
discriminate-k4-w1	Partitioned	true	58	57	90	0	0	0	0	0	1	15	125	0	34	71	46	16	0	1	1	16	1	0	0	0	328	1396	20874	632	22902	929	21745	4485	2	67	1
discriminate-k4-w8	Eager	true	175	174	828	0	0	0	0	0	1	15	416	0	416	0	0	0	0	1	1	16	1	0	0	0	1285	2418	36968	696	40082	923	37221	5589	3	101	1
discriminate-k4-w8	Named	true	22	21	50	0	0	0	4	16	1	4	0	0	0	0	0	0	0	1	1	2	1	0	0	0	110	2418	2144	696	5258	923	4661	4437	3	10	1
discriminate-k4-w8	Partitioned	true	163	162	300	0	0	0	0	0	1	15	244	0	146	71	165	16	0	1	1	16	1	0	0	0	1010	2418	52049	632	55099	929	53823	5507	2	107	1
discriminate-k4-w64	Eager	true	1071	1070	4412	0	0	0	0	0	1	15	2208	0	2208	0	0	0	0	1	1	16	1	0	0	0	7016	10594	170048	696	181338	924	178478	13766	21	562	1
discriminate-k4-w64	Named	true	78	77	162	0	0	0	4	16	1	4	0	0	0	0	0	0	0	1	1	2	1	0	0	0	465	10594	4408	696	15698	924	14942	12614	27	15	1
discriminate-k4-w64	Partitioned	true	1003	1002	1980	0	0	0	0	0	1	15	1196	0	1042	71	1117	16	0	1	1	16	1	0	0	0	6467	10594	299729	632	310955	930	308728	13684	20	1311	7
discriminate-k4-w256	Eager	true	4143	4142	16700	0	0	0	0	0	1	15	8352	0	8352	0	0	0	0	1	1	16	1	0	0	0	26663	38626	625880	696	665202	925	662343	41799	85	2407	3
discriminate-k4-w256	Named	true	270	269	546	0	0	0	4	16	1	4	0	0	0	0	0	0	0	1	1	2	1	0	0	0	1680	38626	11728	696	51050	925	50295	40647	53	26	1
discriminate-k4-w256	Partitioned	true	3883	3882	7740	0	0	0	0	0	1	15	4460	0	4114	71	4381	16	0	1	1	16	1	0	0	0	25174	38626	1148537	632	1187795	931	1182305	41717	81	4477	14
discriminate-k8-w0	Eager	true	767	766	8188	0	0	0	0	0	1	255	4608	0	4608	0	0	0	0	1	1	256	1	0	0	0	10837	2350	454952	728	458030	923	384481	28625	2	846	4
discriminate-k8-w0	Named	true	26	25	66	0	0	0	8	64	1	8	0	0	0	0	0	0	0	1	1	2	1	0	0	0	98	2350	2944	728	6022	923	4657	4433	2	12	3
discriminate-k8-w0	Partitioned	true	759	758	1020	0	0	0	0	0	1	255	2584	0	258	2287	281	256	0	1	1	256	1	0	0	0	2586	2350	228261	664	231275	929	198347	28479	2	539	2
discriminate-k8-w1	Eager	true	1023	1022	9212	0	0	0	0	0	1	255	5120	0	5120	0	0	0	0	1	1	256	1	0	0	0	12379	2496	492328	728	495552	923	422003	28771	4	1360	9
discriminate-k8-w1	Named	true	27	26	68	0	0	0	8	64	1	8	0	0	0	0	0	0	0	1	1	2	1	0	0	0	104	2496	2944	728	6168	923	4803	4579	3	11	3
discriminate-k8-w1	Partitioned	true	1014	1013	1530	0	0	0	0	0	1	255	2841	0	514	2287	538	256	0	1	1	256	1	0	0	0	3998	2496	295622	664	298782	929	265837	28625	3	782	3
discriminate-k8-w8	Eager	true	2815	2814	16380	0	0	0	0	0	1	255	8704	0	8704	0	0	0	0	1	1	256	1	0	0	0	23175	3518	754168	728	758414	923	684865	29793	5	1987	5
discriminate-k8-w8	Named	true	34	33	82	0	0	0	8	64	1	8	0	0	0	0	0	0	0	1	1	2	1	0	0	0	148	3518	3152	728	7398	923	5841	5601	6	9	4
discriminate-k8-w8	Partitioned	true	2799	2798	5100	0	0	0	0	0	1	255	4640	0	2306	2287	2337	256	0	1	1	256	1	0	0	0	13919	3518	785333	664	789515	929	756451	29647	6	2414	3
discriminate-k8-w64	Eager	true	17151	17150	73724	0	0	0	0	0	1	255	37376	0	37376	0	0	0	0	1	1	256	1	0	0	0	109546	11694	2849488	728	2861910	924	2788362	37970	20	7999	6
discriminate-k8-w64	Named	true	90	89	194	0	0	0	8	64	1	8	0	0	0	0	0	0	0	1	1	2	1	0	0	0	503	11694	5416	728	17838	924	16282	13778	14	14	2
discriminate-k8-w64	Partitioned	true	17079	17078	33660	0	0	0	0	0	1	255	19032	0	16642	2287	16729	256	0	1	1	256	1	0	0	0	93275	11694	4693437	664	4705795	930	4671780	37824	22	18855	3
discriminate-k8-w256	Eager	true	66303	66302	270332	0	0	0	0	0	1	255	135680	0	135680	0	0	0	0	1	1	256	1	0	0	0	405673	39726	10033000	728	10073454	925	9999907	66003	86	35939	5
discriminate-k8-w256	Named	true	282	281	578	0	0	0	8	64	1	8	0	0	0	0	0	0	0	1	1	2	1	0	0	0	1718	39726	12736	728	53190	925	51635	41811	81	37	3
discriminate-k8-w256	Partitioned	true	66039	66038	131580	0	0	0	0	0	1	255	68376	0	65794	2287	66073	256	0	1	1	256	1	0	0	0	365335	39726	18087461	664	18127851	931	18090573	65857	87	62057	5
cycle-k1-w0	Eager	true	3	2	13	2	3	2	0	0	1	1	5	1	5	0	0	0	1	1	1	2	1	0	0	0	43	354	1842	1007	3203	995	3133	2733	0	6	1
cycle-k1-w0	Named	true	4	3	11	2	7	3	1	1	1	1	0	1	0	0	0	0	1	1	1	2	1	0	0	0	34	354	1600	1007	2961	995	3068	2668	0	5	1
cycle-k1-w0	Partitioned	true	3	2	6	2	3	2	0	0	1	1	7	1	3	1	4	2	1	1	1	2	1	0	0	0	49	354	4292	943	5589	1001	4847	2699	0	12	1
cycle-k1-w1	Eager	true	3	2	14	3	4	2	0	0	1	1	6	2	6	0	0	0	1	1	1	2	1	0	0	0	51	427	1915	1056	3398	1044	3377	2977	1	6	1
cycle-k1-w1	Named	true	4	3	11	3	9	3	1	1	1	1	0	2	0	0	0	0	1	1	1	2	1	0	0	0	39	427	1600	1056	3083	1044	3239	2839	0	4	1
cycle-k1-w1	Partitioned	true	3	2	6	3	4	2	0	0	1	1	8	2	4	1	5	2	1	1	1	2	1	0	0	0	59	427	4374	992	5793	1050	5051	2943	1	12	1
cycle-k1-w8	Eager	true	3	2	21	10	11	2	0	0	1	1	13	9	13	0	0	0	1	1	1	2	1	0	0	0	109	938	2730	1399	5067	1387	5085	4685	1	13	2
cycle-k1-w8	Named	true	4	3	11	10	23	3	1	1	1	1	0	9	0	0	0	0	1	1	1	2	1	0	0	0	76	938	1904	1399	4241	1387	4436	4036	1	6	4
cycle-k1-w8	Partitioned	true	3	2	6	10	11	2	0	0	1	1	15	9	11	1	12	2	1	1	1	2	1	0	0	0	135	938	6388	1335	8661	1393	7919	4651	1	18	2
cycle-k1-w64	Eager	true	3	2	77	66	67	2	0	0	1	1	69	65	69	0	0	0	1	1	1	2	1	0	0	0	574	5026	8682	4143	17851	4132	18750	18350	10	30	9
cycle-k1-w64	Named	true	4	3	11	66	135	3	1	1	1	1	0	65	0	0	0	0	1	1	1	2	1	0	0	0	382	5026	4800	4143	13969	4132	14013	13613	11	17	16
cycle-k1-w64	Partitioned	true	3	2	6	66	67	2	0	0	1	1	71	65	67	1	68	2	1	1	1	2	1	0	0	0	746	5026	24228	4079	33333	4138	31560	18316	12	89	9
cycle-k1-w256	Eager	true	3	2	269	258	259	2	0	0	1	1	261	257	261	0	0	0	1	1	1	2	1	0	0	0	2175	19042	30418	13551	63011	13541	65599	65199	47	120	40
cycle-k1-w256	Named	true	4	3	11	258	519	3	1	1	1	1	0	257	0	0	0	0	1	1	1	2	1	0	0	0	1440	19042	16432	13551	49025	13541	46846	46446	40	49	58
cycle-k1-w256	Partitioned	true	3	2	6	258	259	2	0	0	1	1	263	257	259	1	260	2	1	1	1	2	1	0	0	0	2861	19042	91908	13487	124437	13547	118753	65165	38	268	28
cycle-k2-w0	Eager	true	6	4	26	4	6	4	0	0	2	2	10	2	10	0	0	0	2	2	1	4	2	1	0	0	68	354	2796	1510	4660	995	3621	3078	0	5	3
cycle-k2-w0	Named	true	4	3	11	4	7	3	1	1	1	1	0	2	0	0	0	0	1	2	1	2	1	1	0	0	42	354	1600	1510	3464	995	3211	2668	0	5	2
cycle-k2-w0	Partitioned	true	3	2	6	4	3	2	0	0	1	1	11	2	3	5	4	2	1	2	1	2	1	1	0	0	61	354	4356	1398	6108	1001	4847	2699	0	12	2
cycle-k2-w1	Eager	true	6	4	28	6	8	4	0	0	2	2	12	4	12	0	0	0	2	2	1	4	2	2	0	0	81	427	2942	1608	4977	1044	3987	3395	1	7	4
cycle-k2-w1	Named	true	4	3	11	6	9	3	1	1	1	1	0	4	0	0	0	0	1	2	1	2	1	2	0	0	49	427	1600	1608	3635	1044	3431	2839	1	4	3
cycle-k2-w1	Partitioned	true	3	2	6	6	4	2	0	0	1	1	12	4	4	5	5	2	1	2	1	2	1	2	0	0	73	427	4438	1496	6361	1050	5051	2943	0	13	3
cycle-k2-w8	Eager	true	6	4	42	20	22	4	0	0	2	2	26	18	26	0	0	0	2	2	1	4	2	9	0	0	174	938	4268	2294	7500	1387	6549	5614	1	10	4
cycle-k2-w8	Named	true	4	3	11	20	23	3	1	1	1	1	0	18	0	0	0	0	1	2	1	2	1	9	0	0	100	938	1904	2294	5136	1387	4971	4036	1	6	8
cycle-k2-w8	Partitioned	true	3	2	6	20	11	2	0	0	1	1	19	18	11	5	12	2	1	2	1	2	1	9	0	0	163	938	6452	2182	9572	1393	7919	4651	1	20	4
cycle-k2-w64	Eager	true	6	4	154	132	134	4	0	0	2	2	138	130	138	0	0	0	2	2	1	4	2	65	0	0	928	5026	15340	7782	28148	4132	27046	23367	10	46	20
cycle-k2-w64	Named	true	4	3	11	132	135	3	1	1	1	1	0	130	0	0	0	0	1	2	1	2	1	65	0	0	518	5026	4800	7782	17608	4132	17292	13613	10	22	36
cycle-k2-w64	Partitioned	true	3	2	6	132	67	2	0	0	1	1	75	130	67	5	68	2	1	2	1	2	1	65	0	0	886	5026	24292	7670	36988	4138	31560	18316	10	74	19
cycle-k2-w256	Eager	true	6	4	538	516	518	4	0	0	2	2	522	514	522	0	0	0	2	2	1	4	2	257	0	0	3522	19042	55004	26598	100644	13541	97319	84232	42	194	87
cycle-k2-w256	Named	true	4	3	11	516	519	3	1	1	1	1	0	514	0	0	0	0	1	2	1	2	1	257	0	0	1960	19042	16432	26598	62072	13541	59533	46446	41	50	107
cycle-k2-w256	Partitioned	true	3	2	6	516	259	2	0	0	1	1	267	514	259	5	260	2	1	2	1	2	1	257	0	0	3385	19042	91972	26486	137500	13547	118753	65165	40	277	68
cycle-k4-w0	Eager	true	24	16	104	16	24	16	0	0	8	8	40	8	40	0	0	0	8	8	1	16	8	7	0	0	222	354	11752	5056	17162	995	7925	6684	0	19	7
cycle-k4-w0	Named	true	4	3	11	16	7	3	1	1	1	1	0	8	0	0	0	0	1	8	1	2	1	7	0	0	91	354	1600	5056	7010	995	3909	2668	0	4	6
cycle-k4-w0	Partitioned	true	3	2	6	16	3	2	0	0	1	1	35	8	3	29	4	2	1	8	1	2	1	7	0	0	136	354	4868	4992	10214	1001	4911	2731	0	15	6
cycle-k4-w1	Eager	true	24	16	112	24	32	16	0	0	8	8	48	16	48	0	0	0	8	8	1	16	8	14	0	0	265	427	12336	5448	18211	1044	9023	7439	0	15	5
cycle-k4-w1	Named	true	4	3	11	24	9	3	1	1	1	1	0	16	0	0	0	0	1	8	1	2	1	14	0	0	110	427	1600	5448	7475	1044	4423	2839	1	5	10
cycle-k4-w1	Partitioned	true	3	2	6	24	4	2	0	0	1	1	36	16	4	29	5	2	1	8	1	2	1	14	0	0	160	427	4950	5384	10761	1050	5115	2975	1	14	7
cycle-k4-w8	Eager	true	24	16	168	80	88	16	0	0	8	8	104	72	104	0	0	0	8	8	1	16	8	63	0	0	568	938	16728	8192	25858	1387	16709	12724	1	32	19
cycle-k4-w8	Named	true	4	3	11	80	23	3	1	1	1	1	0	72	0	0	0	0	1	8	1	2	1	63	0	0	245	938	1904	8192	11034	1387	8021	4036	1	7	18
cycle-k4-w8	Partitioned	true	3	2	6	80	11	2	0	0	1	1	43	72	11	29	12	2	1	8	1	2	1	63	0	0	334	938	6964	8128	16030	1393	8732	4683	1	22	16
cycle-k4-w64	Eager	true	24	16	616	528	536	16	0	0	8	8	552	520	552	0	0	0	8	8	1	16	8	455	0	0	3056	5026	58520	30144	93690	4132	78198	55005	9	132	86
cycle-k4-w64	Named	true	4	3	11	528	135	3	1	1	1	1	0	520	0	0	0	0	1	8	1	2	1	455	0	0	1335	5026	4800	30144	39970	4132	36806	13613	9	13	89
cycle-k4-w64	Partitioned	true	3	2	6	528	67	2	0	0	1	1	99	520	67	29	68	2	1	8	1	2	1	455	0	0	1729	5026	24804	30080	59910	4138	41605	18348	9	70	76
cycle-k4-w256	Eager	true	24	16	2152	2064	2072	16	0	0	8	8	2088	2056	2088	0	0	0	8	8	1	16	8	1799	0	0	11608	19042	205752	105408	330202	13541	289015	199966	27	386	325
cycle-k4-w256	Named	true	4	3	11	2064	519	3	1	1	1	1	0	2056	0	0	0	0	1	8	1	2	1	1799	0	0	5081	19042	16432	105408	140882	13541	135495	46446	49	48	360
cycle-k4-w256	Partitioned	true	3	2	6	2064	259	2	0	0	1	1	291	2056	259	29	260	2	1	8	1	2	1	1799	0	0	6532	19042	92484	105344	216870	13547	154310	65197	27	180	243
cycle-k8-w0	Eager	true	384	256	1664	256	384	256	0	0	128	128	640	128	640	0	0	0	128	128	1	256	128	127	0	0	3254	354	205464	86280	292098	995	102453	82644	0	191	351
cycle-k8-w0	Named	true	4	3	11	256	7	3	1	1	1	1	0	128	0	0	0	0	1	128	1	2	1	127	0	0	1075	354	1600	86280	88234	995	22477	2668	0	4	87
cycle-k8-w0	Partitioned	true	3	2	6	256	3	2	0	0	1	1	515	128	3	509	4	2	1	128	1	2	1	127	0	0	1608	354	16388	208136	224878	1001	24524	3691	0	45	96
cycle-k8-w1	Eager	true	384	256	1792	384	512	256	0	0	128	128	768	256	768	0	0	0	128	128	1	256	128	254	0	0	3897	427	214808	92552	307787	1044	118191	92159	1	237	217
cycle-k8-w1	Named	true	4	3	11	384	9	3	1	1	1	1	0	256	0	0	0	0	1	128	1	2	1	254	0	0	1334	427	1600	92552	94579	1044	28871	2839	0	4	69
cycle-k8-w1	Partitioned	true	3	2	6	384	4	2	0	0	1	1	516	256	4	509	5	2	1	128	1	2	1	254	0	0	1872	427	16470	214408	231305	1050	30991	3935	0	47	118
cycle-k8-w8	Eager	true	384	256	2688	1280	1408	256	0	0	128	128	1664	1152	1664	0	0	0	128	128	1	256	128	1143	0	0	8400	938	280520	136456	417914	1387	228357	158764	2	426	490
cycle-k8-w8	Named	true	4	3	11	1280	23	3	1	1	1	1	0	1152	0	0	0	0	1	128	1	2	1	1143	0	0	3149	938	1904	136456	139298	1387	73629	4036	1	6	239
cycle-k8-w8	Partitioned	true	3	2	6	1280	11	2	0	0	1	1	523	1152	11	509	12	2	1	128	1	2	1	1143	0	0	3726	938	18484	258312	277734	1393	76260	5643	1	53	236
cycle-k8-w64	Eager	true	384	256	9856	8448	8576	256	0	0	128	128	8832	8320	8832	0	0	0	128	128	1	256	128	8255	0	0	45568	5026	936712	487688	1429426	4132	1109686	691605	10	1731	1214
cycle-k8-w64	Named	true	4	3	11	8448	135	3	1	1	1	1	0	8320	0	0	0	0	1	128	1	2	1	8255	0	0	17679	5026	4800	487688	497514	4132	431694	13613	11	22	1387
cycle-k8-w64	Partitioned	true	3	2	6	8448	67	2	0	0	1	1	579	8320	67	509	68	2	1	128	1	2	1	8255	0	0	18561	5026	36324	609544	650894	4138	438413	19308	12	173	1805
cycle-k8-w256	Eager	true	384	256	34432	33024	33152	256	0	0	128	128	33408	32896	33408	0	0	0	128	128	1	256	128	32639	0	0	173280	19042	3235304	1691912	4946258	13541	4131383	2518486	28	5955	4895
cycle-k8-w256	Named	true	4	3	11	33024	519	3	1	1	1	1	0	32896	0	0	0	0	1	128	1	2	1	32639	0	0	67505	19042	16432	1691912	1727386	13541	1659343	46446	41	56	5456
cycle-k8-w256	Partitioned	true	3	2	6	33024	259	2	0	0	1	1	771	32896	259	509	260	2	1	128	1	2	1	32639	0	0	69444	19042	104004	1813768	1936814	13547	1680078	66157	39	314	7237
