case	mode	pass	solutions	exhausted	classes	retained_candidates	pattern_nodes	unions	domain_compares	enumeration_cache_hits	domain_cache_hits	filter_candidates	output_nodes	emitted	intersection_pairs	transition_pairs	productivity_checks	witness_nodes	ground_checks	membership_steps	membership_hits	enumeration_checks	size_partitions	enumeration_candidates	allocation_calls	build_requested	compile_requested	output_requested	requested_bytes	baseline_live	peak_live	final_live	build_us	compile_us	output_us
independent-h1-n1	FilterFirst	true	2	true	1	2	1	0	0	0	0	0	2	2	0	0	0	0	0	0	0	3	2	2	41	259	2517	194	2970	736	2517	1212	8	12	0
independent-h1-n1	FilterSmallest	true	2	true	1	2	1	0	0	0	0	0	2	2	0	0	0	0	0	0	0	3	2	2	41	259	2517	194	2970	739	2520	1215	4	9	0
independent-h1-n1	Intersect	true	2	true	1	2	1	0	0	0	0	0	2	2	0	0	1	1	0	0	0	3	2	2	50	259	2777	194	3230	734	2702	1210	5	6	0
independent-h1-n3	FilterFirst	true	6	true	1	6	1	0	0	0	0	0	14	6	0	0	0	0	0	0	0	9	3	6	89	259	4295	974	5528	736	3731	2388	3	12	1
independent-h1-n3	FilterSmallest	true	6	true	1	6	1	0	0	0	0	0	14	6	0	0	0	0	0	0	0	9	3	6	89	259	4295	974	5528	739	3734	2391	4	11	1
independent-h1-n3	Intersect	true	6	true	1	6	1	0	0	0	0	0	14	6	0	0	1	1	0	0	0	9	3	6	98	259	4555	974	5788	734	3916	2386	3	11	1
independent-h1-n5	FilterFirst	true	22	true	1	22	1	0	0	0	0	0	94	22	0	0	0	0	0	0	0	15	8	22	398	259	12519	6430	19208	736	10516	10516	3	28	9
independent-h1-n5	FilterSmallest	true	22	true	1	22	1	0	0	0	0	0	94	22	0	0	0	0	0	0	0	15	8	22	398	259	12519	6430	19208	739	10519	10519	4	30	10
independent-h1-n5	Intersect	true	22	true	1	22	1	0	0	0	0	0	94	22	0	0	1	1	0	0	0	15	8	22	407	259	12779	6430	19468	734	10514	10514	3	28	9
independent-h1-n7	FilterFirst	true	102	true	1	102	1	0	0	0	0	0	654	102	0	0	0	0	0	0	0	21	17	102	2510	259	60755	39246	100260	736	66164	66164	3	127	76
independent-h1-n7	FilterSmallest	true	102	true	1	102	1	0	0	0	0	0	654	102	0	0	0	0	0	0	0	21	17	102	2510	259	60755	39246	100260	739	66167	66167	4	127	76
independent-h1-n7	Intersect	true	102	true	1	102	1	0	0	0	0	0	654	102	0	0	1	1	0	0	0	21	17	102	2519	259	61015	39246	100520	734	66162	66162	3	131	67
independent-h1-n9	FilterFirst	true	550	true	1	550	1	0	0	0	0	0	4686	550	0	0	0	0	0	0	0	27	30	550	17798	259	402207	301326	703792	736	482804	482804	3	1006	541
independent-h1-n9	FilterSmallest	true	550	true	1	550	1	0	0	0	0	0	4686	550	0	0	0	0	0	0	0	27	30	550	17798	259	402207	301326	703792	739	482807	482807	4	967	307
independent-h1-n9	Intersect	true	550	true	1	550	1	0	0	0	0	0	4686	550	0	0	1	1	0	0	0	27	30	550	17807	259	402467	301326	704052	734	482802	482802	3	976	496
independent-h2-n1	FilterFirst	true	4	true	2	2	3	0	1	0	1	0	12	4	0	0	0	0	0	0	0	3	2	2	65	599	2693	588	3880	736	2945	1719	3	9	1
independent-h2-n1	FilterSmallest	true	4	true	2	2	3	0	1	0	1	0	12	4	0	0	0	0	0	0	0	3	2	2	65	599	2693	588	3880	739	2948	1722	4	11	1
independent-h2-n1	Intersect	true	4	true	2	2	3	0	1	0	1	0	12	4	0	0	1	1	0	0	0	3	2	2	74	599	2953	588	4140	734	3130	1717	4	10	0
independent-h2-n3	FilterFirst	true	36	true	2	6	3	0	1	0	1	0	204	36	0	0	0	0	0	0	0	9	3	6	372	599	4471	14220	19290	736	13059	13059	3	11	21
independent-h2-n3	FilterSmallest	true	36	true	2	6	3	0	1	0	1	0	204	36	0	0	0	0	0	0	0	9	3	6	372	599	4471	14220	19290	739	13062	13062	6	11	21
independent-h2-n3	Intersect	true	36	true	2	6	3	0	1	0	1	0	204	36	0	0	1	1	0	0	0	9	3	6	381	599	4731	14220	19550	734	13057	13057	4	15	20
independent-h2-n5	FilterFirst	true	484	true	2	22	3	0	1	0	1	0	4620	484	0	0	0	0	0	0	0	15	8	22	6970	599	12695	252108	265402	736	233267	233267	5	26	602
independent-h2-n5	FilterSmallest	true	484	true	2	22	3	0	1	0	1	0	4620	484	0	0	0	0	0	0	0	15	8	22	6970	599	12695	252108	265402	739	233270	233270	5	41	468
independent-h2-n5	Intersect	true	484	true	2	22	3	0	1	0	1	0	4620	484	0	0	1	1	0	0	0	15	8	22	6979	599	12955	252108	265662	734	233265	233265	4	34	428
independent-h2-n7	FilterFirst	true	10404	false	2	102	3	0	1	0	1	0	11060	1024	0	0	0	0	0	0	0	21	17	102	17671	599	60931	590900	652430	736	574923	574923	6	152	1124
independent-h2-n7	FilterSmallest	true	10404	false	2	102	3	0	1	0	1	0	11060	1024	0	0	0	0	0	0	0	21	17	102	17671	599	60931	590900	652430	739	574926	574926	4	134	1075
independent-h2-n7	Intersect	true	10404	false	2	102	3	0	1	0	1	0	11060	1024	0	0	1	1	0	0	0	21	17	102	17680	599	61191	590900	652690	734	574921	574921	4	144	1051
independent-h2-n9	FilterFirst	true	302500	false	2	550	3	0	1	0	1	0	10736	1024	0	0	0	0	0	0	0	27	30	550	26646	599	402383	575024	978006	736	756615	756615	3	642	728
independent-h2-n9	FilterSmallest	true	302500	false	2	550	3	0	1	0	1	0	10736	1024	0	0	0	0	0	0	0	27	30	550	26646	599	402383	575024	978006	739	756618	756618	5	989	1031
independent-h2-n9	Intersect	true	302500	false	2	550	3	0	1	0	1	0	10736	1024	0	0	1	1	0	0	0	27	30	550	26655	599	402643	575024	978266	734	756613	756613	3	671	798
independent-h4-n1	FilterFirst	true	16	true	4	2	7	0	3	0	3	0	112	16	0	0	0	0	0	0	0	3	2	2	231	1279	3045	6064	10388	736	6845	6845	5	11	7
independent-h4-n1	FilterSmallest	true	16	true	4	2	7	0	3	0	3	0	112	16	0	0	0	0	0	0	0	3	2	2	231	1279	3045	6064	10388	739	6848	6848	4	9	11
independent-h4-n1	Intersect	true	16	true	4	2	7	0	3	0	3	0	112	16	0	0	1	1	0	0	0	3	2	2	240	1279	3305	6064	10648	734	6843	6843	4	12	11
independent-h4-n3	FilterFirst	true	1296	false	4	6	7	0	3	0	3	0	12396	1024	0	0	0	0	0	0	0	9	3	6	18190	1279	4823	656364	662466	736	609349	609349	4	12	1223
independent-h4-n3	FilterSmallest	true	1296	false	4	6	7	0	3	0	3	0	12396	1024	0	0	0	0	0	0	0	9	3	6	18190	1279	4823	656364	662466	739	609352	609352	5	12	1210
independent-h4-n3	Intersect	true	1296	false	4	6	7	0	3	0	3	0	12396	1024	0	0	1	1	0	0	0	9	3	6	18199	1279	5083	656364	662726	734	609347	609347	5	12	1142
independent-h4-n5	FilterFirst	true	234256	false	4	22	7	0	3	0	3	0	13816	1024	0	0	0	0	0	0	0	15	8	22	20515	1279	13047	725944	740270	736	682753	682753	4	28	995
independent-h4-n5	FilterSmallest	true	234256	false	4	22	7	0	3	0	3	0	13816	1024	0	0	0	0	0	0	0	15	8	22	20515	1279	13047	725944	740270	739	682756	682756	5	32	1410
independent-h4-n5	Intersect	true	234256	false	4	22	7	0	3	0	3	0	13816	1024	0	0	1	1	0	0	0	15	8	22	20524	1279	13307	725944	740530	734	682751	682751	5	35	1422
independent-h4-n7	FilterFirst	true	108243216	false	4	102	7	0	3	0	3	0	15156	1024	0	0	0	0	0	0	0	21	17	102	23835	1279	61283	791604	854166	736	775853	775853	5	139	1607
independent-h4-n7	FilterSmallest	true	108243216	false	4	102	7	0	3	0	3	0	15156	1024	0	0	0	0	0	0	0	21	17	102	23835	1279	61283	791604	854166	739	775856	775856	5	156	1578
independent-h4-n7	Intersect	true	108243216	false	4	102	7	0	3	0	3	0	15156	1024	0	0	1	1	0	0	0	21	17	102	23844	1279	61543	791604	854426	734	775851	775851	5	137	1512
independent-h4-n9	FilterFirst	true	91506250000	false	4	550	7	0	3	0	3	0	14832	1024	0	0	0	0	0	0	0	27	30	550	32810	1279	402735	775728	1179742	736	957545	957545	5	983	1834
independent-h4-n9	FilterSmallest	true	91506250000	false	4	550	7	0	3	0	3	0	14832	1024	0	0	0	0	0	0	0	27	30	550	32810	1279	402735	775728	1179742	739	957548	957548	7	934	1443
independent-h4-n9	Intersect	true	91506250000	false	4	550	7	0	3	0	3	0	14832	1024	0	0	1	1	0	0	0	27	30	550	32819	1279	402995	775728	1180002	734	957543	957543	5	983	1500
repeated-h1-n1	FilterFirst	true	2	true	1	2	1	0	0	0	0	0	2	2	0	0	0	0	0	0	0	3	2	2	41	259	2517	194	2970	733	2514	1209	4	14	0
repeated-h1-n1	FilterSmallest	true	2	true	1	2	1	0	0	0	0	0	2	2	0	0	0	0	0	0	0	3	2	2	41	259	2517	194	2970	736	2517	1212	4	16	0
repeated-h1-n1	Intersect	true	2	true	1	2	1	0	0	0	0	0	2	2	0	0	1	1	0	0	0	3	2	2	50	259	2777	194	3230	731	2699	1207	3	13	0
repeated-h1-n3	FilterFirst	true	6	true	1	6	1	0	0	0	0	0	14	6	0	0	0	0	0	0	0	9	3	6	89	259	4295	974	5528	733	3728	2385	3	13	1
repeated-h1-n3	FilterSmallest	true	6	true	1	6	1	0	0	0	0	0	14	6	0	0	0	0	0	0	0	9	3	6	89	259	4295	974	5528	736	3731	2388	5	11	1
repeated-h1-n3	Intersect	true	6	true	1	6	1	0	0	0	0	0	14	6	0	0	1	1	0	0	0	9	3	6	98	259	4555	974	5788	731	3913	2383	3	15	1
repeated-h1-n5	FilterFirst	true	22	true	1	22	1	0	0	0	0	0	94	22	0	0	0	0	0	0	0	15	8	22	398	259	12519	6430	19208	733	10513	10513	3	28	9
repeated-h1-n5	FilterSmallest	true	22	true	1	22	1	0	0	0	0	0	94	22	0	0	0	0	0	0	0	15	8	22	398	259	12519	6430	19208	736	10516	10516	4	28	9
repeated-h1-n5	Intersect	true	22	true	1	22	1	0	0	0	0	0	94	22	0	0	1	1	0	0	0	15	8	22	407	259	12779	6430	19468	731	10511	10511	3	38	9
repeated-h1-n7	FilterFirst	true	102	true	1	102	1	0	0	0	0	0	654	102	0	0	0	0	0	0	0	21	17	102	2510	259	60755	39246	100260	733	66161	66161	3	153	69
repeated-h1-n7	FilterSmallest	true	102	true	1	102	1	0	0	0	0	0	654	102	0	0	0	0	0	0	0	21	17	102	2510	259	60755	39246	100260	736	66164	66164	3	132	65
repeated-h1-n7	Intersect	true	102	true	1	102	1	0	0	0	0	0	654	102	0	0	1	1	0	0	0	21	17	102	2519	259	61015	39246	100520	731	66159	66159	3	124	59
repeated-h1-n9	FilterFirst	true	550	true	1	550	1	0	0	0	0	0	4686	550	0	0	0	0	0	0	0	27	30	550	17798	259	402207	301326	703792	733	482801	482801	3	779	317
repeated-h1-n9	FilterSmallest	true	550	true	1	550	1	0	0	0	0	0	4686	550	0	0	0	0	0	0	0	27	30	550	17798	259	402207	301326	703792	736	482804	482804	2	617	317
repeated-h1-n9	Intersect	true	550	true	1	550	1	0	0	0	0	0	4686	550	0	0	1	1	0	0	0	27	30	550	17807	259	402467	301326	704052	731	482799	482799	5	960	458
repeated-h2-n1	FilterFirst	true	2	true	1	2	3	0	0	0	0	0	6	2	0	0	0	0	0	0	0	3	2	2	49	356	2517	390	3263	733	2611	1502	4	9	0
repeated-h2-n1	FilterSmallest	true	2	true	1	2	3	0	0	0	0	0	6	2	0	0	0	0	0	0	0	3	2	2	49	356	2517	390	3263	736	2614	1505	3	8	0
repeated-h2-n1	Intersect	true	2	true	1	2	3	0	0	0	0	0	6	2	0	0	1	1	0	0	0	3	2	2	58	356	2777	390	3523	731	2796	1500	7	8	0
repeated-h2-n3	FilterFirst	true	6	true	1	6	3	0	0	0	0	0	34	6	0	0	0	0	0	0	0	9	3	6	121	356	4295	1954	6605	733	3825	3462	4	11	2
repeated-h2-n3	FilterSmallest	true	6	true	1	6	3	0	0	0	0	0	34	6	0	0	0	0	0	0	0	9	3	6	121	356	4295	1954	6605	736	3828	3465	2	7	1
repeated-h2-n3	Intersect	true	6	true	1	6	3	0	0	0	0	0	34	6	0	0	1	1	0	0	0	9	3	6	130	356	4555	1954	6865	731	4010	3460	4	12	2
repeated-h2-n5	FilterFirst	true	22	true	1	22	3	0	0	0	0	0	210	22	0	0	0	0	0	0	0	15	8	22	574	356	12519	12114	24989	733	16294	16294	2	17	14
repeated-h2-n5	FilterSmallest	true	22	true	1	22	3	0	0	0	0	0	210	22	0	0	0	0	0	0	0	15	8	22	574	356	12519	12114	24989	736	16297	16297	3	26	22
repeated-h2-n5	Intersect	true	22	true	1	22	3	0	0	0	0	0	210	22	0	0	1	1	0	0	0	15	8	22	583	356	12779	12114	25249	731	16292	16292	4	29	22
repeated-h2-n7	FilterFirst	true	102	true	1	102	3	0	0	0	0	0	1410	102	0	0	0	0	0	0	0	21	17	102	3646	356	60755	76290	137401	733	103302	103302	2	89	94
repeated-h2-n7	FilterSmallest	true	102	true	1	102	3	0	0	0	0	0	1410	102	0	0	0	0	0	0	0	21	17	102	3646	356	60755	76290	137401	736	103305	103305	3	146	149
repeated-h2-n7	Intersect	true	102	true	1	102	3	0	0	0	0	0	1410	102	0	0	1	1	0	0	0	21	17	102	3655	356	61015	76290	137661	731	103300	103300	3	138	140
repeated-h2-n9	FilterFirst	true	550	true	1	550	3	0	0	0	0	0	9922	550	0	0	0	0	0	0	0	27	30	550	25654	356	402207	557890	960453	733	739462	739462	4	939	996
repeated-h2-n9	FilterSmallest	true	550	true	1	550	3	0	0	0	0	0	9922	550	0	0	0	0	0	0	0	27	30	550	25654	356	402207	557890	960453	736	739465	739465	3	915	913
repeated-h2-n9	Intersect	true	550	true	1	550	3	0	0	0	0	0	9922	550	0	0	1	1	0	0	0	27	30	550	25663	356	402467	557890	960713	731	739460	739460	4	1092	1104
repeated-h4-n1	FilterFirst	true	2	true	1	2	7	0	0	0	0	0	14	2	0	0	0	0	0	0	0	3	2	2	65	550	2517	782	3849	733	2805	2088	4	14	1
repeated-h4-n1	FilterSmallest	true	2	true	1	2	7	0	0	0	0	0	14	2	0	0	0	0	0	0	0	3	2	2	65	550	2517	782	3849	736	2808	2091	4	11	1
repeated-h4-n1	Intersect	true	2	true	1	2	7	0	0	0	0	0	14	2	0	0	1	1	0	0	0	3	2	2	74	550	2777	782	4109	731	2990	2086	4	11	1
repeated-h4-n3	FilterFirst	true	6	true	1	6	7	0	0	0	0	0	74	6	0	0	0	0	0	0	0	9	3	6	185	550	4295	3914	8759	733	5616	5616	2	10	5
repeated-h4-n3	FilterSmallest	true	6	true	1	6	7	0	0	0	0	0	74	6	0	0	0	0	0	0	0	9	3	6	185	550	4295	3914	8759	736	5619	5619	9	7	5
repeated-h4-n3	Intersect	true	6	true	1	6	7	0	0	0	0	0	74	6	0	0	1	1	0	0	0	9	3	6	194	550	4555	3914	9019	731	5614	5614	4	12	7
repeated-h4-n5	FilterFirst	true	22	true	1	22	7	0	0	0	0	0	442	22	0	0	0	0	0	0	0	15	8	22	926	550	12519	23482	36551	733	27856	27856	4	26	45
repeated-h4-n5	FilterSmallest	true	22	true	1	22	7	0	0	0	0	0	442	22	0	0	0	0	0	0	0	15	8	22	926	550	12519	23482	36551	736	27859	27859	7	27	43
repeated-h4-n5	Intersect	true	22	true	1	22	7	0	0	0	0	0	442	22	0	0	1	1	0	0	0	15	8	22	935	550	12779	23482	36811	731	27854	27854	4	27	44
repeated-h4-n7	FilterFirst	true	102	true	1	102	7	0	0	0	0	0	2922	102	0	0	0	0	0	0	0	21	17	102	5918	550	60755	150378	211683	733	177584	177584	4	100	223
repeated-h4-n7	FilterSmallest	true	102	true	1	102	7	0	0	0	0	0	2922	102	0	0	0	0	0	0	0	21	17	102	5918	550	60755	150378	211683	736	177587	177587	4	138	301
repeated-h4-n7	Intersect	true	102	true	1	102	7	0	0	0	0	0	2922	102	0	0	1	1	0	0	0	21	17	102	5927	550	61015	150378	211943	731	177582	177582	4	132	269
repeated-h4-n9	FilterFirst	true	550	true	1	550	7	0	0	0	0	0	20394	550	0	0	0	0	0	0	0	27	30	550	41366	550	402207	1071018	1473775	733	1252784	1252784	4	977	2115
repeated-h4-n9	FilterSmallest	true	550	true	1	550	7	0	0	0	0	0	20394	550	0	0	0	0	0	0	0	27	30	550	41366	550	402207	1071018	1473775	736	1252787	1252787	2	606	1410
repeated-h4-n9	Intersect	true	550	true	1	550	7	0	0	0	0	0	20394	550	0	0	1	1	0	0	0	27	30	550	41375	550	402467	1071018	1474035	731	1252782	1252782	3	619	1379
merged-h1-n1	FilterFirst	true	2	true	1	2	1	0	0	0	0	0	2	2	0	0	0	0	0	0	0	3	2	2	41	259	2517	194	2970	731	2512	1207	3	7	0
merged-h1-n1	FilterSmallest	true	2	true	1	2	1	0	0	0	0	0	2	2	0	0	0	0	0	0	0	3	2	2	41	259	2517	194	2970	734	2515	1210	3	8	0
merged-h1-n1	Intersect	true	2	true	1	2	1	0	0	0	0	0	2	2	0	0	1	1	0	0	0	3	2	2	50	259	2777	194	3230	729	2697	1205	2	7	0
merged-h1-n3	FilterFirst	true	6	true	1	6	1	0	0	0	0	0	14	6	0	0	0	0	0	0	0	9	3	6	89	259	4295	974	5528	731	3726	2383	2	7	0
merged-h1-n3	FilterSmallest	true	6	true	1	6	1	0	0	0	0	0	14	6	0	0	0	0	0	0	0	9	3	6	89	259	4295	974	5528	734	3729	2386	3	13	1
merged-h1-n3	Intersect	true	6	true	1	6	1	0	0	0	0	0	14	6	0	0	1	1	0	0	0	9	3	6	98	259	4555	974	5788	729	3911	2381	2	8	0
merged-h1-n5	FilterFirst	true	22	true	1	22	1	0	0	0	0	0	94	22	0	0	0	0	0	0	0	15	8	22	398	259	12519	6430	19208	731	10511	10511	6	26	10
merged-h1-n5	FilterSmallest	true	22	true	1	22	1	0	0	0	0	0	94	22	0	0	0	0	0	0	0	15	8	22	398	259	12519	6430	19208	734	10514	10514	5	25	9
merged-h1-n5	Intersect	true	22	true	1	22	1	0	0	0	0	0	94	22	0	0	1	1	0	0	0	15	8	22	407	259	12779	6430	19468	729	10509	10509	4	44	14
merged-h1-n7	FilterFirst	true	102	true	1	102	1	0	0	0	0	0	654	102	0	0	0	0	0	0	0	21	17	102	2510	259	60755	39246	100260	731	66159	66159	3	136	69
merged-h1-n7	FilterSmallest	true	102	true	1	102	1	0	0	0	0	0	654	102	0	0	0	0	0	0	0	21	17	102	2510	259	60755	39246	100260	734	66162	66162	3	134	65
merged-h1-n7	Intersect	true	102	true	1	102	1	0	0	0	0	0	654	102	0	0	1	1	0	0	0	21	17	102	2519	259	61015	39246	100520	729	66157	66157	3	153	60
merged-h1-n9	FilterFirst	true	550	true	1	550	1	0	0	0	0	0	4686	550	0	0	0	0	0	0	0	27	30	550	17798	259	402207	301326	703792	731	482799	482799	3	952	446
merged-h1-n9	FilterSmallest	true	550	true	1	550	1	0	0	0	0	0	4686	550	0	0	0	0	0	0	0	27	30	550	17798	259	402207	301326	703792	734	482802	482802	3	960	431
merged-h1-n9	Intersect	true	550	true	1	550	1	0	0	0	0	0	4686	550	0	0	1	1	0	0	0	27	30	550	17807	259	402467	301326	704052	729	482797	482797	3	954	447
merged-h2-n1	FilterFirst	true	2	true	1	2	3	1	1	0	0	0	6	2	0	0	0	0	0	0	0	3	2	2	57	615	2541	390	3546	731	2625	1508	7	16	0
merged-h2-n1	FilterSmallest	true	2	true	1	2	3	1	1	0	0	0	6	2	0	0	0	0	0	0	0	3	2	2	57	615	2541	390	3546	734	2628	1511	4	12	0
merged-h2-n1	Intersect	true	2	true	1	2	3	1	1	0	0	0	6	2	0	0	1	1	0	0	0	3	2	2	66	615	2801	390	3806	729	2810	1506	4	12	0
merged-h2-n3	FilterFirst	true	6	true	1	6	3	1	1	0	0	0	34	6	0	0	0	0	0	0	0	9	3	6	129	615	4319	1954	6888	731	3839	3468	4	13	2
merged-h2-n3	FilterSmallest	true	6	true	1	6	3	1	1	0	0	0	34	6	0	0	0	0	0	0	0	9	3	6	129	615	4319	1954	6888	734	3842	3471	4	12	2
merged-h2-n3	Intersect	true	6	true	1	6	3	1	1	0	0	0	34	6	0	0	1	1	0	0	0	9	3	6	138	615	4579	1954	7148	729	4024	3466	4	13	2
merged-h2-n5	FilterFirst	true	22	true	1	22	3	1	1	0	0	0	210	22	0	0	0	0	0	0	0	15	8	22	582	615	12543	12114	25272	731	16300	16300	4	27	20
merged-h2-n5	FilterSmallest	true	22	true	1	22	3	1	1	0	0	0	210	22	0	0	0	0	0	0	0	15	8	22	582	615	12543	12114	25272	734	16303	16303	4	28	21
merged-h2-n5	Intersect	true	22	true	1	22	3	1	1	0	0	0	210	22	0	0	1	1	0	0	0	15	8	22	591	615	12803	12114	25532	729	16298	16298	4	20	14
merged-h2-n7	FilterFirst	true	102	true	1	102	3	1	1	0	0	0	1410	102	0	0	0	0	0	0	0	21	17	102	3654	615	60779	76290	137684	731	103308	103308	3	129	135
merged-h2-n7	FilterSmallest	true	102	true	1	102	3	1	1	0	0	0	1410	102	0	0	0	0	0	0	0	21	17	102	3654	615	60779	76290	137684	734	103311	103311	6	135	157
merged-h2-n7	Intersect	true	102	true	1	102	3	1	1	0	0	0	1410	102	0	0	1	1	0	0	0	21	17	102	3663	615	61039	76290	137944	729	103306	103306	5	148	153
merged-h2-n9	FilterFirst	true	550	true	1	550	3	1	1	0	0	0	9922	550	0	0	0	0	0	0	0	27	30	550	25662	615	402231	557890	960736	731	739468	739468	4	987	1029
merged-h2-n9	FilterSmallest	true	550	true	1	550	3	1	1	0	0	0	9922	550	0	0	0	0	0	0	0	27	30	550	25662	615	402231	557890	960736	734	739471	739471	6	981	1051
merged-h2-n9	Intersect	true	550	true	1	550	3	1	1	0	0	0	9922	550	0	0	1	1	0	0	0	27	30	550	25671	615	402491	557890	960996	729	739466	739466	4	1030	1078
merged-h4-n1	FilterFirst	true	2	true	1	2	7	3	3	0	0	0	14	2	0	0	0	0	0	0	0	3	2	2	87	1327	2589	782	4698	731	2851	2110	6	18	1
merged-h4-n1	FilterSmallest	true	2	true	1	2	7	3	3	0	0	0	14	2	0	0	0	0	0	0	0	3	2	2	87	1327	2589	782	4698	734	2854	2113	7	10	1
merged-h4-n1	Intersect	true	2	true	1	2	7	3	3	0	0	0	14	2	0	0	1	1	0	0	0	3	2	2	96	1327	2849	782	4958	729	3036	2108	5	16	1
merged-h4-n3	FilterFirst	true	6	true	1	6	7	3	3	0	0	0	74	6	0	0	0	0	0	0	0	9	3	6	207	1327	4367	3914	9608	731	5638	5638	7	25	9
merged-h4-n3	FilterSmallest	true	6	true	1	6	7	3	3	0	0	0	74	6	0	0	0	0	0	0	0	9	3	6	207	1327	4367	3914	9608	734	5641	5641	5	14	8
merged-h4-n3	Intersect	true	6	true	1	6	7	3	3	0	0	0	74	6	0	0	1	1	0	0	0	9	3	6	216	1327	4627	3914	9868	729	5636	5636	5	17	8
merged-h4-n5	FilterFirst	true	22	true	1	22	7	3	3	0	0	0	442	22	0	0	0	0	0	0	0	15	8	22	948	1327	12591	23482	37400	731	27878	27878	5	30	47
merged-h4-n5	FilterSmallest	true	22	true	1	22	7	3	3	0	0	0	442	22	0	0	0	0	0	0	0	15	8	22	948	1327	12591	23482	37400	734	27881	27881	5	32	45
merged-h4-n5	Intersect	true	22	true	1	22	7	3	3	0	0	0	442	22	0	0	1	1	0	0	0	15	8	22	957	1327	12851	23482	37660	729	27876	27876	4	29	42
merged-h4-n7	FilterFirst	true	102	true	1	102	7	3	3	0	0	0	2922	102	0	0	0	0	0	0	0	21	17	102	5940	1327	60827	150378	212532	731	177606	177606	4	124	226
merged-h4-n7	FilterSmallest	true	102	true	1	102	7	3	3	0	0	0	2922	102	0	0	0	0	0	0	0	21	17	102	5940	1327	60827	150378	212532	734	177609	177609	7	125	274
merged-h4-n7	Intersect	true	102	true	1	102	7	3	3	0	0	0	2922	102	0	0	1	1	0	0	0	21	17	102	5949	1327	61087	150378	212792	729	177604	177604	5	147	299
merged-h4-n9	FilterFirst	true	550	true	1	550	7	3	3	0	0	0	20394	550	0	0	0	0	0	0	0	27	30	550	41388	1327	402279	1071018	1474624	731	1252806	1252806	8	820	2084
merged-h4-n9	FilterSmallest	true	550	true	1	550	7	3	3	0	0	0	20394	550	0	0	0	0	0	0	0	27	30	550	41388	1327	402279	1071018	1474624	734	1252809	1252809	6	947	1943
merged-h4-n9	Intersect	true	550	true	1	550	7	3	3	0	0	0	20394	550	0	0	1	1	0	0	0	27	30	550	41397	1327	402539	1071018	1474884	729	1252804	1252804	5	707	1623
intersect_k-h1-n1	FilterFirst	true	1	true	1	1	1	0	3	0	0	2	1	1	0	0	0	0	3	3	0	3	2	2	74	1046	3686	193	4925	736	3345	1210	7	15	0
intersect_k-h1-n1	FilterSmallest	true	1	true	1	1	1	0	6	0	0	1	1	1	0	0	0	0	2	2	0	11	6	6	109	1046	6626	193	7865	739	4251	1213	8	16	0
intersect_k-h1-n1	Intersect	true	1	true	1	1	1	0	3	0	0	0	1	1	4	30	5	2	0	0	0	5	2	2	112	1046	7319	193	8558	734	3976	1208	5	21	0
intersect_k-h1-n3	FilterFirst	true	2	true	1	2	1	0	3	0	0	6	4	2	0	0	0	0	24	25	0	9	3	6	141	1046	7971	292	9309	736	4259	1408	6	20	0
intersect_k-h1-n3	FilterSmallest	true	2	true	1	2	1	0	6	0	0	2	4	2	0	0	0	0	8	8	0	33	11	19	234	1046	13377	292	14715	739	6913	1411	5	27	0
intersect_k-h1-n3	Intersect	true	2	true	1	2	1	0	3	0	0	0	4	2	4	30	5	2	0	0	0	15	5	5	153	1046	9910	292	11248	734	5632	1406	5	19	0
intersect_k-h1-n5	FilterFirst	true	4	true	1	4	1	0	3	0	0	22	14	4	0	0	0	0	174	172	2	15	8	22	484	1046	26909	686	28641	736	9333	2196	6	62	1
intersect_k-h1-n5	FilterSmallest	true	4	true	1	4	1	0	6	0	0	4	14	4	0	0	0	0	28	28	0	55	36	73	974	1046	43029	686	44761	739	20345	2199	4	87	1
intersect_k-h1-n5	Intersect	true	4	true	1	4	1	0	3	0	0	0	14	4	4	30	5	2	0	0	0	25	20	11	297	1046	15903	686	17635	734	7750	2194	5	30	1
intersect_k-h1-n7	FilterFirst	true	9	true	1	9	1	0	3	0	0	102	49	9	0	0	0	0	1259	1154	18	21	17	102	2526	1046	133076	3313	137435	736	40577	6298	5	245	3
intersect_k-h1-n7	FilterSmallest	true	9	true	1	9	1	0	6	0	0	9	49	9	0	0	0	0	98	98	0	77	81	350	5771	1046	211418	3313	215777	739	106008	6301	5	497	3
intersect_k-h1-n7	Intersect	true	9	true	1	9	1	0	3	0	0	0	49	9	4	30	5	2	0	0	0	35	47	26	720	1046	30347	3313	34706	734	12126	5960	6	59	4
intersect_k-h1-n9	FilterFirst	true	23	true	1	23	1	0	3	0	0	550	175	23	0	0	0	0	9197	7852	122	27	30	550	16096	1046	826702	10351	838099	736	271601	18838	5	1846	12
intersect_k-h1-n9	FilterSmallest	true	23	true	1	23	1	0	6	0	0	23	175	23	0	0	0	0	350	350	0	99	146	1928	40101	1046	1388314	10351	1399711	739	727692	18841	5	3936	12
intersect_k-h1-n9	Intersect	true	23	true	1	23	1	0	3	0	0	0	175	23	4	30	5	2	0	0	0	45	86	68	2070	1046	72362	10351	83759	734	26828	18404	8	137	14
intersect_k-h2-n1	FilterFirst	true	1	true	2	1	3	0	7	0	1	2	3	1	0	0	0	0	3	3	0	3	2	2	109	2141	3862	291	6294	736	4301	1421	7	13	0
intersect_k-h2-n1	FilterSmallest	true	1	true	2	1	3	0	10	0	1	1	3	1	0	0	0	0	2	2	0	11	6	6	144	2141	6802	291	9234	739	5207	1424	7	17	0
intersect_k-h2-n1	Intersect	true	1	true	2	1	3	0	7	0	1	0	3	1	4	30	5	2	0	0	0	5	2	2	147	2141	7495	291	9927	734	4932	1419	6	18	0
intersect_k-h2-n3	FilterFirst	true	4	true	2	2	3	0	7	0	1	6	20	4	0	0	0	0	24	25	0	9	3	6	196	2141	8147	980	11268	736	5215	2209	6	22	1
intersect_k-h2-n3	FilterSmallest	true	4	true	2	2	3	0	10	0	1	2	20	4	0	0	0	0	8	8	0	33	11	19	289	2141	13553	980	16674	739	7869	2212	7	30	2
intersect_k-h2-n3	Intersect	true	4	true	2	2	3	0	7	0	1	0	20	4	4	30	5	2	0	0	0	15	5	5	208	2141	10086	980	13207	734	6588	2207	17	32	1
intersect_k-h2-n5	FilterFirst	true	16	true	2	4	3	0	7	0	1	22	128	16	0	0	0	0	174	172	2	15	8	22	683	2141	27085	6848	36074	736	10289	7895	8	52	8
intersect_k-h2-n5	FilterSmallest	true	16	true	2	4	3	0	10	0	1	4	128	16	0	0	0	0	28	28	0	55	36	73	1173	2141	43205	6848	52194	739	21301	7898	7	109	17
intersect_k-h2-n5	Intersect	true	16	true	2	4	3	0	7	0	1	0	128	16	4	30	5	2	0	0	0	25	20	11	496	2141	16079	6848	25068	734	8706	7893	8	37	13
intersect_k-h2-n7	FilterFirst	true	81	true	2	9	3	0	7	0	1	102	963	81	0	0	0	0	1259	1154	18	21	17	102	3896	2141	133252	55395	190788	736	53117	53117	7	275	80
intersect_k-h2-n7	FilterSmallest	true	81	true	2	9	3	0	10	0	1	9	963	81	0	0	0	0	98	98	0	77	81	350	7141	2141	211594	55395	269130	739	106964	53120	7	511	87
intersect_k-h2-n7	Intersect	true	81	true	2	9	3	0	7	0	1	0	963	81	4	30	5	2	0	0	0	35	47	26	2090	2141	30523	55395	88059	734	52779	52779	4	38	64
intersect_k-h2-n9	FilterFirst	true	529	true	2	23	3	0	7	0	1	550	8579	529	0	0	0	0	9197	7852	122	27	30	550	28486	2141	826878	493091	1322110	736	454075	454075	5	1111	474
intersect_k-h2-n9	FilterSmallest	true	529	true	2	23	3	0	10	0	1	23	8579	529	0	0	0	0	350	350	0	99	146	1928	52491	2141	1388490	493091	1883722	739	728648	454078	4	2627	475
intersect_k-h2-n9	Intersect	true	529	true	2	23	3	0	7	0	1	0	8579	529	4	30	5	2	0	0	0	45	86	68	14460	2141	72538	493091	567770	734	453641	453641	9	161	848
intersect_k-h4-n1	FilterFirst	true	1	true	4	1	7	0	15	0	3	2	7	1	0	0	0	0	3	3	0	3	2	2	179	4331	4214	487	9032	736	6213	1843	11	20	0
intersect_k-h4-n1	FilterSmallest	true	1	true	4	1	7	0	18	0	3	1	7	1	0	0	0	0	2	2	0	11	6	6	214	4331	7154	487	11972	739	7119	1846	8	122	0
intersect_k-h4-n1	Intersect	true	1	true	4	1	7	0	15	0	3	0	7	1	4	30	5	2	0	0	0	5	2	2	217	4331	7847	487	12665	734	6844	1841	8	23	0
intersect_k-h4-n3	FilterFirst	true	16	true	4	2	7	0	15	0	3	6	176	16	0	0	0	0	24	25	0	9	3	6	490	4331	8499	9200	22030	736	10079	10079	8	21	16
intersect_k-h4-n3	FilterSmallest	true	16	true	4	2	7	0	18	0	3	2	176	16	0	0	0	0	8	8	0	33	11	19	583	4331	13905	9200	27436	739	10082	10082	8	29	16
intersect_k-h4-n3	Intersect	true	16	true	4	2	7	0	15	0	3	0	176	16	4	30	5	2	0	0	0	15	5	5	502	4331	10438	9200	23969	734	10077	10077	8	22	15
intersect_k-h4-n5	FilterFirst	true	256	true	4	4	7	0	15	0	3	22	4352	256	0	0	0	0	174	172	2	15	8	22	6967	4331	27437	225344	257112	736	215097	215097	8	52	423
intersect_k-h4-n5	FilterSmallest	true	256	true	4	4	7	0	18	0	3	4	4352	256	0	0	0	0	28	28	0	55	36	73	7457	4331	43557	225344	273232	739	215100	215100	7	84	400
intersect_k-h4-n5	Intersect	true	256	true	4	4	7	0	15	0	3	0	4352	256	4	30	5	2	0	0	0	25	20	11	6780	4331	16431	225344	246106	734	215095	215095	10	31	464
intersect_k-h4-n7	FilterFirst	true	6561	false	4	9	7	0	15	0	3	102	20746	1024	0	0	0	0	1259	1154	18	21	17	102	33166	4331	133604	1065514	1203449	736	1020454	1020454	9	277	2073
intersect_k-h4-n7	FilterSmallest	true	6561	false	4	9	7	0	18	0	3	9	20746	1024	0	0	0	0	98	98	0	77	81	350	36411	4331	211946	1065514	1281791	739	1020457	1020457	7	325	1360
intersect_k-h4-n7	Intersect	true	6561	false	4	9	7	0	15	0	3	0	20746	1024	4	30	5	2	0	0	0	35	47	26	31360	4331	30875	1065514	1100720	734	1020116	1020116	7	40	1560
intersect_k-h4-n9	FilterFirst	true	279841	false	4	23	7	0	15	0	3	550	21630	1024	0	0	0	0	9197	7852	122	27	30	550	47879	4331	827230	1108830	1940391	736	1070040	1070040	8	1680	1936
intersect_k-h4-n9	FilterSmallest	true	279841	false	4	23	7	0	18	0	3	23	21630	1024	0	0	0	0	350	350	0	99	146	1928	71884	4331	1388842	1108830	2502003	739	1070043	1070043	10	3247	1259
intersect_k-h4-n9	Intersect	true	279841	false	4	23	7	0	15	0	3	0	21630	1024	4	30	5	2	0	0	0	45	86	68	33853	4331	72890	1108830	1186051	734	1069606	1069606	8	140	2161
disjoint-h1-n1	FilterFirst	true	0	true	1	0	1	0	1	0	0	1	0	0	0	0	0	0	1	1	0	6	3	3	67	811	3761	0	4572	733	3400	821	7	12	0
disjoint-h1-n1	FilterSmallest	true	0	true	1	0	1	0	2	0	0	1	0	0	0	0	0	0	1	1	0	8	4	4	80	811	4868	0	5679	736	3640	824	5	14	0
disjoint-h1-n1	Intersect	true	0	true	1	0	1	0	1	0	0	0	0	0	2	12	6	1	0	0	0	0	0	0	68	811	3403	0	4214	731	3685	819	5	12	0
disjoint-h1-n3	FilterFirst	true	0	true	1	0	1	0	1	0	0	4	0	0	0	0	0	0	10	8	0	18	6	11	143	811	7886	0	8697	733	5551	821	3	17	0
disjoint-h1-n3	FilterSmallest	true	0	true	1	0	1	0	2	0	0	2	0	0	0	0	0	0	4	5	0	24	8	13	162	811	9398	0	10209	736	5554	824	7	18	0
disjoint-h1-n3	Intersect	true	0	true	1	0	1	0	1	0	0	0	0	0	2	12	6	1	0	0	0	0	0	0	68	811	3403	0	4214	731	3685	819	4	8	0
disjoint-h1-n5	FilterFirst	true	0	true	1	0	1	0	1	0	0	18	0	0	0	0	0	0	80	54	0	30	21	47	655	811	30133	0	30944	733	15159	821	7	58	0
disjoint-h1-n5	FilterSmallest	true	0	true	1	0	1	0	2	0	0	4	0	0	0	0	0	0	14	21	1	40	28	51	671	811	29744	0	30555	736	15162	824	4	69	0
disjoint-h1-n5	Intersect	true	0	true	1	0	1	0	1	0	0	0	0	0	2	12	6	1	0	0	0	0	0	0	68	811	3403	0	4214	731	3685	819	4	11	0
disjoint-h1-n7	FilterFirst	true	0	true	1	0	1	0	1	0	0	93	0	0	0	0	0	0	605	353	0	42	48	239	4172	811	164687	0	165498	733	73382	821	5	382	0
disjoint-h1-n7	FilterSmallest	true	0	true	1	0	1	0	2	0	0	9	0	0	0	0	0	0	49	83	7	56	64	248	4038	811	146542	0	147353	736	73385	824	4	339	0
disjoint-h1-n7	Intersect	true	0	true	1	0	1	0	1	0	0	0	0	0	2	12	6	1	0	0	0	0	0	0	68	811	3403	0	4214	731	3685	819	5	11	0
disjoint-h1-n9	FilterFirst	true	0	true	1	0	1	0	1	0	0	527	0	0	0	0	0	0	4511	2307	0	54	87	1355	29936	811	1119248	0	1120059	733	497498	821	4	2030	0
disjoint-h1-n9	FilterSmallest	true	0	true	1	0	1	0	2	0	0	23	0	0	0	0	0	0	175	321	35	72	116	1378	28512	811	977012	0	977823	736	497501	824	4	2675	0
disjoint-h1-n9	Intersect	true	0	true	1	0	1	0	1	0	0	0	0	0	2	12	6	1	0	0	0	0	0	0	68	811	3403	0	4214	731	3685	819	4	13	0
disjoint-h2-n1	FilterFirst	true	0	true	2	0	3	0	3	0	1	1	0	0	0	0	0	0	1	1	0	6	3	3	93	1687	3937	0	5624	733	4169	934	7	10	0
disjoint-h2-n1	FilterSmallest	true	0	true	2	0	3	0	4	0	1	1	0	0	0	0	0	0	1	1	0	8	4	4	106	1687	5044	0	6731	736	4409	937	5	14	0
disjoint-h2-n1	Intersect	true	0	true	2	0	3	0	3	0	1	0	0	0	2	12	6	1	0	0	0	0	0	0	94	1687	3579	0	5266	731	4454	932	5	12	0
disjoint-h2-n3	FilterFirst	true	0	true	2	0	3	0	3	0	1	4	0	0	0	0	0	0	10	8	0	18	6	11	169	1687	8062	0	9749	733	6320	934	6	21	0
disjoint-h2-n3	FilterSmallest	true	0	true	2	0	3	0	4	0	1	2	0	0	0	0	0	0	4	5	0	24	8	13	188	1687	9574	0	11261	736	6323	937	6	26	0
disjoint-h2-n3	Intersect	true	0	true	2	0	3	0	3	0	1	0	0	0	2	12	6	1	0	0	0	0	0	0	94	1687	3579	0	5266	731	4454	932	6	13	0
disjoint-h2-n5	FilterFirst	true	0	true	2	0	3	0	3	0	1	18	0	0	0	0	0	0	80	54	0	30	21	47	681	1687	30309	0	31996	733	15928	934	5	64	0
disjoint-h2-n5	FilterSmallest	true	0	true	2	0	3	0	4	0	1	4	0	0	0	0	0	0	14	21	1	40	28	51	697	1687	29920	0	31607	736	15931	937	5	65	0
disjoint-h2-n5	Intersect	true	0	true	2	0	3	0	3	0	1	0	0	0	2	12	6	1	0	0	0	0	0	0	94	1687	3579	0	5266	731	4454	932	4	10	0
disjoint-h2-n7	FilterFirst	true	0	true	2	0	3	0	3	0	1	93	0	0	0	0	0	0	605	353	0	42	48	239	4198	1687	164863	0	166550	733	74151	934	5	350	0
disjoint-h2-n7	FilterSmallest	true	0	true	2	0	3	0	4	0	1	9	0	0	0	0	0	0	49	83	7	56	64	248	4064	1687	146718	0	148405	736	74154	937	5	347	0
disjoint-h2-n7	Intersect	true	0	true	2	0	3	0	3	0	1	0	0	0	2	12	6	1	0	0	0	0	0	0	94	1687	3579	0	5266	731	4454	932	5	11	0
disjoint-h2-n9	FilterFirst	true	0	true	2	0	3	0	3	0	1	527	0	0	0	0	0	0	4511	2307	0	54	87	1355	29962	1687	1119424	0	1121111	733	498267	934	9	2459	0
disjoint-h2-n9	FilterSmallest	true	0	true	2	0	3	0	4	0	1	23	0	0	0	0	0	0	175	321	35	72	116	1378	28538	1687	977188	0	978875	736	498270	937	7	2754	0
disjoint-h2-n9	Intersect	true	0	true	2	0	3	0	3	0	1	0	0	0	2	12	6	1	0	0	0	0	0	0	94	1687	3579	0	5266	731	4454	932	5	15	0
disjoint-h4-n1	FilterFirst	true	0	true	4	0	7	0	7	0	3	1	0	0	0	0	0	0	1	1	0	6	3	3	145	3439	4289	0	7728	733	5707	1160	7	18	0
disjoint-h4-n1	FilterSmallest	true	0	true	4	0	7	0	8	0	3	1	0	0	0	0	0	0	1	1	0	8	4	4	158	3439	5396	0	8835	736	5947	1163	8	18	0
disjoint-h4-n1	Intersect	true	0	true	4	0	7	0	7	0	3	0	0	0	2	12	6	1	0	0	0	0	0	0	146	3439	3931	0	7370	731	5992	1158	7	20	0
disjoint-h4-n3	FilterFirst	true	0	true	4	0	7	0	7	0	3	4	0	0	0	0	0	0	10	8	0	18	6	11	221	3439	8414	0	11853	733	7858	1160	7	22	0
disjoint-h4-n3	FilterSmallest	true	0	true	4	0	7	0	8	0	3	2	0	0	0	0	0	0	4	5	0	24	8	13	240	3439	9926	0	13365	736	7861	1163	8	29	0
disjoint-h4-n3	Intersect	true	0	true	4	0	7	0	7	0	3	0	0	0	2	12	6	1	0	0	0	0	0	0	146	3439	3931	0	7370	731	5992	1158	7	16	0
disjoint-h4-n5	FilterFirst	true	0	true	4	0	7	0	7	0	3	18	0	0	0	0	0	0	80	54	0	30	21	47	733	3439	30661	0	34100	733	17466	1160	7	66	0
disjoint-h4-n5	FilterSmallest	true	0	true	4	0	7	0	8	0	3	4	0	0	0	0	0	0	14	21	1	40	28	51	749	3439	30272	0	33711	736	17469	1163	7	64	0
disjoint-h4-n5	Intersect	true	0	true	4	0	7	0	7	0	3	0	0	0	2	12	6	1	0	0	0	0	0	0	146	3439	3931	0	7370	731	5992	1158	5	11	0
disjoint-h4-n7	FilterFirst	true	0	true	4	0	7	0	7	0	3	93	0	0	0	0	0	0	605	353	0	42	48	239	4250	3439	165215	0	168654	733	75689	1160	7	360	0
disjoint-h4-n7	FilterSmallest	true	0	true	4	0	7	0	8	0	3	9	0	0	0	0	0	0	49	83	7	56	64	248	4116	3439	147070	0	150509	736	75692	1163	7	357	0
disjoint-h4-n7	Intersect	true	0	true	4	0	7	0	7	0	3	0	0	0	2	12	6	1	0	0	0	0	0	0	146	3439	3931	0	7370	731	5992	1158	7	12	0
disjoint-h4-n9	FilterFirst	true	0	true	4	0	7	0	7	0	3	527	0	0	0	0	0	0	4511	2307	0	54	87	1355	30014	3439	1119776	0	1123215	733	499805	1160	10	3161	0
disjoint-h4-n9	FilterSmallest	true	0	true	4	0	7	0	8	0	3	23	0	0	0	0	0	0	175	321	35	72	116	1378	28590	3439	977540	0	980979	736	499808	1163	7	2103	0
disjoint-h4-n9	Intersect	true	0	true	4	0	7	0	7	0	3	0	0	0	2	12	6	1	0	0	0	0	0	0	146	3439	3931	0	7370	731	5992	1158	9	12	0
overlap-h1-n1	FilterFirst	true	0	true	1	0	1	0	1	0	0	1	0	0	0	0	0	0	1	1	0	6	3	3	69	900	3761	0	4661	732	3651	820	4	9	0
overlap-h1-n1	FilterSmallest	true	0	true	1	0	1	0	2	0	0	1	0	0	0	0	0	0	1	1	0	12	6	6	94	900	5906	0	6806	735	4437	823	6	10	0
overlap-h1-n1	Intersect	true	0	true	1	0	1	0	1	0	0	0	0	0	4	36	15	4	0	0	0	13	4	4	138	900	8552	0	9452	730	5167	818	3	16	0
overlap-h1-n3	FilterFirst	true	2	true	1	2	1	0	1	0	0	4	6	2	0	0	0	0	10	12	0	18	6	11	163	900	8276	390	9566	732	5802	1600	6	24	0
overlap-h1-n3	FilterSmallest	true	2	true	1	2	1	0	2	0	0	4	6	2	0	0	0	0	10	12	0	36	12	22	252	900	13514	390	14804	735	6984	1603	4	27	0
overlap-h1-n3	Intersect	true	2	true	1	2	1	0	1	0	0	0	6	2	4	36	15	4	0	0	0	39	13	18	280	900	15548	390	16838	730	9096	1598	4	27	0
overlap-h1-n5	FilterFirst	true	14	true	1	14	1	0	1	0	0	18	66	14	0	0	0	0	80	98	2	30	21	47	847	900	34039	3906	38845	732	15410	7480	4	72	4
overlap-h1-n5	FilterSmallest	true	14	true	1	14	1	0	2	0	0	18	66	14	0	0	0	0	80	98	2	60	42	94	1392	900	56708	3906	61514	735	20120	7483	6	105	4
overlap-h1-n5	Intersect	true	14	true	1	14	1	0	1	0	0	0	66	14	4	36	15	4	0	0	0	65	58	94	1398	900	53682	3906	58488	730	27476	7382	4	103	4
overlap-h1-n7	FilterFirst	true	84	true	1	84	1	0	1	0	0	93	556	84	0	0	0	0	605	725	18	42	48	239	5778	900	201979	35308	238187	732	73633	59532	6	500	64
overlap-h1-n7	FilterSmallest	true	84	true	1	84	1	0	2	0	0	93	556	84	0	0	0	0	605	725	18	84	96	478	9540	900	333402	35308	369610	735	104166	59535	4	717	53
overlap-h1-n7	Intersect	true	84	true	1	84	1	0	1	0	0	0	556	84	4	36	15	4	0	0	0	91	139	536	9772	900	302182	35308	338390	730	139740	57418	4	554	52
overlap-h1-n9	FilterFirst	true	504	true	1	504	1	0	1	0	0	527	4336	504	0	0	0	0	4511	5259	122	54	87	1355	42618	900	1396160	237232	1634292	732	497749	426516	6	2597	206
overlap-h1-n9	FilterSmallest	true	504	true	1	504	1	0	2	0	0	527	4336	504	0	0	0	0	4511	5259	122	108	174	2710	70377	900	2330960	237232	2569092	735	719870	426519	4	3869	203
overlap-h1-n9	Intersect	true	504	true	1	504	1	0	1	0	0	0	4336	504	4	36	15	4	0	0	0	117	256	3228	74664	900	2212700	237232	2450832	730	969400	426130	6	5245	397
overlap-h2-n1	FilterFirst	true	0	true	2	0	3	0	3	0	1	1	0	0	0	0	0	0	1	1	0	6	3	3	97	1865	3937	0	5802	732	4672	933	5	11	0
overlap-h2-n1	FilterSmallest	true	0	true	2	0	3	0	4	0	1	1	0	0	0	0	0	0	1	1	0	12	6	6	122	1865	6082	0	7947	735	5458	936	5	16	0
overlap-h2-n1	Intersect	true	0	true	2	0	3	0	3	0	1	0	0	0	4	36	15	4	0	0	0	13	4	4	166	1865	8728	0	10593	730	6188	931	3	15	0
overlap-h2-n3	FilterFirst	true	4	true	2	2	3	0	3	0	1	4	28	4	0	0	0	0	10	12	0	18	6	11	223	1865	8452	1372	11689	732	6823	2695	7	17	2
overlap-h2-n3	FilterSmallest	true	4	true	2	2	3	0	4	0	1	4	28	4	0	0	0	0	10	12	0	36	12	22	312	1865	13690	1372	16927	735	8005	2698	5	28	1
overlap-h2-n3	Intersect	true	4	true	2	2	3	0	3	0	1	0	28	4	4	36	15	4	0	0	0	39	13	18	340	1865	15724	1372	18961	730	10117	2693	5	29	2
overlap-h2-n5	FilterFirst	true	196	true	2	14	3	0	3	0	1	18	2044	196	0	0	0	0	80	98	2	30	21	47	3755	1865	34215	115132	151212	732	107299	107299	5	68	193
overlap-h2-n5	FilterSmallest	true	196	true	2	14	3	0	4	0	1	18	2044	196	0	0	0	0	80	98	2	60	42	94	4300	1865	56884	115132	173881	735	107302	107302	5	109	208
overlap-h2-n5	Intersect	true	196	true	2	14	3	0	3	0	1	0	2044	196	4	36	15	4	0	0	0	65	58	94	4306	1865	53858	115132	170855	730	107201	107201	5	111	230
overlap-h2-n7	FilterFirst	true	7056	false	2	84	3	0	3	0	1	93	12560	1024	0	0	0	0	605	725	18	42	48	239	23345	1865	202155	664400	868420	732	645729	645729	11	480	1243
overlap-h2-n7	FilterSmallest	true	7056	false	2	84	3	0	4	0	1	93	12560	1024	0	0	0	0	605	725	18	84	96	478	27107	1865	333578	664400	999843	735	645732	645732	5	708	1092
overlap-h2-n7	Intersect	true	7056	false	2	84	3	0	3	0	1	0	12560	1024	4	36	15	4	0	0	0	91	139	536	27339	1865	302358	664400	968623	730	643615	643615	5	721	1214
overlap-h2-n9	FilterFirst	true	254016	false	2	504	3	0	3	0	1	527	12880	1024	0	0	0	0	4511	5259	122	54	87	1355	55203	1865	1396336	680080	2078281	732	844901	844901	5	3599	813
overlap-h2-n9	FilterSmallest	true	254016	false	2	504	3	0	4	0	1	527	12880	1024	0	0	0	0	4511	5259	122	108	174	2710	82962	1865	2331136	680080	3013081	735	844904	844904	6	3904	748
overlap-h2-n9	Intersect	true	254016	false	2	504	3	0	3	0	1	0	12880	1024	4	36	15	4	0	0	0	117	256	3228	87249	1865	2212876	680080	2894821	730	970421	844515	5	5095	812
overlap-h4-n1	FilterFirst	true	0	true	4	0	7	0	7	0	3	1	0	0	0	0	0	0	1	1	0	6	3	3	153	3795	4289	0	8084	732	6714	1159	7	20	0
overlap-h4-n1	FilterSmallest	true	0	true	4	0	7	0	8	0	3	1	0	0	0	0	0	0	1	1	0	12	6	6	178	3795	6434	0	10229	735	7500	1162	7	20	0
overlap-h4-n1	Intersect	true	0	true	4	0	7	0	7	0	3	0	0	0	4	36	15	4	0	0	0	13	4	4	222	3795	9080	0	12875	730	8230	1157	7	28	0
overlap-h4-n3	FilterFirst	true	16	true	4	2	7	0	7	0	3	4	240	16	0	0	0	0	10	12	0	18	6	11	593	3795	8804	12336	24935	732	13309	13309	7	29	33
overlap-h4-n3	FilterSmallest	true	16	true	4	2	7	0	8	0	3	4	240	16	0	0	0	0	10	12	0	36	12	22	682	3795	14042	12336	30173	735	13312	13312	7	31	23
overlap-h4-n3	Intersect	true	16	true	4	2	7	0	7	0	3	0	240	16	4	36	15	4	0	0	0	39	13	18	710	3795	16076	12336	32207	730	13307	13307	7	33	19
overlap-h4-n5	FilterFirst	true	38416	false	4	14	7	0	7	0	3	18	20088	1024	0	0	0	0	80	98	2	30	21	47	30465	3795	34567	1033272	1071634	732	988801	988801	10	68	1987
overlap-h4-n5	FilterSmallest	true	38416	false	4	14	7	0	8	0	3	18	20088	1024	0	0	0	0	80	98	2	60	42	94	31010	3795	57236	1033272	1094303	735	988804	988804	8	118	1975
overlap-h4-n5	Intersect	true	38416	false	4	14	7	0	7	0	3	0	20088	1024	4	36	15	4	0	0	0	65	58	94	31016	3795	54210	1033272	1091277	730	988703	988703	7	122	1886
overlap-h4-n7	FilterFirst	true	49787136	false	4	84	7	0	7	0	3	93	20752	1024	0	0	0	0	605	725	18	42	48	239	35689	3795	202507	1065808	1272110	732	1047363	1047363	7	448	2093
overlap-h4-n7	FilterSmallest	true	49787136	false	4	84	7	0	8	0	3	93	20752	1024	0	0	0	0	605	725	18	84	96	478	39451	3795	333930	1065808	1403533	735	1047366	1047366	7	488	1479
overlap-h4-n7	Intersect	true	49787136	false	4	84	7	0	7	0	3	0	20752	1024	4	36	15	4	0	0	0	91	139	536	39683	3795	302710	1065808	1372313	730	1045249	1045249	7	702	2045
overlap-h4-n9	FilterFirst	true	64524128256	false	4	504	7	0	7	0	3	527	21072	1024	0	0	0	0	4511	5259	122	54	87	1355	67547	3795	1396688	1081488	2481971	732	1246535	1246535	8	2891	1343
overlap-h4-n9	FilterSmallest	true	64524128256	false	4	504	7	0	8	0	3	527	21072	1024	0	0	0	0	4511	5259	122	108	174	2710	95306	3795	2331488	1081488	3416771	735	1246538	1246538	7	5401	1297
overlap-h4-n9	Intersect	true	64524128256	false	4	504	7	0	7	0	3	0	21072	1024	4	36	15	4	0	0	0	117	256	3228	99593	3795	2213228	1081488	3298511	730	1246149	1246149	7	4080	1290
