case	mode	pass	success	input_nodes	calls	computed	hits	cache_entries	residual_refs	certificate_rules	certificate_terms	residuals	allocation_calls	build_requested	solve_requested	export_requested	requested_bytes	baseline_live	peak_live	final_live	build_us	solve_us	export_us
ground-d0-r1	Direct	true	true	1	1	1	0	0	0	4	18	0	112	6569	0	76	6645	726	5875	875	13	0	0
ground-d0-r1	Memo	true	true	1	1	1	0	1	0	4	18	0	113	6569	456	76	7101	724	5873	1329	8	0	0
ground-d0-r8	Direct	true	true	1	8	8	0	0	0	4	18	0	112	6625	0	76	6701	726	5931	931	9	0	0
ground-d0-r8	Memo	true	true	1	8	1	7	1	0	4	18	0	113	6625	456	76	7157	724	5929	1385	9	0	0
ground-d0-r64	Direct	true	true	1	64	64	0	0	0	4	18	0	112	7073	0	76	7149	727	6380	1380	10	0	0
ground-d0-r64	Memo	true	true	1	64	1	63	1	0	4	18	0	113	7073	456	76	7605	725	6378	1834	10	0	0
ground-d1-r1	Direct	true	true	2	3	3	0	0	0	4	18	0	115	6650	0	76	6726	726	5956	956	18	0	0
ground-d1-r1	Memo	true	true	2	3	2	1	2	0	4	18	0	116	6650	456	76	7182	724	5954	1410	11	0	0
ground-d1-r8	Direct	true	true	2	24	24	0	0	0	4	18	0	115	6706	0	76	6782	726	6012	1012	11	0	0
ground-d1-r8	Memo	true	true	2	10	2	8	2	0	4	18	0	116	6706	456	76	7238	724	6010	1466	10	0	0
ground-d1-r64	Direct	true	true	2	192	192	0	0	0	4	18	0	115	7154	0	76	7230	727	6461	1461	10	1	0
ground-d1-r64	Memo	true	true	2	66	2	64	2	0	4	18	0	116	7154	456	76	7686	725	6459	1915	13	1	0
ground-d4-r1	Direct	true	true	5	31	31	0	0	0	4	18	0	124	6893	0	76	6969	726	6199	1199	9	0	0
ground-d4-r1	Memo	true	true	5	9	5	4	5	0	4	18	0	125	6893	456	76	7425	724	6197	1653	11	0	0
ground-d4-r8	Direct	true	true	5	248	248	0	0	0	4	18	0	124	6949	0	76	7025	726	6255	1255	15	2	0
ground-d4-r8	Memo	true	true	5	16	5	11	5	0	4	18	0	125	6949	456	76	7481	724	6253	1709	11	0	0
ground-d4-r64	Direct	true	true	5	1984	1984	0	0	0	4	18	0	124	7397	0	76	7473	727	6704	1704	10	15	0
ground-d4-r64	Memo	true	true	5	72	5	67	5	0	4	18	0	125	7397	456	76	7929	725	6702	2158	10	2	0
ground-d8-r1	Direct	true	true	9	511	511	0	0	0	4	18	0	136	7217	0	76	7293	726	6523	1523	10	4	1
ground-d8-r1	Memo	true	true	9	17	9	8	9	0	4	18	0	137	7217	456	76	7749	724	6521	1977	10	2	0
ground-d8-r8	Direct	true	true	9	4088	4088	0	0	0	4	18	0	136	7273	0	76	7349	726	6579	1579	11	35	2
ground-d8-r8	Memo	true	true	9	24	9	15	9	0	4	18	0	137	7273	456	76	7805	724	6577	2033	11	2	0
ground-d8-r64	Direct	true	true	9	32704	32704	0	0	0	4	18	0	136	7721	0	76	7797	727	7028	2028	14	269	0
ground-d8-r64	Memo	true	true	9	80	9	71	9	0	4	18	0	137	7721	456	76	8253	725	7026	2482	13	1	0
ground-d12-r1	Direct	true	true	13	8191	8191	0	0	0	4	18	0	148	7541	0	76	7617	727	6848	1848	14	76	0
ground-d12-r1	Memo	true	true	13	25	13	12	13	0	4	18	0	151	7541	1464	76	9081	725	6846	3310	15	1	0
ground-d12-r8	Direct	true	true	13	65528	65528	0	0	0	4	18	0	148	7597	0	76	7673	727	6904	1904	12	523	0
ground-d12-r8	Memo	true	true	13	32	13	19	13	0	4	18	0	151	7597	1464	76	9137	725	6902	3366	13	1	0
ground-d12-r64	Direct	true	true	13	524224	524224	0	0	0	4	18	0	148	8045	0	76	8121	728	7353	2353	14	4580	0
ground-d12-r64	Memo	true	true	13	88	13	75	13	0	4	18	0	151	8045	1464	76	9585	726	7351	3815	12	2	0
hole-d0-r1	Direct	true	true	1	1	1	0	0	2	4	18	1	116	6568	40	176	6784	724	5872	1004	10	0	0
hole-d0-r1	Memo	true	true	1	1	1	0	1	3	4	18	1	118	6568	504	176	7248	722	5870	1466	7	0	0
hole-d0-r8	Direct	true	true	1	8	8	0	0	16	4	18	8	138	6624	160	876	7660	724	5928	1792	10	0	0
hole-d0-r8	Memo	true	true	1	8	1	7	1	17	4	18	8	140	6624	624	876	8124	722	5926	2254	10	0	0
hole-d0-r64	Direct	true	true	1	64	64	0	0	128	4	18	64	309	7072	1504	6476	15052	725	8289	8289	10	3	8
hole-d0-r64	Memo	true	true	1	64	1	63	1	129	4	18	64	311	7072	1968	6476	15516	723	8751	8751	10	5	7
hole-d1-r1	Direct	true	true	2	3	3	0	0	5	4	18	2	123	6649	80	276	7005	724	5953	1185	11	0	0
hole-d1-r1	Memo	true	true	2	3	2	1	2	8	4	18	2	126	6649	560	276	7485	722	5951	1663	10	0	0
hole-d1-r8	Direct	true	true	2	24	24	0	0	40	4	18	16	174	6705	608	1676	8989	724	6009	2737	10	1	1
hole-d1-r8	Memo	true	true	2	10	2	8	2	36	4	18	16	163	6705	864	1676	9245	722	6007	3215	7	1	0
hole-d1-r64	Direct	true	true	2	192	192	0	0	320	4	18	128	569	7153	5088	12876	25117	725	15282	15282	10	11	14
hole-d1-r64	Memo	true	true	2	66	2	64	2	260	4	18	128	446	7153	3552	12876	23581	723	15760	15760	10	5	15
hole-d4-r1	Direct	true	true	5	31	31	0	0	64	4	18	16	184	6892	768	1676	9336	724	6196	2924	10	3	1
hole-d4-r1	Memo	true	true	5	9	5	4	5	78	4	18	16	171	6892	1184	1676	9752	722	6194	3626	12	4	1
hole-d4-r8	Direct	true	true	5	248	248	0	0	512	4	18	128	600	6948	7040	12876	26864	724	15076	15076	13	20	17
hole-d4-r8	Memo	true	true	5	16	5	11	5	302	4	18	128	405	6948	3872	12876	23696	722	15778	15778	10	4	15
hole-d4-r64	Direct	true	true	5	1984	1984	0	0	4096	4	18	1024	3907	7396	57216	102476	167088	725	112293	112293	10	96	117
hole-d4-r64	Memo	true	true	5	72	5	67	5	2094	4	18	1024	2256	7396	25376	102476	135248	723	112995	112995	9	7	90
hole-d8-r1	Direct	true	true	9	511	511	0	0	1536	4	18	256	1096	7216	20480	25676	53372	724	29168	29168	8	21	20
hole-d8-r1	Memo	true	true	9	17	9	8	9	1278	4	18	256	675	7216	12704	25676	45596	722	33710	33710	10	7	26
hole-d8-r8	Direct	true	true	9	4088	4088	0	0	12288	4	18	2048	7812	7272	178176	204876	390324	724	222760	222760	13	222	249
hole-d8-r8	Memo	true	true	9	24	9	15	9	4862	4	18	2048	4269	7272	55712	204876	267860	722	227302	227302	11	17	276
hole-d8-r64	Direct	true	true	9	32704	32704	0	0	98304	4	18	16384	61519	7720	1439744	1638476	3085940	725	1771497	1771497	13	1634	1581
hole-d8-r64	Memo	true	true	9	80	9	71	9	33534	4	18	16384	33000	7720	399776	1638476	2045972	723	1776039	1776039	13	105	2135
hole-d12-r1	Direct	true	true	13	8191	8191	0	0	32768	4	18	4096	15508	7540	458752	409676	875968	725	444213	444213	17	491	457
hole-d12-r1	Memo	true	true	13	25	13	12	13	20478	4	18	4096	8381	7540	198032	409676	615248	723	511203	511203	14	94	562
hole-d12-r8	Direct	true	true	13	65528	65528	0	0	262144	4	18	32768	123024	7596	3899392	3276876	7183864	725	3540845	3540845	16	3396	3060
hole-d12-r8	Memo	true	true	13	32	13	19	13	77822	4	18	32768	65735	7596	886160	3276876	4170632	723	3607835	3607835	14	281	4088
hole-d12-r64	Direct	true	true	13	524224	524224	0	0	2097152	4	18	262144	983131	8044	31424512	26214476	57647032	726	28313902	28313902	17	19291	22337
hole-d12-r64	Memo	true	true	13	88	13	75	13	536574	4	18	262144	524546	8044	6391184	26214476	32613704	724	28380892	28380892	16	1197	31045
unknown-d0-r1	Direct	true	true	3	1	1	0	0	2	4	18	1	128	6721	40	281	7042	727	6028	1265	15	0	0
unknown-d0-r1	Memo	true	true	3	1	1	0	1	3	4	18	1	130	6721	504	281	7506	725	6026	1727	16	1	0
unknown-d0-r8	Direct	true	true	3	8	8	0	0	16	4	18	8	185	6777	160	1716	8653	727	6084	2788	18	1	2
unknown-d0-r8	Memo	true	true	3	8	1	7	1	17	4	18	8	187	6777	624	1716	9117	725	6082	3250	11	1	2
unknown-d0-r64	Direct	true	true	3	64	64	0	0	128	4	18	64	636	7225	1504	13196	21925	728	15165	15165	9	3	16
unknown-d0-r64	Memo	true	true	3	64	1	63	1	129	4	18	64	638	7225	1968	13196	22389	726	15627	15627	20	5	33
unknown-d1-r1	Direct	true	true	4	3	3	0	0	5	4	18	2	140	6802	80	486	7368	727	6109	1551	11	0	0
unknown-d1-r1	Memo	true	true	4	3	2	1	2	8	4	18	2	143	6802	560	486	7848	725	6107	2029	11	1	0
unknown-d1-r8	Direct	true	true	4	24	24	0	0	40	4	18	16	261	6858	608	3356	10822	727	6165	4573	10	1	5
unknown-d1-r8	Memo	true	true	4	10	2	8	2	36	4	18	16	250	6858	864	3356	11078	725	6163	5051	11	1	5
unknown-d1-r64	Direct	true	true	4	192	192	0	0	320	4	18	128	1216	7306	5088	26316	38710	728	28878	28878	10	12	51
unknown-d1-r64	Memo	true	true	4	66	2	64	2	260	4	18	128	1093	7306	3552	26316	37174	726	29356	29356	11	6	51
unknown-d4-r1	Direct	true	true	7	31	31	0	0	64	4	18	16	271	7045	768	3356	11169	727	6352	4760	11	3	4
unknown-d4-r1	Memo	true	true	7	9	5	4	5	78	4	18	16	258	7045	1184	3356	11585	725	6350	5462	11	3	4
unknown-d4-r8	Direct	true	true	7	248	248	0	0	512	4	18	128	1247	7101	7040	26316	40457	727	28672	28672	11	16	48
unknown-d4-r8	Memo	true	true	7	16	5	11	5	302	4	18	128	1052	7101	3872	26316	37289	725	29374	29374	11	3	48
unknown-d4-r64	Direct	true	true	7	1984	1984	0	0	4096	4	18	1024	9034	7549	57216	209996	274761	728	219969	219969	14	108	422
unknown-d4-r64	Memo	true	true	7	72	5	67	5	2094	4	18	1024	7383	7549	25376	209996	242921	726	220671	220671	18	16	538
unknown-d8-r1	Direct	true	true	11	511	511	0	0	1536	4	18	256	2383	7369	20480	52556	80405	727	56204	56204	15	32	100
unknown-d8-r1	Memo	true	true	11	17	9	8	9	1278	4	18	256	1962	7369	12704	52556	72629	725	60746	60746	15	8	98
unknown-d8-r8	Direct	true	true	11	4088	4088	0	0	12288	4	18	2048	18059	7425	178176	419916	605517	727	437956	437956	14	214	770
unknown-d8-r8	Memo	true	true	11	24	9	15	9	4862	4	18	2048	14516	7425	55712	419916	483053	725	442498	442498	13	14	793
unknown-d8-r64	Direct	true	true	11	32704	32704	0	0	98304	4	18	16384	143446	7873	1439744	3358796	4806413	728	3491973	3491973	21	1592	4407
unknown-d8-r64	Memo	true	true	11	80	9	71	9	33534	4	18	16384	114927	7873	399776	3358796	3766445	726	3496515	3496515	15	117	6138
unknown-d12-r1	Direct	true	true	15	8191	8191	0	0	32768	4	18	4096	35995	7693	458752	839756	1306201	728	874449	874449	16	467	1704
unknown-d12-r1	Memo	true	true	15	25	13	12	13	20478	4	18	4096	28868	7693	198032	839756	1045481	726	941439	941439	16	102	1609
unknown-d12-r8	Direct	true	true	15	65528	65528	0	0	262144	4	18	32768	286871	7749	3899392	6717516	10624657	728	6981641	6981641	10	2240	9009
unknown-d12-r8	Memo	true	true	15	32	13	19	13	77822	4	18	32768	229582	7749	886160	6717516	7611425	726	7048631	7048631	19	265	13305
unknown-d12-r64	Direct	true	true	15	524224	524224	0	0	2097152	4	18	262144	2293858	8197	31424512	53739596	85172305	729	55839178	55839178	16	18732	73716
unknown-d12-r64	Memo	true	true	15	88	13	75	13	536574	4	18	262144	1835273	8197	6391184	53739596	60138977	727	55906168	55906168	17	1624	86606
failure-d0-r1	Direct	true	false	2	1	1	0	0	0	4	18	0	113	6642	0	0	6642	727	5949	873	11	0	0
failure-d0-r1	Memo	true	false	2	1	1	0	1	0	4	18	0	114	6642	456	0	7098	725	5947	1327	11	0	0
failure-d0-r8	Direct	true	false	2	1	1	0	0	0	4	18	0	113	6698	0	0	6698	727	6005	929	11	0	0
failure-d0-r8	Memo	true	false	2	1	1	0	1	0	4	18	0	114	6698	456	0	7154	725	6003	1383	10	0	0
failure-d0-r64	Direct	true	false	2	1	1	0	0	0	4	18	0	113	7146	0	0	7146	728	6454	1378	10	0	0
failure-d0-r64	Memo	true	false	2	1	1	0	1	0	4	18	0	114	7146	456	0	7602	726	6452	1832	10	0	0
failure-d1-r1	Direct	true	false	3	2	2	0	0	0	4	18	0	116	6723	0	0	6723	727	6030	954	10	0	0
failure-d1-r1	Memo	true	false	3	2	2	0	2	0	4	18	0	117	6723	456	0	7179	725	6028	1408	12	0	0
failure-d1-r8	Direct	true	false	3	2	2	0	0	0	4	18	0	116	6779	0	0	6779	727	6086	1010	11	0	0
failure-d1-r8	Memo	true	false	3	2	2	0	2	0	4	18	0	117	6779	456	0	7235	725	6084	1464	11	0	0
failure-d1-r64	Direct	true	false	3	2	2	0	0	0	4	18	0	116	7227	0	0	7227	728	6535	1459	11	0	0
failure-d1-r64	Memo	true	false	3	2	2	0	2	0	4	18	0	117	7227	456	0	7683	726	6533	1913	11	2	0
failure-d4-r1	Direct	true	false	6	5	5	0	0	0	4	18	0	125	6966	0	0	6966	727	6273	1197	11	0	0
failure-d4-r1	Memo	true	false	6	5	5	0	5	0	4	18	0	126	6966	456	0	7422	725	6271	1651	15	0	0
failure-d4-r8	Direct	true	false	6	5	5	0	0	0	4	18	0	125	7022	0	0	7022	727	6329	1253	12	0	0
failure-d4-r8	Memo	true	false	6	5	5	0	5	0	4	18	0	126	7022	456	0	7478	725	6327	1707	11	2	0
failure-d4-r64	Direct	true	false	6	5	5	0	0	0	4	18	0	125	7470	0	0	7470	728	6778	1702	14	0	0
failure-d4-r64	Memo	true	false	6	5	5	0	5	0	4	18	0	126	7470	456	0	7926	726	6776	2156	14	0	0
failure-d8-r1	Direct	true	false	10	9	9	0	0	0	4	18	0	137	7290	0	0	7290	727	6597	1521	13	0	0
failure-d8-r1	Memo	true	false	10	9	9	0	9	0	4	18	0	138	7290	456	0	7746	725	6595	1975	16	0	0
failure-d8-r8	Direct	true	false	10	9	9	0	0	0	4	18	0	137	7346	0	0	7346	727	6653	1577	17	0	0
failure-d8-r8	Memo	true	false	10	9	9	0	9	0	4	18	0	138	7346	456	0	7802	725	6651	2031	17	1	0
failure-d8-r64	Direct	true	false	10	9	9	0	0	0	4	18	0	137	7794	0	0	7794	728	7102	2026	14	0	0
failure-d8-r64	Memo	true	false	10	9	9	0	9	0	4	18	0	138	7794	456	0	8250	726	7100	2480	15	0	0
failure-d12-r1	Direct	true	false	14	13	13	0	0	0	4	18	0	149	7614	0	0	7614	728	6922	1846	15	0	0
failure-d12-r1	Memo	true	false	14	13	13	0	13	0	4	18	0	152	7614	1464	0	9078	726	6920	3308	18	1	0
failure-d12-r8	Direct	true	false	14	13	13	0	0	0	4	18	0	149	7670	0	0	7670	728	6978	1902	15	0	0
failure-d12-r8	Memo	true	false	14	13	13	0	13	0	4	18	0	152	7670	1464	0	9134	726	6976	3364	14	1	0
failure-d12-r64	Direct	true	false	14	13	13	0	0	0	4	18	0	149	8118	0	0	8118	729	7427	2351	15	0	0
failure-d12-r64	Memo	true	false	14	13	13	0	13	0	4	18	0	152	8118	1464	0	9582	727	7425	3813	14	1	0
unshared-d0-r1	Direct	true	true	1	1	1	0	0	0	4	18	0	112	6569	0	76	6645	728	5877	877	14	0	0
unshared-d0-r1	Memo	true	true	1	1	1	0	1	0	4	18	0	113	6569	456	76	7101	726	5875	1331	11	0	0
unshared-d0-r8	Direct	true	true	8	8	8	0	0	0	4	18	0	126	7080	0	76	7156	728	6388	1388	11	0	0
unshared-d0-r8	Memo	true	true	8	8	8	0	8	0	4	18	0	127	7080	456	76	7612	726	6386	1842	8	1	0
unshared-d0-r64	Direct	true	true	64	64	64	0	0	0	4	18	0	238	11168	0	76	11244	729	10477	5477	19	0	0
unshared-d0-r64	Memo	true	true	64	64	64	0	64	0	4	18	0	248	11168	4656	76	15900	727	10475	10131	12	5	0
unshared-d1-r1	Direct	true	true	3	3	3	0	0	0	4	18	0	117	6715	0	76	6791	728	6023	1023	10	0	0
unshared-d1-r1	Memo	true	true	3	3	3	0	3	0	4	18	0	118	6715	456	76	7247	726	6021	1477	12	0	0
unshared-d1-r8	Direct	true	true	24	24	24	0	0	0	4	18	0	166	8248	0	76	8324	728	7556	2556	15	0	0
unshared-d1-r8	Memo	true	true	24	24	24	0	24	0	4	18	0	170	8248	1920	76	10244	726	7554	4474	15	2	0
unshared-d1-r64	Direct	true	true	192	192	192	0	0	0	4	18	0	558	20512	0	76	20588	729	19821	14821	36	2	0
unshared-d1-r64	Memo	true	true	192	192	192	0	192	0	4	18	0	590	20512	15072	76	35660	727	29891	29891	34	29	0
unshared-d4-r1	Direct	true	true	31	31	31	0	0	0	4	18	0	187	8759	0	76	8835	728	8067	3067	15	0	0
unshared-d4-r1	Memo	true	true	31	31	31	0	31	0	4	18	0	192	8759	2376	76	11211	726	8065	5441	16	5	0
unshared-d4-r8	Direct	true	true	248	248	248	0	0	0	4	18	0	726	24600	0	76	24676	728	23908	18908	29	1	0
unshared-d4-r8	Memo	true	true	248	248	248	0	248	0	4	18	0	767	24600	19272	76	43948	726	38178	38178	43	37	0
unshared-d4-r64	Direct	true	true	1984	1984	1984	0	0	0	4	18	0	5038	151328	0	76	151404	729	150637	145637	269	22	0
unshared-d4-r64	Memo	true	true	1984	1984	1984	0	1984	0	4	18	0	5367	151328	154440	76	305844	727	300075	300075	264	326	0
unshared-d8-r1	Direct	true	true	511	511	511	0	0	0	4	18	0	1387	43799	0	76	43875	728	43107	38107	81	7	0
unshared-d8-r1	Memo	true	true	511	511	511	0	511	0	4	18	0	1471	43799	39360	76	83235	726	77465	77465	53	53	0
unshared-d8-r8	Direct	true	true	4088	4088	4088	0	0	0	4	18	0	10326	304920	0	76	304996	728	304228	299228	571	54	0
unshared-d8-r8	Memo	true	true	4088	4088	4088	0	4088	0	4	18	0	11006	304920	319296	76	624292	726	618522	618522	622	678	0
unshared-d8-r64	Direct	true	true	32704	32704	32704	0	0	0	4	18	0	81838	2393888	0	76	2393964	729	2393197	2388197	4861	599	0
unshared-d8-r64	Memo	true	true	32704	32704	32704	0	32704	0	4	18	0	87288	2393888	2559888	76	4953852	727	4948083	4948083	4194	4290	0
unshared-d12-r1	Direct	true	true	8191	8191	8191	0	0	0	4	18	0	20587	604439	0	76	604515	729	603748	598748	1161	111	0
unshared-d12-r1	Memo	true	true	8191	8191	8191	0	8191	0	4	18	0	21952	604439	641160	76	1245675	727	1239906	1239906	1006	1333	0
unshared-d12-r8	Direct	true	true	65528	65528	65528	0	0	0	4	18	0	163926	4790040	0	76	4790116	729	4789349	4784349	6549	1468	0
unshared-d12-r8	Memo	true	true	65528	65528	65528	0	65528	0	4	18	0	174847	4790040	5129736	76	9919852	727	9914083	9914083	7677	9372	0
unshared-d12-r64	Direct	true	true	524224	524224	524224	0	0	0	4	18	0	1310638	38274848	0	76	38274924	730	38274158	38269158	53181	9906	0
unshared-d12-r64	Memo	true	true	524224	524224	524224	0	524224	0	4	18	0	1398007	38274848	41038344	76	79313268	728	79307500	79307500	49468	87176	0
