case	mode	quantum	limit	status	factors	answers	raw_products	owner_turns	source_turns	applications	products	product_jobs	duplicates	refutations	issued	received	accepted	max_outstanding	owner_buffered_peak	outstanding	buffered	unaccepted_at_shutdown	actual_source_steps	accepted_source_steps	cancelled_requests	unserved_quantum_slots	prefetch_visits
A01-disconnected-failure	Baseline	1	0	pass	1	0	0	5	5	1	0	0	0	1	0	0	0	0	0	0	0	0	5	5	0	0	0
A01-disconnected-failure	Inline	1	4	pass	1	0	0	5	5	1	0	0	0	1	5	5	5	1	1	0	0	0	5	5	0	0	5
A01-disconnected-failure	Threads(1)	1	4	pass	1	0	0	5	5	1	0	0	0	1	5	5	5	1	1	0	0	0	5	5	0	0	5
A01-disconnected-failure	Threads(2)	1	4	pass	1	0	0	5	5	1	0	0	0	1	5	5	5	1	1	0	0	0	5	5	0	0	5
A01-disconnected-failure	Inline	8	4	pass	1	0	0	1	1	1	0	0	0	1	1	1	1	1	1	0	0	0	5	5	0	0	1
A01-disconnected-failure	Threads(1)	8	4	pass	1	0	0	1	1	1	0	0	0	1	1	1	1	1	1	0	0	0	5	5	0	0	1
A01-disconnected-failure	Threads(2)	8	4	pass	1	0	0	1	1	1	0	0	0	1	1	1	1	1	1	0	0	0	5	5	0	0	1
A02-pending-failure	Baseline	1	0	pass	1	0	0	7	7	2	0	0	0	1	0	0	0	0	0	0	0	0	7	7	0	0	0
A02-pending-failure	Inline	1	4	pass	1	0	0	7	7	2	0	0	0	1	7	7	7	1	1	0	0	0	7	7	0	0	7
A02-pending-failure	Threads(1)	1	4	pass	1	0	0	7	7	2	0	0	0	1	7	7	7	1	1	0	0	0	7	7	0	0	7
A02-pending-failure	Threads(2)	1	4	pass	1	0	0	7	7	2	0	0	0	1	7	7	7	1	1	0	0	0	7	7	0	0	7
A02-pending-failure	Inline	8	4	pass	1	0	0	1	1	2	0	0	0	1	1	1	1	1	1	0	0	0	7	7	0	0	1
A02-pending-failure	Threads(1)	8	4	pass	1	0	0	1	1	2	0	0	0	1	1	1	1	1	1	0	0	0	7	7	0	0	1
A02-pending-failure	Threads(2)	8	4	pass	1	0	0	1	1	2	0	0	0	1	1	1	1	1	1	0	0	0	7	7	0	0	1
A03-raw-duplicates	Baseline	1	0	pass	1	1	2	7	7	1	1	0	0	0	0	0	0	0	0	0	0	0	7	7	0	0	0
A03-raw-duplicates	Inline	1	4	pass	1	1	2	7	7	1	1	0	0	0	7	7	7	1	1	0	0	0	7	7	0	0	7
A03-raw-duplicates	Threads(1)	1	4	pass	1	1	2	7	7	1	1	0	0	0	7	7	7	1	1	0	0	0	7	7	0	0	7
A03-raw-duplicates	Threads(2)	1	4	pass	1	1	2	7	7	1	1	0	0	0	7	7	7	1	1	0	0	0	7	7	0	0	7
A03-raw-duplicates	Inline	8	4	pass	1	1	2	1	1	1	1	0	0	0	1	1	1	1	1	0	0	0	7	7	0	0	1
A03-raw-duplicates	Threads(1)	8	4	pass	1	1	2	1	1	1	1	0	0	0	1	1	1	1	1	0	0	0	7	7	0	0	1
A03-raw-duplicates	Threads(2)	8	4	pass	1	1	2	1	1	1	1	0	0	0	1	1	1	1	1	0	0	0	7	7	0	0	1
A04-alpha-residual	Baseline	1	0	pass	1	1	2	7	7	1	1	0	0	0	0	0	0	0	0	0	0	0	7	7	0	0	0
A04-alpha-residual	Inline	1	4	pass	1	1	2	7	7	1	1	0	0	0	7	7	7	1	1	0	0	0	7	7	0	0	7
A04-alpha-residual	Threads(1)	1	4	pass	1	1	2	7	7	1	1	0	0	0	7	7	7	1	1	0	0	0	7	7	0	0	7
A04-alpha-residual	Threads(2)	1	4	pass	1	1	2	7	7	1	1	0	0	0	7	7	7	1	1	0	0	0	7	7	0	0	7
A04-alpha-residual	Inline	8	4	pass	1	1	2	1	1	1	1	0	0	0	1	1	1	1	1	0	0	0	7	7	0	0	1
A04-alpha-residual	Threads(1)	8	4	pass	1	1	2	1	1	1	1	0	0	0	1	1	1	1	1	0	0	0	7	7	0	0	1
A04-alpha-residual	Threads(2)	8	4	pass	1	1	2	1	1	1	1	0	0	0	1	1	1	1	1	0	0	0	7	7	0	0	1
C01-correlation	Baseline	1	0	pass	1	2	2	10	10	1	2	0	0	0	0	0	0	0	0	0	0	0	10	10	0	0	0
C01-correlation	Inline	1	4	pass	1	2	2	10	10	1	2	0	0	0	10	10	10	1	1	0	0	0	10	10	0	0	10
C01-correlation	Threads(1)	1	4	pass	1	2	2	10	10	1	2	0	0	0	10	10	10	1	1	0	0	0	10	10	0	0	10
C01-correlation	Threads(2)	1	4	pass	1	2	2	10	10	1	2	0	0	0	10	10	10	1	1	0	0	0	10	10	0	0	10
C01-correlation	Inline	8	4	pass	1	2	2	2	2	1	2	0	0	0	2	2	2	1	1	0	0	0	10	10	0	0	2
C01-correlation	Threads(1)	8	4	pass	1	2	2	2	2	1	2	0	0	0	2	2	2	1	1	0	0	0	10	10	0	0	2
C01-correlation	Threads(2)	8	4	pass	1	2	2	2	2	1	2	0	0	0	2	2	2	1	1	0	0	0	10	10	0	0	2
C02-independent	Baseline	1	0	pass	1	4	4	18	18	3	4	0	0	0	0	0	0	0	0	0	0	0	18	18	0	0	0
C02-independent	Inline	1	4	pass	1	4	4	18	18	3	4	0	0	0	18	18	18	1	1	0	0	0	18	18	0	0	18
C02-independent	Threads(1)	1	4	pass	1	4	4	18	18	3	4	0	0	0	18	18	18	1	1	0	0	0	18	18	0	0	18
C02-independent	Threads(2)	1	4	pass	1	4	4	18	18	3	4	0	0	0	18	18	18	1	1	0	0	0	18	18	0	0	18
C02-independent	Inline	8	4	pass	1	4	4	3	3	3	4	0	0	0	3	3	3	1	1	0	0	0	18	18	0	0	3
C02-independent	Threads(1)	8	4	pass	1	4	4	3	3	3	4	0	0	0	3	3	3	1	1	0	0	0	18	18	0	0	3
C02-independent	Threads(2)	8	4	pass	1	4	4	3	3	3	4	0	0	0	3	3	3	1	1	0	0	0	18	18	0	0	3
C03-inactive-label	Baseline	1	0	pass	1	3	3	10	10	1	3	0	0	0	0	0	0	0	0	0	0	0	10	10	0	0	0
C03-inactive-label	Inline	1	4	pass	1	3	3	10	10	1	3	0	0	0	10	10	10	1	1	0	0	0	10	10	0	0	10
C03-inactive-label	Threads(1)	1	4	pass	1	3	3	10	10	1	3	0	0	0	10	10	10	1	1	0	0	0	10	10	0	0	10
C03-inactive-label	Threads(2)	1	4	pass	1	3	3	10	10	1	3	0	0	0	10	10	10	1	1	0	0	0	10	10	0	0	10
C03-inactive-label	Inline	8	4	pass	1	3	3	2	2	1	3	0	0	0	2	2	2	1	1	0	0	0	10	10	0	0	2
C03-inactive-label	Threads(1)	8	4	pass	1	3	3	2	2	1	3	0	0	0	2	2	2	1	1	0	0	0	10	10	0	0	2
C03-inactive-label	Threads(2)	8	4	pass	1	3	3	2	2	1	3	0	0	0	2	2	2	1	1	0	0	0	10	10	0	0	2
C04-recursive-fresh	Baseline	1	0	pass	1	8	8	81	81	15	8	0	0	0	0	0	0	0	0	0	0	0	81	81	0	0	0
C04-recursive-fresh	Inline	1	4	pass	1	8	8	81	81	15	8	0	0	0	81	81	81	1	1	0	0	0	81	81	0	0	81
C04-recursive-fresh	Threads(1)	1	4	pass	1	8	8	81	81	15	8	0	0	0	81	81	81	1	1	0	0	0	81	81	0	0	81
C04-recursive-fresh	Threads(2)	1	4	pass	1	8	8	81	81	15	8	0	0	0	81	81	81	1	1	0	0	0	81	81	0	0	81
C04-recursive-fresh	Inline	8	4	pass	1	8	8	11	11	15	8	0	0	0	11	11	11	1	1	0	0	0	81	81	0	0	11
C04-recursive-fresh	Threads(1)	8	4	pass	1	8	8	11	11	15	8	0	0	0	11	11	11	1	1	0	0	0	81	81	0	0	11
C04-recursive-fresh	Threads(2)	8	4	pass	1	8	8	11	11	15	8	0	0	0	11	11	11	1	1	0	0	0	81	81	0	0	11
G01-suspended	Baseline	1	0	pass	1	1	1	2	2	0	1	0	0	0	0	0	0	0	0	0	0	0	2	2	0	0	0
G01-suspended	Inline	1	4	pass	1	1	1	2	2	0	1	0	0	0	2	2	2	1	1	0	0	0	2	2	0	0	2
G01-suspended	Threads(1)	1	4	pass	1	1	1	2	2	0	1	0	0	0	2	2	2	1	1	0	0	0	2	2	0	0	2
G01-suspended	Threads(2)	1	4	pass	1	1	1	2	2	0	1	0	0	0	2	2	2	1	1	0	0	0	2	2	0	0	2
G01-suspended	Inline	8	4	pass	1	1	1	1	1	0	1	0	0	0	1	1	1	1	1	0	0	0	2	2	0	0	1
G01-suspended	Threads(1)	8	4	pass	1	1	1	1	1	0	1	0	0	0	1	1	1	1	1	0	0	0	2	2	0	0	1
G01-suspended	Threads(2)	8	4	pass	1	1	1	1	1	0	1	0	0	0	1	1	1	1	1	0	0	0	2	2	0	0	1
G02-recheck	Baseline	1	0	pass	1	1	1	7	7	2	1	0	0	0	0	0	0	0	0	0	0	0	7	7	0	0	0
G02-recheck	Inline	1	4	pass	1	1	1	7	7	2	1	0	0	0	7	7	7	1	1	0	0	0	7	7	0	0	7
G02-recheck	Threads(1)	1	4	pass	1	1	1	7	7	2	1	0	0	0	7	7	7	1	1	0	0	0	7	7	0	0	7
G02-recheck	Threads(2)	1	4	pass	1	1	1	7	7	2	1	0	0	0	7	7	7	1	1	0	0	0	7	7	0	0	7
G02-recheck	Inline	8	4	pass	1	1	1	1	1	2	1	0	0	0	1	1	1	1	1	0	0	0	7	7	0	0	1
G02-recheck	Threads(1)	8	4	pass	1	1	1	1	1	2	1	0	0	0	1	1	1	1	1	0	0	0	7	7	0	0	1
G02-recheck	Threads(2)	8	4	pass	1	1	1	1	1	2	1	0	0	0	1	1	1	1	1	0	0	0	7	7	0	0	1
H01-distinct-resources	Baseline	1	0	pass	1	1	1	2	2	0	1	0	0	0	0	0	0	0	0	0	0	0	2	2	0	0	0
H01-distinct-resources	Inline	1	4	pass	1	1	1	2	2	0	1	0	0	0	2	2	2	1	1	0	0	0	2	2	0	0	2
H01-distinct-resources	Threads(1)	1	4	pass	1	1	1	2	2	0	1	0	0	0	2	2	2	1	1	0	0	0	2	2	0	0	2
H01-distinct-resources	Threads(2)	1	4	pass	1	1	1	2	2	0	1	0	0	0	2	2	2	1	1	0	0	0	2	2	0	0	2
H01-distinct-resources	Inline	8	4	pass	1	1	1	1	1	0	1	0	0	0	1	1	1	1	1	0	0	0	2	2	0	0	1
H01-distinct-resources	Threads(1)	8	4	pass	1	1	1	1	1	0	1	0	0	0	1	1	1	1	1	0	0	0	2	2	0	0	1
H01-distinct-resources	Threads(2)	8	4	pass	1	1	1	1	1	0	1	0	0	0	1	1	1	1	1	0	0	0	2	2	0	0	1
H02-repeated-head-alias	Baseline	1	0	pass	1	1	1	8	8	2	1	0	0	0	0	0	0	0	0	0	0	0	8	8	0	0	0
H02-repeated-head-alias	Inline	1	4	pass	1	1	1	8	8	2	1	0	0	0	8	8	8	1	1	0	0	0	8	8	0	0	8
H02-repeated-head-alias	Threads(1)	1	4	pass	1	1	1	8	8	2	1	0	0	0	8	8	8	1	1	0	0	0	8	8	0	0	8
H02-repeated-head-alias	Threads(2)	1	4	pass	1	1	1	8	8	2	1	0	0	0	8	8	8	1	1	0	0	0	8	8	0	0	8
H02-repeated-head-alias	Inline	8	4	pass	1	1	1	1	1	2	1	0	0	0	1	1	1	1	1	0	0	0	8	8	0	0	1
H02-repeated-head-alias	Threads(1)	8	4	pass	1	1	1	1	1	2	1	0	0	0	1	1	1	1	1	0	0	0	8	8	0	0	1
H02-repeated-head-alias	Threads(2)	8	4	pass	1	1	1	1	1	2	1	0	0	0	1	1	1	1	1	0	0	0	8	8	0	0	1
H03-constructor-wakeup	Baseline	1	0	pass	1	1	1	7	7	2	1	0	0	0	0	0	0	0	0	0	0	0	7	7	0	0	0
H03-constructor-wakeup	Inline	1	4	pass	1	1	1	7	7	2	1	0	0	0	7	7	7	1	1	0	0	0	7	7	0	0	7
H03-constructor-wakeup	Threads(1)	1	4	pass	1	1	1	7	7	2	1	0	0	0	7	7	7	1	1	0	0	0	7	7	0	0	7
H03-constructor-wakeup	Threads(2)	1	4	pass	1	1	1	7	7	2	1	0	0	0	7	7	7	1	1	0	0	0	7	7	0	0	7
H03-constructor-wakeup	Inline	8	4	pass	1	1	1	1	1	2	1	0	0	0	1	1	1	1	1	0	0	0	7	7	0	0	1
H03-constructor-wakeup	Threads(1)	8	4	pass	1	1	1	1	1	2	1	0	0	0	1	1	1	1	1	0	0	0	7	7	0	0	1
H03-constructor-wakeup	Threads(2)	8	4	pass	1	1	1	1	1	2	1	0	0	0	1	1	1	1	1	0	0	0	7	7	0	0	1
H04-inherited-history	Baseline	1	0	pass	2	2	2	13	11	2	2	2	0	0	0	0	0	0	0	0	0	0	11	11	0	0	0
H04-inherited-history	Inline	1	4	pass	2	2	2	13	11	2	2	2	0	0	11	11	11	2	2	0	0	0	11	11	0	0	24
H04-inherited-history	Threads(1)	1	4	pass	2	2	2	13	11	2	2	2	0	0	11	11	11	2	1	0	0	0	11	11	0	0	24
H04-inherited-history	Threads(2)	1	4	pass	2	2	2	13	11	2	2	2	0	0	11	11	11	2	2	0	0	0	11	11	0	0	24
H04-inherited-history	Inline	8	4	pass	2	2	2	4	2	2	2	2	0	0	2	2	2	2	2	0	0	0	11	11	0	0	4
H04-inherited-history	Threads(1)	8	4	pass	2	2	2	4	2	2	2	2	0	0	2	2	2	2	1	0	0	0	11	11	0	0	4
H04-inherited-history	Threads(2)	8	4	pass	2	2	2	4	2	2	2	2	0	0	2	2	2	2	1	0	0	0	11	11	0	0	4
H05-conditional-history	Baseline	1	0	pass	1	2	2	10	10	2	2	0	0	0	0	0	0	0	0	0	0	0	10	10	0	0	0
H05-conditional-history	Inline	1	4	pass	1	2	2	10	10	2	2	0	0	0	10	10	10	1	1	0	0	0	10	10	0	0	10
H05-conditional-history	Threads(1)	1	4	pass	1	2	2	10	10	2	2	0	0	0	10	10	10	1	1	0	0	0	10	10	0	0	10
H05-conditional-history	Threads(2)	1	4	pass	1	2	2	10	10	2	2	0	0	0	10	10	10	1	1	0	0	0	10	10	0	0	10
H05-conditional-history	Inline	8	4	pass	1	2	2	2	2	2	2	0	0	0	2	2	2	1	1	0	0	0	10	10	0	0	2
H05-conditional-history	Threads(1)	8	4	pass	1	2	2	2	2	2	2	0	0	0	2	2	2	1	1	0	0	0	10	10	0	0	2
H05-conditional-history	Threads(2)	8	4	pass	1	2	2	2	2	2	2	0	0	0	2	2	2	1	1	0	0	0	10	10	0	0	2
H06-conditional-consumption	Baseline	1	0	pass	1	2	2	10	10	2	2	0	0	0	0	0	0	0	0	0	0	0	10	10	0	0	0
H06-conditional-consumption	Inline	1	4	pass	1	2	2	10	10	2	2	0	0	0	10	10	10	1	1	0	0	0	10	10	0	0	10
H06-conditional-consumption	Threads(1)	1	4	pass	1	2	2	10	10	2	2	0	0	0	10	10	10	1	1	0	0	0	10	10	0	0	10
H06-conditional-consumption	Threads(2)	1	4	pass	1	2	2	10	10	2	2	0	0	0	10	10	10	1	1	0	0	0	10	10	0	0	10
H06-conditional-consumption	Inline	8	4	pass	1	2	2	2	2	2	2	0	0	0	2	2	2	1	1	0	0	0	10	10	0	0	2
H06-conditional-consumption	Threads(1)	8	4	pass	1	2	2	2	2	2	2	0	0	0	2	2	2	1	1	0	0	0	10	10	0	0	2
H06-conditional-consumption	Threads(2)	8	4	pass	1	2	2	2	2	2	2	0	0	0	2	2	2	1	1	0	0	0	10	10	0	0	2
M01-committed	Baseline	1	0	pass	1	1	1	4	4	1	1	0	0	0	0	0	0	0	0	0	0	0	4	4	0	0	0
M01-committed	Inline	1	4	pass	1	1	1	4	4	1	1	0	0	0	4	4	4	1	1	0	0	0	4	4	0	0	4
M01-committed	Threads(1)	1	4	pass	1	1	1	4	4	1	1	0	0	0	4	4	4	1	1	0	0	0	4	4	0	0	4
M01-committed	Threads(2)	1	4	pass	1	1	1	4	4	1	1	0	0	0	4	4	4	1	1	0	0	0	4	4	0	0	4
M01-committed	Inline	8	4	pass	1	1	1	1	1	1	1	0	0	0	1	1	1	1	1	0	0	0	4	4	0	0	1
M01-committed	Threads(1)	8	4	pass	1	1	1	1	1	1	1	0	0	0	1	1	1	1	1	0	0	0	4	4	0	0	1
M01-committed	Threads(2)	8	4	pass	1	1	1	1	1	1	1	0	0	0	1	1	1	1	1	0	0	0	4	4	0	0	1
M02-nonbinding	Baseline	1	0	pass	1	1	1	2	2	0	1	0	0	0	0	0	0	0	0	0	0	0	2	2	0	0	0
M02-nonbinding	Inline	1	4	pass	1	1	1	2	2	0	1	0	0	0	2	2	2	1	1	0	0	0	2	2	0	0	2
M02-nonbinding	Threads(1)	1	4	pass	1	1	1	2	2	0	1	0	0	0	2	2	2	1	1	0	0	0	2	2	0	0	2
M02-nonbinding	Threads(2)	1	4	pass	1	1	1	2	2	0	1	0	0	0	2	2	2	1	1	0	0	0	2	2	0	0	2
M02-nonbinding	Inline	8	4	pass	1	1	1	1	1	0	1	0	0	0	1	1	1	1	1	0	0	0	2	2	0	0	1
M02-nonbinding	Threads(1)	8	4	pass	1	1	1	1	1	0	1	0	0	0	1	1	1	1	1	0	0	0	2	2	0	0	1
M02-nonbinding	Threads(2)	8	4	pass	1	1	1	1	1	0	1	0	0	0	1	1	1	1	1	0	0	0	2	2	0	0	1
U01-clash	Baseline	1	0	pass	1	0	0	3	3	1	0	0	0	1	0	0	0	0	0	0	0	0	3	3	0	0	0
U01-clash	Inline	1	4	pass	1	0	0	3	3	1	0	0	0	1	3	3	3	1	1	0	0	0	3	3	0	0	3
U01-clash	Threads(1)	1	4	pass	1	0	0	3	3	1	0	0	0	1	3	3	3	1	1	0	0	0	3	3	0	0	3
U01-clash	Threads(2)	1	4	pass	1	0	0	3	3	1	0	0	0	1	3	3	3	1	1	0	0	0	3	3	0	0	3
U01-clash	Inline	8	4	pass	1	0	0	1	1	1	0	0	0	1	1	1	1	1	1	0	0	0	3	3	0	0	1
U01-clash	Threads(1)	8	4	pass	1	0	0	1	1	1	0	0	0	1	1	1	1	1	1	0	0	0	3	3	0	0	1
U01-clash	Threads(2)	8	4	pass	1	0	0	1	1	1	0	0	0	1	1	1	1	1	1	0	0	0	3	3	0	0	1
U02-self	Baseline	1	0	pass	1	1	1	4	4	1	1	0	0	0	0	0	0	0	0	0	0	0	4	4	0	0	0
U02-self	Inline	1	4	pass	1	1	1	4	4	1	1	0	0	0	4	4	4	1	1	0	0	0	4	4	0	0	4
U02-self	Threads(1)	1	4	pass	1	1	1	4	4	1	1	0	0	0	4	4	4	1	1	0	0	0	4	4	0	0	4
U02-self	Threads(2)	1	4	pass	1	1	1	4	4	1	1	0	0	0	4	4	4	1	1	0	0	0	4	4	0	0	4
U02-self	Inline	8	4	pass	1	1	1	1	1	1	1	0	0	0	1	1	1	1	1	0	0	0	4	4	0	0	1
U02-self	Threads(1)	8	4	pass	1	1	1	1	1	1	1	0	0	0	1	1	1	1	1	0	0	0	4	4	0	0	1
U02-self	Threads(2)	8	4	pass	1	1	1	1	1	1	1	0	0	0	1	1	1	1	1	0	0	0	4	4	0	0	1
U03-alias	Baseline	1	0	pass	1	1	1	6	6	1	1	0	0	0	0	0	0	0	0	0	0	0	6	6	0	0	0
U03-alias	Inline	1	4	pass	1	1	1	6	6	1	1	0	0	0	6	6	6	1	1	0	0	0	6	6	0	0	6
U03-alias	Threads(1)	1	4	pass	1	1	1	6	6	1	1	0	0	0	6	6	6	1	1	0	0	0	6	6	0	0	6
U03-alias	Threads(2)	1	4	pass	1	1	1	6	6	1	1	0	0	0	6	6	6	1	1	0	0	0	6	6	0	0	6
U03-alias	Inline	8	4	pass	1	1	1	1	1	1	1	0	0	0	1	1	1	1	1	0	0	0	6	6	0	0	1
U03-alias	Threads(1)	8	4	pass	1	1	1	1	1	1	1	0	0	0	1	1	1	1	1	0	0	0	6	6	0	0	1
U03-alias	Threads(2)	8	4	pass	1	1	1	1	1	1	1	0	0	0	1	1	1	1	1	0	0	0	6	6	0	0	1
U04-occurs	Baseline	1	0	pass	1	0	0	5	5	1	0	0	0	1	0	0	0	0	0	0	0	0	5	5	0	0	0
U04-occurs	Inline	1	4	pass	1	0	0	5	5	1	0	0	0	1	5	5	5	1	1	0	0	0	5	5	0	0	5
U04-occurs	Threads(1)	1	4	pass	1	0	0	5	5	1	0	0	0	1	5	5	5	1	1	0	0	0	5	5	0	0	5
U04-occurs	Threads(2)	1	4	pass	1	0	0	5	5	1	0	0	0	1	5	5	5	1	1	0	0	0	5	5	0	0	5
U04-occurs	Inline	8	4	pass	1	0	0	1	1	1	0	0	0	1	1	1	1	1	1	0	0	0	5	5	0	0	1
U04-occurs	Threads(1)	8	4	pass	1	0	0	1	1	1	0	0	0	1	1	1	1	1	1	0	0	0	5	5	0	0	1
U04-occurs	Threads(2)	8	4	pass	1	0	0	1	1	1	0	0	0	1	1	1	1	1	1	0	0	0	5	5	0	0	1
U05-conditional-occurs	Baseline	1	0	pass	1	1	1	6	6	1	1	0	0	0	0	0	0	0	0	0	0	0	6	6	0	0	0
U05-conditional-occurs	Inline	1	4	pass	1	1	1	6	6	1	1	0	0	0	6	6	6	1	1	0	0	0	6	6	0	0	6
U05-conditional-occurs	Threads(1)	1	4	pass	1	1	1	6	6	1	1	0	0	0	6	6	6	1	1	0	0	0	6	6	0	0	6
U05-conditional-occurs	Threads(2)	1	4	pass	1	1	1	6	6	1	1	0	0	0	6	6	6	1	1	0	0	0	6	6	0	0	6
U05-conditional-occurs	Inline	8	4	pass	1	1	1	1	1	1	1	0	0	0	1	1	1	1	1	0	0	0	6	6	0	0	1
U05-conditional-occurs	Threads(1)	8	4	pass	1	1	1	1	1	1	1	0	0	0	1	1	1	1	1	0	0	0	6	6	0	0	1
U05-conditional-occurs	Threads(2)	8	4	pass	1	1	1	1	1	1	1	0	0	0	1	1	1	1	1	0	0	0	6	6	0	0	1
U06-union-cycle	Baseline	1	0	pass	1	2	2	7	7	1	2	0	0	0	0	0	0	0	0	0	0	0	7	7	0	0	0
U06-union-cycle	Inline	1	4	pass	1	2	2	7	7	1	2	0	0	0	7	7	7	1	1	0	0	0	7	7	0	0	7
U06-union-cycle	Threads(1)	1	4	pass	1	2	2	7	7	1	2	0	0	0	7	7	7	1	1	0	0	0	7	7	0	0	7
U06-union-cycle	Threads(2)	1	4	pass	1	2	2	7	7	1	2	0	0	0	7	7	7	1	1	0	0	0	7	7	0	0	7
U06-union-cycle	Inline	8	4	pass	1	2	2	1	1	1	2	0	0	0	1	1	1	1	1	0	0	0	7	7	0	0	1
U06-union-cycle	Threads(1)	8	4	pass	1	2	2	1	1	1	2	0	0	0	1	1	1	1	1	0	0	0	7	7	0	0	1
U06-union-cycle	Threads(2)	8	4	pass	1	2	2	1	1	1	2	0	0	0	1	1	1	1	1	0	0	0	7	7	0	0	1
V01-fresh	Baseline	1	0	pass	1	1	1	7	7	2	1	0	0	0	0	0	0	0	0	0	0	0	7	7	0	0	0
V01-fresh	Inline	1	4	pass	1	1	1	7	7	2	1	0	0	0	7	7	7	1	1	0	0	0	7	7	0	0	7
V01-fresh	Threads(1)	1	4	pass	1	1	1	7	7	2	1	0	0	0	7	7	7	1	1	0	0	0	7	7	0	0	7
V01-fresh	Threads(2)	1	4	pass	1	1	1	7	7	2	1	0	0	0	7	7	7	1	1	0	0	0	7	7	0	0	7
V01-fresh	Inline	8	4	pass	1	1	1	1	1	2	1	0	0	0	1	1	1	1	1	0	0	0	7	7	0	0	1
V01-fresh	Threads(1)	8	4	pass	1	1	1	1	1	2	1	0	0	0	1	1	1	1	1	0	0	0	7	7	0	0	1
V01-fresh	Threads(2)	8	4	pass	1	1	1	1	1	2	1	0	0	0	1	1	1	1	1	0	0	0	7	7	0	0	1
app-add-decompose	Baseline	1	0	pass	1	4	4	40	40	4	4	0	0	0	0	0	0	0	0	0	0	0	40	40	0	0	0
app-add-decompose	Inline	1	4	pass	1	4	4	40	40	4	4	0	0	0	40	40	40	1	1	0	0	0	40	40	0	0	40
app-add-decompose	Threads(1)	1	4	pass	1	4	4	40	40	4	4	0	0	0	40	40	40	1	1	0	0	0	40	40	0	0	40
app-add-decompose	Threads(2)	1	4	pass	1	4	4	40	40	4	4	0	0	0	40	40	40	1	1	0	0	0	40	40	0	0	40
app-add-decompose	Inline	8	4	pass	1	4	4	5	5	4	4	0	0	0	5	5	5	1	1	0	0	0	40	40	0	0	5
app-add-decompose	Threads(1)	8	4	pass	1	4	4	5	5	4	4	0	0	0	5	5	5	1	1	0	0	0	40	40	0	0	5
app-add-decompose	Threads(2)	8	4	pass	1	4	4	5	5	4	4	0	0	0	5	5	5	1	1	0	0	0	40	40	0	0	5
app-add-failure	Baseline	1	0	pass	1	0	0	24	24	3	0	0	0	1	0	0	0	0	0	0	0	0	24	24	0	0	0
app-add-failure	Inline	1	4	pass	1	0	0	24	24	3	0	0	0	1	24	24	24	1	1	0	0	0	24	24	0	0	24
app-add-failure	Threads(1)	1	4	pass	1	0	0	24	24	3	0	0	0	1	24	24	24	1	1	0	0	0	24	24	0	0	24
app-add-failure	Threads(2)	1	4	pass	1	0	0	24	24	3	0	0	0	1	24	24	24	1	1	0	0	0	24	24	0	0	24
app-add-failure	Inline	8	4	pass	1	0	0	3	3	3	0	0	0	1	3	3	3	1	1	0	0	0	24	24	0	0	3
app-add-failure	Threads(1)	8	4	pass	1	0	0	3	3	3	0	0	0	1	3	3	3	1	1	0	0	0	24	24	0	0	3
app-add-failure	Threads(2)	8	4	pass	1	0	0	3	3	3	0	0	0	1	3	3	3	1	1	0	0	0	24	24	0	0	3
app-add-forward	Baseline	1	0	pass	1	1	1	25	25	3	1	0	0	0	0	0	0	0	0	0	0	0	25	25	0	0	0
app-add-forward	Inline	1	4	pass	1	1	1	25	25	3	1	0	0	0	25	25	25	1	1	0	0	0	25	25	0	0	25
app-add-forward	Threads(1)	1	4	pass	1	1	1	25	25	3	1	0	0	0	25	25	25	1	1	0	0	0	25	25	0	0	25
app-add-forward	Threads(2)	1	4	pass	1	1	1	25	25	3	1	0	0	0	25	25	25	1	1	0	0	0	25	25	0	0	25
app-add-forward	Inline	8	4	pass	1	1	1	4	4	3	1	0	0	0	4	4	4	1	1	0	0	0	25	25	0	0	4
app-add-forward	Threads(1)	8	4	pass	1	1	1	4	4	3	1	0	0	0	4	4	4	1	1	0	0	0	25	25	0	0	4
app-add-forward	Threads(2)	8	4	pass	1	1	1	4	4	3	1	0	0	0	4	4	4	1	1	0	0	0	25	25	0	0	4
app-add-left	Baseline	1	0	pass	1	1	1	55	55	6	1	0	0	0	0	0	0	0	0	0	0	0	55	55	0	0	0
app-add-left	Inline	1	4	pass	1	1	1	55	55	6	1	0	0	0	55	55	55	1	1	0	0	0	55	55	0	0	55
app-add-left	Threads(1)	1	4	pass	1	1	1	55	55	6	1	0	0	0	55	55	55	1	1	0	0	0	55	55	0	0	55
app-add-left	Threads(2)	1	4	pass	1	1	1	55	55	6	1	0	0	0	55	55	55	1	1	0	0	0	55	55	0	0	55
app-add-left	Inline	8	4	pass	1	1	1	7	7	6	1	0	0	0	7	7	7	1	1	0	0	0	55	55	0	0	7
app-add-left	Threads(1)	8	4	pass	1	1	1	7	7	6	1	0	0	0	7	7	7	1	1	0	0	0	55	55	0	0	7
app-add-left	Threads(2)	8	4	pass	1	1	1	7	7	6	1	0	0	0	7	7	7	1	1	0	0	0	55	55	0	0	7
app-add-repeated	Baseline	1	0	pass	1	1	1	46	46	5	1	0	0	0	0	0	0	0	0	0	0	0	46	46	0	0	0
app-add-repeated	Inline	1	4	pass	1	1	1	46	46	5	1	0	0	0	46	46	46	1	1	0	0	0	46	46	0	0	46
app-add-repeated	Threads(1)	1	4	pass	1	1	1	46	46	5	1	0	0	0	46	46	46	1	1	0	0	0	46	46	0	0	46
app-add-repeated	Threads(2)	1	4	pass	1	1	1	46	46	5	1	0	0	0	46	46	46	1	1	0	0	0	46	46	0	0	46
app-add-repeated	Inline	8	4	pass	1	1	1	6	6	5	1	0	0	0	6	6	6	1	1	0	0	0	46	46	0	0	6
app-add-repeated	Threads(1)	8	4	pass	1	1	1	6	6	5	1	0	0	0	6	6	6	1	1	0	0	0	46	46	0	0	6
app-add-repeated	Threads(2)	8	4	pass	1	1	1	6	6	5	1	0	0	0	6	6	6	1	1	0	0	0	46	46	0	0	6
app-add-right	Baseline	1	0	pass	1	1	1	25	25	3	1	0	0	0	0	0	0	0	0	0	0	0	25	25	0	0	0
app-add-right	Inline	1	4	pass	1	1	1	25	25	3	1	0	0	0	25	25	25	1	1	0	0	0	25	25	0	0	25
app-add-right	Threads(1)	1	4	pass	1	1	1	25	25	3	1	0	0	0	25	25	25	1	1	0	0	0	25	25	0	0	25
app-add-right	Threads(2)	1	4	pass	1	1	1	25	25	3	1	0	0	0	25	25	25	1	1	0	0	0	25	25	0	0	25
app-add-right	Inline	8	4	pass	1	1	1	4	4	3	1	0	0	0	4	4	4	1	1	0	0	0	25	25	0	0	4
app-add-right	Threads(1)	8	4	pass	1	1	1	4	4	3	1	0	0	0	4	4	4	1	1	0	0	0	25	25	0	0	4
app-add-right	Threads(2)	8	4	pass	1	1	1	4	4	3	1	0	0	0	4	4	4	1	1	0	0	0	25	25	0	0	4
app-infer-identity	Baseline	1	0	pass	1	1	1	54	54	5	1	0	0	0	0	0	0	0	0	0	0	0	54	54	0	0	0
app-infer-identity	Inline	1	4	pass	1	1	1	54	54	5	1	0	0	0	54	54	54	1	1	0	0	0	54	54	0	0	54
app-infer-identity	Threads(1)	1	4	pass	1	1	1	54	54	5	1	0	0	0	54	54	54	1	1	0	0	0	54	54	0	0	54
app-infer-identity	Threads(2)	1	4	pass	1	1	1	54	54	5	1	0	0	0	54	54	54	1	1	0	0	0	54	54	0	0	54
app-infer-identity	Inline	8	4	pass	1	1	1	7	7	5	1	0	0	0	7	7	7	1	1	0	0	0	54	54	0	0	7
app-infer-identity	Threads(1)	8	4	pass	1	1	1	7	7	5	1	0	0	0	7	7	7	1	1	0	0	0	54	54	0	0	7
app-infer-identity	Threads(2)	8	4	pass	1	1	1	7	7	5	1	0	0	0	7	7	7	1	1	0	0	0	54	54	0	0	7
app-lambda-identity	Baseline	1	0	pass	1	1	1	112	112	6	1	0	0	0	0	0	0	0	0	0	0	0	112	112	0	0	0
app-lambda-identity	Inline	1	4	pass	1	1	1	112	112	6	1	0	0	0	112	112	112	1	1	0	0	0	112	112	0	0	112
app-lambda-identity	Threads(1)	1	4	pass	1	1	1	112	112	6	1	0	0	0	112	112	112	1	1	0	0	0	112	112	0	0	112
app-lambda-identity	Threads(2)	1	4	pass	1	1	1	112	112	6	1	0	0	0	112	112	112	1	1	0	0	0	112	112	0	0	112
app-lambda-identity	Inline	8	4	pass	1	1	1	14	14	6	1	0	0	0	14	14	14	1	1	0	0	0	112	112	0	0	14
app-lambda-identity	Threads(1)	8	4	pass	1	1	1	14	14	6	1	0	0	0	14	14	14	1	1	0	0	0	112	112	0	0	14
app-lambda-identity	Threads(2)	8	4	pass	1	1	1	14	14	6	1	0	0	0	14	14	14	1	1	0	0	0	112	112	0	0	14
app-lambda-norm-residual	Baseline	1	0	pass	1	1	1	2	2	0	1	0	0	0	0	0	0	0	0	0	0	0	2	2	0	0	0
app-lambda-norm-residual	Inline	1	4	pass	1	1	1	2	2	0	1	0	0	0	2	2	2	1	1	0	0	0	2	2	0	0	2
app-lambda-norm-residual	Threads(1)	1	4	pass	1	1	1	2	2	0	1	0	0	0	2	2	2	1	1	0	0	0	2	2	0	0	2
app-lambda-norm-residual	Threads(2)	1	4	pass	1	1	1	2	2	0	1	0	0	0	2	2	2	1	1	0	0	0	2	2	0	0	2
app-lambda-norm-residual	Inline	8	4	pass	1	1	1	1	1	0	1	0	0	0	1	1	1	1	1	0	0	0	2	2	0	0	1
app-lambda-norm-residual	Threads(1)	8	4	pass	1	1	1	1	1	0	1	0	0	0	1	1	1	1	1	0	0	0	2	2	0	0	1
app-lambda-norm-residual	Threads(2)	8	4	pass	1	1	1	1	1	0	1	0	0	0	1	1	1	1	1	0	0	0	2	2	0	0	1
app-sk-duplication	Baseline	1	0	pass	1	1	1	431	431	19	1	0	0	0	0	0	0	0	0	0	0	0	431	431	0	0	0
app-sk-duplication	Inline	1	4	pass	1	1	1	431	431	19	1	0	0	0	431	431	431	1	1	0	0	0	431	431	0	0	431
app-sk-duplication	Threads(1)	1	4	pass	1	1	1	431	431	19	1	0	0	0	431	431	431	1	1	0	0	0	431	431	0	0	431
app-sk-duplication	Threads(2)	1	4	pass	1	1	1	431	431	19	1	0	0	0	431	431	431	1	1	0	0	0	431	431	0	0	431
app-sk-duplication	Inline	8	4	pass	1	1	1	54	54	19	1	0	0	0	54	54	54	1	1	0	0	0	431	431	0	0	54
app-sk-duplication	Threads(1)	8	4	pass	1	1	1	54	54	19	1	0	0	0	54	54	54	1	1	0	0	0	431	431	0	0	54
app-sk-duplication	Threads(2)	8	4	pass	1	1	1	54	54	19	1	0	0	0	54	54	54	1	1	0	0	0	431	431	0	0	54
app-sk-identity	Baseline	1	0	pass	1	1	1	177	177	7	1	0	0	0	0	0	0	0	0	0	0	0	177	177	0	0	0
app-sk-identity	Inline	1	4	pass	1	1	1	177	177	7	1	0	0	0	177	177	177	1	1	0	0	0	177	177	0	0	177
app-sk-identity	Threads(1)	1	4	pass	1	1	1	177	177	7	1	0	0	0	177	177	177	1	1	0	0	0	177	177	0	0	177
app-sk-identity	Threads(2)	1	4	pass	1	1	1	177	177	7	1	0	0	0	177	177	177	1	1	0	0	0	177	177	0	0	177
app-sk-identity	Inline	8	4	pass	1	1	1	23	23	7	1	0	0	0	23	23	23	1	1	0	0	0	177	177	0	0	23
app-sk-identity	Threads(1)	8	4	pass	1	1	1	23	23	7	1	0	0	0	23	23	23	1	1	0	0	0	177	177	0	0	23
app-sk-identity	Threads(2)	8	4	pass	1	1	1	23	23	7	1	0	0	0	23	23	23	1	1	0	0	0	177	177	0	0	23
app-sk-ignored-hole	Baseline	1	0	pass	1	1	1	546	546	32	1	0	0	0	0	0	0	0	0	0	0	0	546	546	0	0	0
app-sk-ignored-hole	Inline	1	4	pass	1	1	1	546	546	32	1	0	0	0	546	546	546	1	1	0	0	0	546	546	0	0	546
app-sk-ignored-hole	Threads(1)	1	4	pass	1	1	1	546	546	32	1	0	0	0	546	546	546	1	1	0	0	0	546	546	0	0	546
app-sk-ignored-hole	Threads(2)	1	4	pass	1	1	1	546	546	32	1	0	0	0	546	546	546	1	1	0	0	0	546	546	0	0	546
app-sk-ignored-hole	Inline	8	4	pass	1	1	1	69	69	32	1	0	0	0	69	69	69	1	1	0	0	0	546	546	0	0	69
app-sk-ignored-hole	Threads(1)	8	4	pass	1	1	1	69	69	32	1	0	0	0	69	69	69	1	1	0	0	0	546	546	0	0	69
app-sk-ignored-hole	Threads(2)	8	4	pass	1	1	1	69	69	32	1	0	0	0	69	69	69	1	1	0	0	0	546	546	0	0	69
app-sub	Baseline	1	0	pass	1	1	1	27	27	4	1	0	0	0	0	0	0	0	0	0	0	0	27	27	0	0	0
app-sub	Inline	1	4	pass	1	1	1	27	27	4	1	0	0	0	27	27	27	1	1	0	0	0	27	27	0	0	27
app-sub	Threads(1)	1	4	pass	1	1	1	27	27	4	1	0	0	0	27	27	27	1	1	0	0	0	27	27	0	0	27
app-sub	Threads(2)	1	4	pass	1	1	1	27	27	4	1	0	0	0	27	27	27	1	1	0	0	0	27	27	0	0	27
app-sub	Inline	8	4	pass	1	1	1	4	4	4	1	0	0	0	4	4	4	1	1	0	0	0	27	27	0	0	4
app-sub	Threads(1)	8	4	pass	1	1	1	4	4	4	1	0	0	0	4	4	4	1	1	0	0	0	27	27	0	0	4
app-sub	Threads(2)	8	4	pass	1	1	1	4	4	4	1	0	0	0	4	4	4	1	1	0	0	0	27	27	0	0	4
carry-k0-w0-n0	Baseline	1	0	pass	1	1	1	2	2	0	1	0	0	0	0	0	0	0	0	0	0	0	2	2	0	0	0
carry-k0-w0-n0	Inline	1	4	pass	1	1	1	2	2	0	1	0	0	0	2	2	2	1	1	0	0	0	2	2	0	0	2
carry-k0-w0-n0	Threads(1)	1	4	pass	1	1	1	2	2	0	1	0	0	0	2	2	2	1	1	0	0	0	2	2	0	0	2
carry-k0-w0-n0	Threads(2)	1	4	pass	1	1	1	2	2	0	1	0	0	0	2	2	2	1	1	0	0	0	2	2	0	0	2
carry-k0-w0-n0	Inline	8	4	pass	1	1	1	1	1	0	1	0	0	0	1	1	1	1	1	0	0	0	2	2	0	0	1
carry-k0-w0-n0	Threads(1)	8	4	pass	1	1	1	1	1	0	1	0	0	0	1	1	1	1	1	0	0	0	2	2	0	0	1
carry-k0-w0-n0	Threads(2)	8	4	pass	1	1	1	1	1	0	1	0	0	0	1	1	1	1	1	0	0	0	2	2	0	0	1
carry-k0-w0-n3	Baseline	1	0	pass	2	1	1	7	6	0	1	1	0	0	0	0	0	0	0	0	0	0	6	6	0	0	0
carry-k0-w0-n3	Inline	1	4	pass	2	1	1	7	6	0	1	1	0	0	6	6	6	2	2	0	0	0	6	6	0	0	12
carry-k0-w0-n3	Threads(1)	1	4	pass	2	1	1	7	6	0	1	1	0	0	6	6	6	2	1	0	0	0	6	6	0	0	12
carry-k0-w0-n3	Threads(2)	1	4	pass	2	1	1	7	6	0	1	1	0	0	6	6	6	2	1	0	0	0	6	6	0	0	12
carry-k0-w0-n3	Inline	8	4	pass	2	1	1	3	2	0	1	1	0	0	2	2	2	2	2	0	0	0	6	6	0	0	4
carry-k0-w0-n3	Threads(1)	8	4	pass	2	1	1	3	2	0	1	1	0	0	2	2	2	2	1	0	0	0	6	6	0	0	4
carry-k0-w0-n3	Threads(2)	8	4	pass	2	1	1	3	2	0	1	1	0	0	2	2	2	2	1	0	0	0	6	6	0	0	4
carry-k0-w1-n0	Baseline	1	0	pass	1	1	1	4	4	1	1	0	0	0	0	0	0	0	0	0	0	0	4	4	0	0	0
carry-k0-w1-n0	Inline	1	4	pass	1	1	1	4	4	1	1	0	0	0	4	4	4	1	1	0	0	0	4	4	0	0	4
carry-k0-w1-n0	Threads(1)	1	4	pass	1	1	1	4	4	1	1	0	0	0	4	4	4	1	1	0	0	0	4	4	0	0	4
carry-k0-w1-n0	Threads(2)	1	4	pass	1	1	1	4	4	1	1	0	0	0	4	4	4	1	1	0	0	0	4	4	0	0	4
carry-k0-w1-n0	Inline	8	4	pass	1	1	1	1	1	1	1	0	0	0	1	1	1	1	1	0	0	0	4	4	0	0	1
carry-k0-w1-n0	Threads(1)	8	4	pass	1	1	1	1	1	1	1	0	0	0	1	1	1	1	1	0	0	0	4	4	0	0	1
carry-k0-w1-n0	Threads(2)	8	4	pass	1	1	1	1	1	1	1	0	0	0	1	1	1	1	1	0	0	0	4	4	0	0	1
carry-k0-w1-n3	Baseline	1	0	pass	2	1	1	9	8	1	1	1	0	0	0	0	0	0	0	0	0	0	8	8	0	0	0
carry-k0-w1-n3	Inline	1	4	pass	2	1	1	9	8	1	1	1	0	0	8	8	8	2	2	0	0	0	8	8	0	0	16
carry-k0-w1-n3	Threads(1)	1	4	pass	2	1	1	9	8	1	1	1	0	0	8	8	8	2	1	0	0	0	8	8	0	0	16
carry-k0-w1-n3	Threads(2)	1	4	pass	2	1	1	9	8	1	1	1	0	0	8	8	8	2	1	0	0	0	8	8	0	0	16
carry-k0-w1-n3	Inline	8	4	pass	2	1	1	3	2	1	1	1	0	0	2	2	2	2	2	0	0	0	8	8	0	0	4
carry-k0-w1-n3	Threads(1)	8	4	pass	2	1	1	3	2	1	1	1	0	0	2	2	2	2	1	0	0	0	8	8	0	0	4
carry-k0-w1-n3	Threads(2)	8	4	pass	2	1	1	3	2	1	1	1	0	0	2	2	2	2	1	0	0	0	8	8	0	0	4
carry-k0-w4-n0	Baseline	1	0	pass	1	1	1	10	10	4	1	0	0	0	0	0	0	0	0	0	0	0	10	10	0	0	0
carry-k0-w4-n0	Inline	1	4	pass	1	1	1	10	10	4	1	0	0	0	10	10	10	1	1	0	0	0	10	10	0	0	10
carry-k0-w4-n0	Threads(1)	1	4	pass	1	1	1	10	10	4	1	0	0	0	10	10	10	1	1	0	0	0	10	10	0	0	10
carry-k0-w4-n0	Threads(2)	1	4	pass	1	1	1	10	10	4	1	0	0	0	10	10	10	1	1	0	0	0	10	10	0	0	10
carry-k0-w4-n0	Inline	8	4	pass	1	1	1	2	2	4	1	0	0	0	2	2	2	1	1	0	0	0	10	10	0	0	2
carry-k0-w4-n0	Threads(1)	8	4	pass	1	1	1	2	2	4	1	0	0	0	2	2	2	1	1	0	0	0	10	10	0	0	2
carry-k0-w4-n0	Threads(2)	8	4	pass	1	1	1	2	2	4	1	0	0	0	2	2	2	1	1	0	0	0	10	10	0	0	2
carry-k0-w4-n3	Baseline	1	0	pass	2	1	1	15	14	4	1	1	0	0	0	0	0	0	0	0	0	0	14	14	0	0	0
carry-k0-w4-n3	Inline	1	4	pass	2	1	1	15	14	4	1	1	0	0	14	14	14	2	2	0	0	0	14	14	0	0	28
carry-k0-w4-n3	Threads(1)	1	4	pass	2	1	1	15	14	4	1	1	0	0	14	14	14	2	1	0	0	0	14	14	0	0	28
carry-k0-w4-n3	Threads(2)	1	4	pass	2	1	1	15	14	4	1	1	0	0	14	14	14	2	2	0	0	0	14	14	0	0	28
carry-k0-w4-n3	Inline	8	4	pass	2	1	1	4	3	4	1	1	0	0	3	3	3	2	2	0	0	0	14	14	0	0	6
carry-k0-w4-n3	Threads(1)	8	4	pass	2	1	1	4	3	4	1	1	0	0	3	3	3	2	1	0	0	0	14	14	0	0	6
carry-k0-w4-n3	Threads(2)	8	4	pass	2	1	1	4	3	4	1	1	0	0	3	3	3	2	1	0	0	0	14	14	0	0	6
carry-k1-w0-n0	Baseline	1	0	pass	1	2	2	8	8	1	2	0	0	0	0	0	0	0	0	0	0	0	8	8	0	0	0
carry-k1-w0-n0	Inline	1	4	pass	1	2	2	8	8	1	2	0	0	0	8	8	8	1	1	0	0	0	8	8	0	0	8
carry-k1-w0-n0	Threads(1)	1	4	pass	1	2	2	8	8	1	2	0	0	0	8	8	8	1	1	0	0	0	8	8	0	0	8
carry-k1-w0-n0	Threads(2)	1	4	pass	1	2	2	8	8	1	2	0	0	0	8	8	8	1	1	0	0	0	8	8	0	0	8
carry-k1-w0-n0	Inline	8	4	pass	1	2	2	1	1	1	2	0	0	0	1	1	1	1	1	0	0	0	8	8	0	0	1
carry-k1-w0-n0	Threads(1)	8	4	pass	1	2	2	1	1	1	2	0	0	0	1	1	1	1	1	0	0	0	8	8	0	0	1
carry-k1-w0-n0	Threads(2)	8	4	pass	1	2	2	1	1	1	2	0	0	0	1	1	1	1	1	0	0	0	8	8	0	0	1
carry-k1-w0-n3	Baseline	1	0	pass	2	2	2	14	12	1	2	2	0	0	0	0	0	0	0	0	0	0	12	12	0	0	0
carry-k1-w0-n3	Inline	1	4	pass	2	2	2	14	12	1	2	2	0	0	12	12	12	2	2	0	0	0	12	12	0	0	26
carry-k1-w0-n3	Threads(1)	1	4	pass	2	2	2	14	12	1	2	2	0	0	12	12	12	2	1	0	0	0	12	12	0	0	26
carry-k1-w0-n3	Threads(2)	1	4	pass	2	2	2	14	12	1	2	2	0	0	12	12	12	2	1	0	0	0	12	12	0	0	26
carry-k1-w0-n3	Inline	8	4	pass	2	2	2	4	2	1	2	1	0	0	2	2	2	2	2	0	0	0	12	12	0	0	4
carry-k1-w0-n3	Threads(1)	8	4	pass	2	2	2	4	2	1	2	1	0	0	2	2	2	2	1	0	0	0	12	12	0	0	4
carry-k1-w0-n3	Threads(2)	8	4	pass	2	2	2	4	2	1	2	1	0	0	2	2	2	2	2	0	0	0	12	12	0	0	4
carry-k1-w1-n0	Baseline	1	0	pass	1	2	2	12	12	3	2	0	0	0	0	0	0	0	0	0	0	0	12	12	0	0	0
carry-k1-w1-n0	Inline	1	4	pass	1	2	2	12	12	3	2	0	0	0	12	12	12	1	1	0	0	0	12	12	0	0	12
carry-k1-w1-n0	Threads(1)	1	4	pass	1	2	2	12	12	3	2	0	0	0	12	12	12	1	1	0	0	0	12	12	0	0	12
carry-k1-w1-n0	Threads(2)	1	4	pass	1	2	2	12	12	3	2	0	0	0	12	12	12	1	1	0	0	0	12	12	0	0	12
carry-k1-w1-n0	Inline	8	4	pass	1	2	2	2	2	3	2	0	0	0	2	2	2	1	1	0	0	0	12	12	0	0	2
carry-k1-w1-n0	Threads(1)	8	4	pass	1	2	2	2	2	3	2	0	0	0	2	2	2	1	1	0	0	0	12	12	0	0	2
carry-k1-w1-n0	Threads(2)	8	4	pass	1	2	2	2	2	3	2	0	0	0	2	2	2	1	1	0	0	0	12	12	0	0	2
carry-k1-w1-n3	Baseline	1	0	pass	2	2	2	18	16	3	2	2	0	0	0	0	0	0	0	0	0	0	16	16	0	0	0
carry-k1-w1-n3	Inline	1	4	pass	2	2	2	18	16	3	2	2	0	0	16	16	16	2	2	0	0	0	16	16	0	0	34
carry-k1-w1-n3	Threads(1)	1	4	pass	2	2	2	18	16	3	2	2	0	0	16	16	16	2	1	0	0	0	16	16	0	0	34
carry-k1-w1-n3	Threads(2)	1	4	pass	2	2	2	18	16	3	2	2	0	0	16	16	16	2	1	0	0	0	16	16	0	0	34
carry-k1-w1-n3	Inline	8	4	pass	2	2	2	5	3	3	2	2	0	0	3	3	3	2	2	0	0	0	16	16	0	0	6
carry-k1-w1-n3	Threads(1)	8	4	pass	2	2	2	5	3	3	2	2	0	0	3	3	3	2	1	0	0	0	16	16	0	0	6
carry-k1-w1-n3	Threads(2)	8	4	pass	2	2	2	5	3	3	2	2	0	0	3	3	3	2	2	0	0	0	16	16	0	0	6
carry-k1-w4-n0	Baseline	1	0	pass	1	2	2	24	24	9	2	0	0	0	0	0	0	0	0	0	0	0	24	24	0	0	0
carry-k1-w4-n0	Inline	1	4	pass	1	2	2	24	24	9	2	0	0	0	24	24	24	1	1	0	0	0	24	24	0	0	24
carry-k1-w4-n0	Threads(1)	1	4	pass	1	2	2	24	24	9	2	0	0	0	24	24	24	1	1	0	0	0	24	24	0	0	24
carry-k1-w4-n0	Threads(2)	1	4	pass	1	2	2	24	24	9	2	0	0	0	24	24	24	1	1	0	0	0	24	24	0	0	24
carry-k1-w4-n0	Inline	8	4	pass	1	2	2	3	3	9	2	0	0	0	3	3	3	1	1	0	0	0	24	24	0	0	3
carry-k1-w4-n0	Threads(1)	8	4	pass	1	2	2	3	3	9	2	0	0	0	3	3	3	1	1	0	0	0	24	24	0	0	3
carry-k1-w4-n0	Threads(2)	8	4	pass	1	2	2	3	3	9	2	0	0	0	3	3	3	1	1	0	0	0	24	24	0	0	3
carry-k1-w4-n3	Baseline	1	0	pass	2	2	2	30	28	9	2	2	0	0	0	0	0	0	0	0	0	0	28	28	0	0	0
carry-k1-w4-n3	Inline	1	4	pass	2	2	2	30	28	9	2	2	0	0	28	28	28	2	2	0	0	0	28	28	0	0	58
carry-k1-w4-n3	Threads(1)	1	4	pass	2	2	2	30	28	9	2	2	0	0	28	28	28	2	1	0	0	0	28	28	0	0	58
carry-k1-w4-n3	Threads(2)	1	4	pass	2	2	2	30	28	9	2	2	0	0	28	28	28	2	1	0	0	0	28	28	0	0	58
carry-k1-w4-n3	Inline	8	4	pass	2	2	2	6	4	9	2	2	0	0	4	4	4	2	2	0	0	0	28	28	0	0	8
carry-k1-w4-n3	Threads(1)	8	4	pass	2	2	2	6	4	9	2	2	0	0	4	4	4	2	1	0	0	0	28	28	0	0	8
carry-k1-w4-n3	Threads(2)	8	4	pass	2	2	2	6	4	9	2	2	0	0	4	4	4	2	2	0	0	0	28	28	0	0	8
carry-k2-w0-n0	Baseline	1	0	pass	1	4	4	19	19	3	4	0	0	0	0	0	0	0	0	0	0	0	19	19	0	0	0
carry-k2-w0-n0	Inline	1	4	pass	1	4	4	19	19	3	4	0	0	0	19	19	19	1	1	0	0	0	19	19	0	0	19
carry-k2-w0-n0	Threads(1)	1	4	pass	1	4	4	19	19	3	4	0	0	0	19	19	19	1	1	0	0	0	19	19	0	0	19
carry-k2-w0-n0	Threads(2)	1	4	pass	1	4	4	19	19	3	4	0	0	0	19	19	19	1	1	0	0	0	19	19	0	0	19
carry-k2-w0-n0	Inline	8	4	pass	1	4	4	3	3	3	4	0	0	0	3	3	3	1	1	0	0	0	19	19	0	0	3
carry-k2-w0-n0	Threads(1)	8	4	pass	1	4	4	3	3	3	4	0	0	0	3	3	3	1	1	0	0	0	19	19	0	0	3
carry-k2-w0-n0	Threads(2)	8	4	pass	1	4	4	3	3	3	4	0	0	0	3	3	3	1	1	0	0	0	19	19	0	0	3
carry-k2-w0-n3	Baseline	1	0	pass	2	4	4	27	23	3	4	4	0	0	0	0	0	0	0	0	0	0	23	23	0	0	0
carry-k2-w0-n3	Inline	1	4	pass	2	4	4	27	23	3	4	4	0	0	23	23	23	2	2	0	0	0	23	23	0	0	52
carry-k2-w0-n3	Threads(1)	1	4	pass	2	4	4	27	23	3	4	4	0	0	23	23	23	2	1	0	0	0	23	23	0	0	52
carry-k2-w0-n3	Threads(2)	1	4	pass	2	4	4	27	23	3	4	4	0	0	23	23	23	2	2	0	0	0	23	23	0	0	52
carry-k2-w0-n3	Inline	8	4	pass	2	4	4	8	4	3	4	4	0	0	4	4	4	2	2	0	0	0	23	23	0	0	10
carry-k2-w0-n3	Threads(1)	8	4	pass	2	4	4	8	4	3	4	4	0	0	4	4	4	2	1	0	0	0	23	23	0	0	10
carry-k2-w0-n3	Threads(2)	8	4	pass	2	4	4	8	4	3	4	4	0	0	4	4	4	2	2	0	0	0	23	23	0	0	10
carry-k2-w1-n0	Baseline	1	0	pass	1	4	4	27	27	7	4	0	0	0	0	0	0	0	0	0	0	0	27	27	0	0	0
carry-k2-w1-n0	Inline	1	4	pass	1	4	4	27	27	7	4	0	0	0	27	27	27	1	1	0	0	0	27	27	0	0	27
carry-k2-w1-n0	Threads(1)	1	4	pass	1	4	4	27	27	7	4	0	0	0	27	27	27	1	1	0	0	0	27	27	0	0	27
carry-k2-w1-n0	Threads(2)	1	4	pass	1	4	4	27	27	7	4	0	0	0	27	27	27	1	1	0	0	0	27	27	0	0	27
carry-k2-w1-n0	Inline	8	4	pass	1	4	4	4	4	7	4	0	0	0	4	4	4	1	1	0	0	0	27	27	0	0	4
carry-k2-w1-n0	Threads(1)	8	4	pass	1	4	4	4	4	7	4	0	0	0	4	4	4	1	1	0	0	0	27	27	0	0	4
carry-k2-w1-n0	Threads(2)	8	4	pass	1	4	4	4	4	7	4	0	0	0	4	4	4	1	1	0	0	0	27	27	0	0	4
carry-k2-w1-n3	Baseline	1	0	pass	2	4	4	35	31	7	4	4	0	0	0	0	0	0	0	0	0	0	31	31	0	0	0
carry-k2-w1-n3	Inline	1	4	pass	2	4	4	35	31	7	4	4	0	0	31	31	31	2	2	0	0	0	31	31	0	0	68
carry-k2-w1-n3	Threads(1)	1	4	pass	2	4	4	35	31	7	4	4	0	0	31	31	31	2	1	0	0	0	31	31	0	0	68
carry-k2-w1-n3	Threads(2)	1	4	pass	2	4	4	35	31	7	4	4	0	0	31	31	31	2	1	0	0	0	31	31	0	0	68
carry-k2-w1-n3	Inline	8	4	pass	2	4	4	9	5	7	4	4	0	0	5	5	5	2	2	0	0	0	31	31	0	0	12
carry-k2-w1-n3	Threads(1)	8	4	pass	2	4	4	9	5	7	4	4	0	0	5	5	5	2	1	0	0	0	31	31	0	0	12
carry-k2-w1-n3	Threads(2)	8	4	pass	2	4	4	9	5	7	4	4	0	0	5	5	5	2	2	0	0	0	31	31	0	0	12
carry-k2-w4-n0	Baseline	1	0	pass	1	4	4	51	51	19	4	0	0	0	0	0	0	0	0	0	0	0	51	51	0	0	0
carry-k2-w4-n0	Inline	1	4	pass	1	4	4	51	51	19	4	0	0	0	51	51	51	1	1	0	0	0	51	51	0	0	51
carry-k2-w4-n0	Threads(1)	1	4	pass	1	4	4	51	51	19	4	0	0	0	51	51	51	1	1	0	0	0	51	51	0	0	51
carry-k2-w4-n0	Threads(2)	1	4	pass	1	4	4	51	51	19	4	0	0	0	51	51	51	1	1	0	0	0	51	51	0	0	51
carry-k2-w4-n0	Inline	8	4	pass	1	4	4	7	7	19	4	0	0	0	7	7	7	1	1	0	0	0	51	51	0	0	7
carry-k2-w4-n0	Threads(1)	8	4	pass	1	4	4	7	7	19	4	0	0	0	7	7	7	1	1	0	0	0	51	51	0	0	7
carry-k2-w4-n0	Threads(2)	8	4	pass	1	4	4	7	7	19	4	0	0	0	7	7	7	1	1	0	0	0	51	51	0	0	7
carry-k2-w4-n3	Baseline	1	0	pass	2	4	4	59	55	19	4	4	0	0	0	0	0	0	0	0	0	0	55	55	0	0	0
carry-k2-w4-n3	Inline	1	4	pass	2	4	4	59	55	19	4	4	0	0	55	55	55	2	2	0	0	0	55	55	0	0	116
carry-k2-w4-n3	Threads(1)	1	4	pass	2	4	4	59	55	19	4	4	0	0	55	55	55	2	1	0	0	0	55	55	0	0	116
carry-k2-w4-n3	Threads(2)	1	4	pass	2	4	4	59	55	19	4	4	0	0	55	55	55	2	1	0	0	0	55	55	0	0	116
carry-k2-w4-n3	Inline	8	4	pass	2	4	4	12	8	19	4	4	0	0	8	8	8	2	2	0	0	0	55	55	0	0	18
carry-k2-w4-n3	Threads(1)	8	4	pass	2	4	4	12	8	19	4	4	0	0	8	8	8	2	1	0	0	0	55	55	0	0	18
carry-k2-w4-n3	Threads(2)	8	4	pass	2	4	4	12	8	19	4	4	0	0	8	8	8	2	2	0	0	0	55	55	0	0	18
carry-k3-w0-n0	Baseline	1	0	pass	1	8	8	40	40	7	8	0	0	0	0	0	0	0	0	0	0	0	40	40	0	0	0
carry-k3-w0-n0	Inline	1	4	pass	1	8	8	40	40	7	8	0	0	0	40	40	40	1	1	0	0	0	40	40	0	0	40
carry-k3-w0-n0	Threads(1)	1	4	pass	1	8	8	40	40	7	8	0	0	0	40	40	40	1	1	0	0	0	40	40	0	0	40
carry-k3-w0-n0	Threads(2)	1	4	pass	1	8	8	40	40	7	8	0	0	0	40	40	40	1	1	0	0	0	40	40	0	0	40
carry-k3-w0-n0	Inline	8	4	pass	1	8	8	5	5	7	8	0	0	0	5	5	5	1	1	0	0	0	40	40	0	0	5
carry-k3-w0-n0	Threads(1)	8	4	pass	1	8	8	5	5	7	8	0	0	0	5	5	5	1	1	0	0	0	40	40	0	0	5
carry-k3-w0-n0	Threads(2)	8	4	pass	1	8	8	5	5	7	8	0	0	0	5	5	5	1	1	0	0	0	40	40	0	0	5
carry-k3-w0-n3	Baseline	1	0	pass	2	8	8	52	44	7	8	8	0	0	0	0	0	0	0	0	0	0	44	44	0	0	0
carry-k3-w0-n3	Inline	1	4	pass	2	8	8	52	44	7	8	8	0	0	44	44	44	2	2	0	0	0	44	44	0	0	102
carry-k3-w0-n3	Threads(1)	1	4	pass	2	8	8	52	44	7	8	8	0	0	44	44	44	2	1	0	0	0	44	44	0	0	102
carry-k3-w0-n3	Threads(2)	1	4	pass	2	8	8	52	44	7	8	8	0	0	44	44	44	2	1	0	0	0	44	44	0	0	102
carry-k3-w0-n3	Inline	8	4	pass	2	8	8	14	6	7	8	8	0	0	6	6	6	2	2	0	0	0	44	44	0	0	12
carry-k3-w0-n3	Threads(1)	8	4	pass	2	8	8	14	6	7	8	8	0	0	6	6	6	2	1	0	0	0	44	44	0	0	12
carry-k3-w0-n3	Threads(2)	8	4	pass	2	8	8	14	6	7	8	8	0	0	6	6	6	2	2	0	0	0	44	44	0	0	12
carry-k3-w1-n0	Baseline	1	0	pass	1	8	8	56	56	15	8	0	0	0	0	0	0	0	0	0	0	0	56	56	0	0	0
carry-k3-w1-n0	Inline	1	4	pass	1	8	8	56	56	15	8	0	0	0	56	56	56	1	1	0	0	0	56	56	0	0	56
carry-k3-w1-n0	Threads(1)	1	4	pass	1	8	8	56	56	15	8	0	0	0	56	56	56	1	1	0	0	0	56	56	0	0	56
carry-k3-w1-n0	Threads(2)	1	4	pass	1	8	8	56	56	15	8	0	0	0	56	56	56	1	1	0	0	0	56	56	0	0	56
carry-k3-w1-n0	Inline	8	4	pass	1	8	8	7	7	15	8	0	0	0	7	7	7	1	1	0	0	0	56	56	0	0	7
carry-k3-w1-n0	Threads(1)	8	4	pass	1	8	8	7	7	15	8	0	0	0	7	7	7	1	1	0	0	0	56	56	0	0	7
carry-k3-w1-n0	Threads(2)	8	4	pass	1	8	8	7	7	15	8	0	0	0	7	7	7	1	1	0	0	0	56	56	0	0	7
carry-k3-w1-n3	Baseline	1	0	pass	2	8	8	68	60	15	8	8	0	0	0	0	0	0	0	0	0	0	60	60	0	0	0
carry-k3-w1-n3	Inline	1	4	pass	2	8	8	68	60	15	8	8	0	0	60	60	60	2	2	0	0	0	60	60	0	0	134
carry-k3-w1-n3	Threads(1)	1	4	pass	2	8	8	68	60	15	8	8	0	0	60	60	60	2	1	0	0	0	60	60	0	0	134
carry-k3-w1-n3	Threads(2)	1	4	pass	2	8	8	68	60	15	8	8	0	0	60	60	60	2	2	0	0	0	60	60	0	0	134
carry-k3-w1-n3	Inline	8	4	pass	2	8	8	16	8	15	8	8	0	0	8	8	8	2	2	0	0	0	60	60	0	0	16
carry-k3-w1-n3	Threads(1)	8	4	pass	2	8	8	16	8	15	8	8	0	0	8	8	8	2	1	0	0	0	60	60	0	0	16
carry-k3-w1-n3	Threads(2)	8	4	pass	2	8	8	16	8	15	8	8	0	0	8	8	8	2	1	0	0	0	60	60	0	0	16
carry-k3-w4-n0	Baseline	1	0	pass	1	8	8	104	104	39	8	0	0	0	0	0	0	0	0	0	0	0	104	104	0	0	0
carry-k3-w4-n0	Inline	1	4	pass	1	8	8	104	104	39	8	0	0	0	104	104	104	1	1	0	0	0	104	104	0	0	104
carry-k3-w4-n0	Threads(1)	1	4	pass	1	8	8	104	104	39	8	0	0	0	104	104	104	1	1	0	0	0	104	104	0	0	104
carry-k3-w4-n0	Threads(2)	1	4	pass	1	8	8	104	104	39	8	0	0	0	104	104	104	1	1	0	0	0	104	104	0	0	104
carry-k3-w4-n0	Inline	8	4	pass	1	8	8	13	13	39	8	0	0	0	13	13	13	1	1	0	0	0	104	104	0	0	13
carry-k3-w4-n0	Threads(1)	8	4	pass	1	8	8	13	13	39	8	0	0	0	13	13	13	1	1	0	0	0	104	104	0	0	13
carry-k3-w4-n0	Threads(2)	8	4	pass	1	8	8	13	13	39	8	0	0	0	13	13	13	1	1	0	0	0	104	104	0	0	13
carry-k3-w4-n3	Baseline	1	0	pass	2	8	8	116	108	39	8	8	0	0	0	0	0	0	0	0	0	0	108	108	0	0	0
carry-k3-w4-n3	Inline	1	4	pass	2	8	8	116	108	39	8	8	0	0	108	108	108	2	2	0	0	0	108	108	0	0	230
carry-k3-w4-n3	Threads(1)	1	4	pass	2	8	8	116	108	39	8	8	0	0	108	108	108	2	1	0	0	0	108	108	0	0	230
carry-k3-w4-n3	Threads(2)	1	4	pass	2	8	8	116	108	39	8	8	0	0	108	108	108	2	2	0	0	0	108	108	0	0	230
carry-k3-w4-n3	Inline	8	4	pass	2	8	8	22	14	39	8	8	0	0	14	14	14	2	2	0	0	0	108	108	0	0	28
carry-k3-w4-n3	Threads(1)	8	4	pass	2	8	8	22	14	39	8	8	0	0	14	14	14	2	1	0	0	0	108	108	0	0	28
carry-k3-w4-n3	Threads(2)	8	4	pass	2	8	8	22	14	39	8	8	0	0	14	14	14	2	2	0	0	0	108	108	0	0	28
product-k1-w0-n0	Baseline	1	0	pass	1	2	2	8	8	1	2	0	0	0	0	0	0	0	0	0	0	0	8	8	0	0	0
product-k1-w0-n0	Inline	1	4	pass	1	2	2	8	8	1	2	0	0	0	8	8	8	1	1	0	0	0	8	8	0	0	8
product-k1-w0-n0	Threads(1)	1	4	pass	1	2	2	8	8	1	2	0	0	0	8	8	8	1	1	0	0	0	8	8	0	0	8
product-k1-w0-n0	Threads(2)	1	4	pass	1	2	2	8	8	1	2	0	0	0	8	8	8	1	1	0	0	0	8	8	0	0	8
product-k1-w0-n0	Inline	8	4	pass	1	2	2	1	1	1	2	0	0	0	1	1	1	1	1	0	0	0	8	8	0	0	1
product-k1-w0-n0	Threads(1)	8	4	pass	1	2	2	1	1	1	2	0	0	0	1	1	1	1	1	0	0	0	8	8	0	0	1
product-k1-w0-n0	Threads(2)	8	4	pass	1	2	2	1	1	1	2	0	0	0	1	1	1	1	1	0	0	0	8	8	0	0	1
product-k1-w0-n16	Baseline	1	0	pass	2	2	2	27	25	1	2	1	0	0	0	0	0	0	0	0	0	0	25	25	0	0	0
product-k1-w0-n16	Inline	1	4	pass	2	2	2	27	25	1	2	1	0	0	25	25	25	2	2	0	0	0	25	25	0	0	50
product-k1-w0-n16	Threads(1)	1	4	pass	2	2	2	27	25	1	2	1	0	0	25	25	25	2	1	0	0	0	25	25	0	0	50
product-k1-w0-n16	Threads(2)	1	4	pass	2	2	2	27	25	1	2	1	0	0	25	25	25	2	2	0	0	0	25	25	0	0	50
product-k1-w0-n16	Inline	8	4	pass	2	2	2	6	4	1	2	1	0	0	4	4	4	2	2	0	0	0	25	25	0	0	8
product-k1-w0-n16	Threads(1)	8	4	pass	2	2	2	6	4	1	2	1	0	0	4	4	4	2	1	0	0	0	25	25	0	0	8
product-k1-w0-n16	Threads(2)	8	4	pass	2	2	2	6	4	1	2	1	0	0	4	4	4	2	2	0	0	0	25	25	0	0	8
product-k1-w1-n0	Baseline	1	0	pass	1	2	2	12	12	3	2	0	0	0	0	0	0	0	0	0	0	0	12	12	0	0	0
product-k1-w1-n0	Inline	1	4	pass	1	2	2	12	12	3	2	0	0	0	12	12	12	1	1	0	0	0	12	12	0	0	12
product-k1-w1-n0	Threads(1)	1	4	pass	1	2	2	12	12	3	2	0	0	0	12	12	12	1	1	0	0	0	12	12	0	0	12
product-k1-w1-n0	Threads(2)	1	4	pass	1	2	2	12	12	3	2	0	0	0	12	12	12	1	1	0	0	0	12	12	0	0	12
product-k1-w1-n0	Inline	8	4	pass	1	2	2	2	2	3	2	0	0	0	2	2	2	1	1	0	0	0	12	12	0	0	2
product-k1-w1-n0	Threads(1)	8	4	pass	1	2	2	2	2	3	2	0	0	0	2	2	2	1	1	0	0	0	12	12	0	0	2
product-k1-w1-n0	Threads(2)	8	4	pass	1	2	2	2	2	3	2	0	0	0	2	2	2	1	1	0	0	0	12	12	0	0	2
product-k1-w1-n16	Baseline	1	0	pass	2	2	2	31	29	3	2	1	0	0	0	0	0	0	0	0	0	0	29	29	0	0	0
product-k1-w1-n16	Inline	1	4	pass	2	2	2	31	29	3	2	1	0	0	29	29	29	2	2	0	0	0	29	29	0	0	58
product-k1-w1-n16	Threads(1)	1	4	pass	2	2	2	31	29	3	2	1	0	0	29	29	29	2	1	0	0	0	29	29	0	0	58
product-k1-w1-n16	Threads(2)	1	4	pass	2	2	2	31	29	3	2	1	0	0	29	29	29	2	2	0	0	0	29	29	0	0	58
product-k1-w1-n16	Inline	8	4	pass	2	2	2	7	5	3	2	1	0	0	5	5	5	2	2	0	0	0	29	29	0	0	10
product-k1-w1-n16	Threads(1)	8	4	pass	2	2	2	7	5	3	2	1	0	0	5	5	5	2	1	0	0	0	29	29	0	0	10
product-k1-w1-n16	Threads(2)	8	4	pass	2	2	2	7	5	3	2	1	0	0	5	5	5	2	2	0	0	0	29	29	0	0	10
product-k1-w8-n0	Baseline	1	0	pass	1	2	2	40	40	17	2	0	0	0	0	0	0	0	0	0	0	0	40	40	0	0	0
product-k1-w8-n0	Inline	1	4	pass	1	2	2	40	40	17	2	0	0	0	40	40	40	1	1	0	0	0	40	40	0	0	40
product-k1-w8-n0	Threads(1)	1	4	pass	1	2	2	40	40	17	2	0	0	0	40	40	40	1	1	0	0	0	40	40	0	0	40
product-k1-w8-n0	Threads(2)	1	4	pass	1	2	2	40	40	17	2	0	0	0	40	40	40	1	1	0	0	0	40	40	0	0	40
product-k1-w8-n0	Inline	8	4	pass	1	2	2	5	5	17	2	0	0	0	5	5	5	1	1	0	0	0	40	40	0	0	5
product-k1-w8-n0	Threads(1)	8	4	pass	1	2	2	5	5	17	2	0	0	0	5	5	5	1	1	0	0	0	40	40	0	0	5
product-k1-w8-n0	Threads(2)	8	4	pass	1	2	2	5	5	17	2	0	0	0	5	5	5	1	1	0	0	0	40	40	0	0	5
product-k1-w8-n16	Baseline	1	0	pass	2	2	2	59	57	17	2	2	0	0	0	0	0	0	0	0	0	0	57	57	0	0	0
product-k1-w8-n16	Inline	1	4	pass	2	2	2	59	57	17	2	2	0	0	57	57	57	2	2	0	0	0	57	57	0	0	116
product-k1-w8-n16	Threads(1)	1	4	pass	2	2	2	59	57	17	2	2	0	0	57	57	57	2	1	0	0	0	57	57	0	0	116
product-k1-w8-n16	Threads(2)	1	4	pass	2	2	2	59	57	17	2	2	0	0	57	57	57	2	2	0	0	0	57	57	0	0	116
product-k1-w8-n16	Inline	8	4	pass	2	2	2	10	8	17	2	2	0	0	8	8	8	2	2	0	0	0	57	57	0	0	16
product-k1-w8-n16	Threads(1)	8	4	pass	2	2	2	10	8	17	2	2	0	0	8	8	8	2	1	0	0	0	57	57	0	0	16
product-k1-w8-n16	Threads(2)	8	4	pass	2	2	2	10	8	17	2	2	0	0	8	8	8	2	2	0	0	0	57	57	0	0	16
product-k1-w64-n0	Baseline	1	0	pass	1	2	2	264	264	129	2	0	0	0	0	0	0	0	0	0	0	0	264	264	0	0	0
product-k1-w64-n0	Inline	1	4	pass	1	2	2	264	264	129	2	0	0	0	264	264	264	1	1	0	0	0	264	264	0	0	264
product-k1-w64-n0	Threads(1)	1	4	pass	1	2	2	264	264	129	2	0	0	0	264	264	264	1	1	0	0	0	264	264	0	0	264
product-k1-w64-n0	Threads(2)	1	4	pass	1	2	2	264	264	129	2	0	0	0	264	264	264	1	1	0	0	0	264	264	0	0	264
product-k1-w64-n0	Inline	8	4	pass	1	2	2	33	33	129	2	0	0	0	33	33	33	1	1	0	0	0	264	264	0	0	33
product-k1-w64-n0	Threads(1)	8	4	pass	1	2	2	33	33	129	2	0	0	0	33	33	33	1	1	0	0	0	264	264	0	0	33
product-k1-w64-n0	Threads(2)	8	4	pass	1	2	2	33	33	129	2	0	0	0	33	33	33	1	1	0	0	0	264	264	0	0	33
product-k1-w64-n16	Baseline	1	0	pass	2	2	2	283	281	129	2	2	0	0	0	0	0	0	0	0	0	0	281	281	0	0	0
product-k1-w64-n16	Inline	1	4	pass	2	2	2	283	281	129	2	2	0	0	281	281	281	2	2	0	0	0	281	281	0	0	564
product-k1-w64-n16	Threads(1)	1	4	pass	2	2	2	283	281	129	2	2	0	0	281	281	281	2	1	0	0	0	281	281	0	0	564
product-k1-w64-n16	Threads(2)	1	4	pass	2	2	2	283	281	129	2	2	0	0	281	281	281	2	2	0	0	0	281	281	0	0	564
product-k1-w64-n16	Inline	8	4	pass	2	2	2	38	36	129	2	2	0	0	36	36	36	2	2	0	0	0	281	281	0	0	72
product-k1-w64-n16	Threads(1)	8	4	pass	2	2	2	38	36	129	2	2	0	0	36	36	36	2	1	0	0	0	281	281	0	0	72
product-k1-w64-n16	Threads(2)	8	4	pass	2	2	2	38	36	129	2	2	0	0	36	36	36	2	2	0	0	0	281	281	0	0	72
product-k1-w256-n0	Baseline	1	0	pass	1	2	2	1032	1032	513	2	0	0	0	0	0	0	0	0	0	0	0	1032	1032	0	0	0
product-k1-w256-n0	Inline	1	4	pass	1	2	2	1032	1032	513	2	0	0	0	1032	1032	1032	1	1	0	0	0	1032	1032	0	0	1032
product-k1-w256-n0	Threads(1)	1	4	pass	1	2	2	1032	1032	513	2	0	0	0	1032	1032	1032	1	1	0	0	0	1032	1032	0	0	1032
product-k1-w256-n0	Threads(2)	1	4	pass	1	2	2	1032	1032	513	2	0	0	0	1032	1032	1032	1	1	0	0	0	1032	1032	0	0	1032
product-k1-w256-n0	Inline	8	4	pass	1	2	2	129	129	513	2	0	0	0	129	129	129	1	1	0	0	0	1032	1032	0	0	129
product-k1-w256-n0	Threads(1)	8	4	pass	1	2	2	129	129	513	2	0	0	0	129	129	129	1	1	0	0	0	1032	1032	0	0	129
product-k1-w256-n0	Threads(2)	8	4	pass	1	2	2	129	129	513	2	0	0	0	129	129	129	1	1	0	0	0	1032	1032	0	0	129
product-k1-w256-n16	Baseline	1	0	pass	2	2	2	1051	1049	513	2	2	0	0	0	0	0	0	0	0	0	0	1049	1049	0	0	0
product-k1-w256-n16	Inline	1	4	pass	2	2	2	1051	1049	513	2	2	0	0	1049	1049	1049	2	2	0	0	0	1049	1049	0	0	2100
product-k1-w256-n16	Threads(1)	1	4	pass	2	2	2	1051	1049	513	2	2	0	0	1049	1049	1049	2	1	0	0	0	1049	1049	0	0	2100
product-k1-w256-n16	Threads(2)	1	4	pass	2	2	2	1051	1049	513	2	2	0	0	1049	1049	1049	2	2	0	0	0	1049	1049	0	0	2100
product-k1-w256-n16	Inline	8	4	pass	2	2	2	134	132	513	2	2	0	0	132	132	132	2	2	0	0	0	1049	1049	0	0	264
product-k1-w256-n16	Threads(1)	8	4	pass	2	2	2	134	132	513	2	2	0	0	132	132	132	2	1	0	0	0	1049	1049	0	0	264
product-k1-w256-n16	Threads(2)	8	4	pass	2	2	2	134	132	513	2	2	0	0	132	132	132	2	2	0	0	0	1049	1049	0	0	264
product-k2-w0-n0	Baseline	1	0	pass	2	4	4	20	16	2	4	3	0	0	0	0	0	0	0	0	0	0	16	16	0	0	0
product-k2-w0-n0	Inline	1	4	pass	2	4	4	20	16	2	4	3	0	0	16	16	16	2	2	0	0	0	16	16	0	0	36
product-k2-w0-n0	Threads(1)	1	4	pass	2	4	4	20	16	2	4	3	0	0	16	16	16	2	1	0	0	0	16	16	0	0	36
product-k2-w0-n0	Threads(2)	1	4	pass	2	4	4	20	16	2	4	3	0	0	16	16	16	2	2	0	0	0	16	16	0	0	36
product-k2-w0-n0	Inline	8	4	pass	2	4	4	6	2	2	4	2	0	0	2	2	2	2	2	0	0	0	16	16	0	0	4
product-k2-w0-n0	Threads(1)	8	4	pass	2	4	4	6	2	2	4	2	0	0	2	2	2	2	1	0	0	0	16	16	0	0	4
product-k2-w0-n0	Threads(2)	8	4	pass	2	4	4	6	2	2	4	2	0	0	2	2	2	2	1	0	0	0	16	16	0	0	4
product-k2-w0-n16	Baseline	1	0	pass	3	4	4	37	33	2	4	1	0	0	0	0	0	0	0	0	0	0	33	33	0	0	0
product-k2-w0-n16	Inline	1	4	pass	3	4	4	37	33	2	4	1	0	0	33	33	33	3	3	0	0	0	33	33	0	0	99
product-k2-w0-n16	Threads(1)	1	4	pass	3	4	4	37	33	2	4	1	0	0	33	33	33	3	1	0	0	0	33	33	0	0	99
product-k2-w0-n16	Threads(2)	1	4	pass	3	4	4	37	33	2	4	1	0	0	33	33	33	3	2	0	0	0	33	33	0	0	99
product-k2-w0-n16	Inline	8	4	pass	3	4	4	9	5	2	4	1	0	0	5	5	5	3	3	0	0	0	33	33	0	0	15
product-k2-w0-n16	Threads(1)	8	4	pass	3	4	4	9	5	2	4	1	0	0	5	5	5	3	1	0	0	0	33	33	0	0	15
product-k2-w0-n16	Threads(2)	8	4	pass	3	4	4	9	5	2	4	1	0	0	5	5	5	3	2	0	0	0	33	33	0	0	15
product-k2-w1-n0	Baseline	1	0	pass	2	4	4	28	24	6	4	3	0	0	0	0	0	0	0	0	0	0	24	24	0	0	0
product-k2-w1-n0	Inline	1	4	pass	2	4	4	28	24	6	4	3	0	0	24	24	24	2	2	0	0	0	24	24	0	0	52
product-k2-w1-n0	Threads(1)	1	4	pass	2	4	4	28	24	6	4	3	0	0	24	24	24	2	1	0	0	0	24	24	0	0	52
product-k2-w1-n0	Threads(2)	1	4	pass	2	4	4	28	24	6	4	3	0	0	24	24	24	2	1	0	0	0	24	24	0	0	52
product-k2-w1-n0	Inline	8	4	pass	2	4	4	8	4	6	4	2	0	0	4	4	4	2	2	0	0	0	24	24	0	0	8
product-k2-w1-n0	Threads(1)	8	4	pass	2	4	4	8	4	6	4	2	0	0	4	4	4	2	1	0	0	0	24	24	0	0	8
product-k2-w1-n0	Threads(2)	8	4	pass	2	4	4	8	4	6	4	2	0	0	4	4	4	2	1	0	0	0	24	24	0	0	8
product-k2-w1-n16	Baseline	1	0	pass	3	4	4	45	41	6	4	1	0	0	0	0	0	0	0	0	0	0	41	41	0	0	0
product-k2-w1-n16	Inline	1	4	pass	3	4	4	45	41	6	4	1	0	0	41	41	41	3	3	0	0	0	41	41	0	0	123
product-k2-w1-n16	Threads(1)	1	4	pass	3	4	4	45	41	6	4	1	0	0	41	41	41	3	1	0	0	0	41	41	0	0	123
product-k2-w1-n16	Threads(2)	1	4	pass	3	4	4	45	41	6	4	1	0	0	41	41	41	3	3	0	0	0	41	41	0	0	123
product-k2-w1-n16	Inline	8	4	pass	3	4	4	11	7	6	4	1	0	0	7	7	7	3	3	0	0	0	41	41	0	0	21
product-k2-w1-n16	Threads(1)	8	4	pass	3	4	4	11	7	6	4	1	0	0	7	7	7	3	1	0	0	0	41	41	0	0	21
product-k2-w1-n16	Threads(2)	8	4	pass	3	4	4	11	7	6	4	1	0	0	7	7	7	3	2	0	0	0	41	41	0	0	21
product-k2-w8-n0	Baseline	1	0	pass	2	4	4	84	80	34	4	3	0	0	0	0	0	0	0	0	0	0	80	80	0	0	0
product-k2-w8-n0	Inline	1	4	pass	2	4	4	84	80	34	4	3	0	0	80	80	80	2	2	0	0	0	80	80	0	0	164
product-k2-w8-n0	Threads(1)	1	4	pass	2	4	4	84	80	34	4	3	0	0	80	80	80	2	1	0	0	0	80	80	0	0	164
product-k2-w8-n0	Threads(2)	1	4	pass	2	4	4	84	80	34	4	3	0	0	80	80	80	2	2	0	0	0	80	80	0	0	164
product-k2-w8-n0	Inline	8	4	pass	2	4	4	14	10	34	4	2	0	0	10	10	10	2	2	0	0	0	80	80	0	0	20
product-k2-w8-n0	Threads(1)	8	4	pass	2	4	4	14	10	34	4	2	0	0	10	10	10	2	1	0	0	0	80	80	0	0	20
product-k2-w8-n0	Threads(2)	8	4	pass	2	4	4	14	10	34	4	2	0	0	10	10	10	2	1	0	0	0	80	80	0	0	20
product-k2-w8-n16	Baseline	1	0	pass	3	4	4	101	97	34	4	3	0	0	0	0	0	0	0	0	0	0	97	97	0	0	0
product-k2-w8-n16	Inline	1	4	pass	3	4	4	101	97	34	4	3	0	0	97	97	97	3	3	0	0	0	97	97	0	0	297
product-k2-w8-n16	Threads(1)	1	4	pass	3	4	4	101	97	34	4	3	0	0	97	97	97	3	1	0	0	0	97	97	0	0	297
product-k2-w8-n16	Threads(2)	1	4	pass	3	4	4	101	97	34	4	3	0	0	97	97	97	3	3	0	0	0	97	97	0	0	297
product-k2-w8-n16	Inline	8	4	pass	3	4	4	17	13	34	4	2	0	0	13	13	13	3	3	0	0	0	97	97	0	0	39
product-k2-w8-n16	Threads(1)	8	4	pass	3	4	4	17	13	34	4	2	0	0	13	13	13	3	1	0	0	0	97	97	0	0	39
product-k2-w8-n16	Threads(2)	8	4	pass	3	4	4	17	13	34	4	2	0	0	13	13	13	3	2	0	0	0	97	97	0	0	39
product-k2-w64-n0	Baseline	1	0	pass	2	4	4	532	528	258	4	3	0	0	0	0	0	0	0	0	0	0	528	528	0	0	0
product-k2-w64-n0	Inline	1	4	pass	2	4	4	532	528	258	4	3	0	0	528	528	528	2	2	0	0	0	528	528	0	0	1060
product-k2-w64-n0	Threads(1)	1	4	pass	2	4	4	532	528	258	4	3	0	0	528	528	528	2	1	0	0	0	528	528	0	0	1060
product-k2-w64-n0	Threads(2)	1	4	pass	2	4	4	532	528	258	4	3	0	0	528	528	528	2	2	0	0	0	528	528	0	0	1060
product-k2-w64-n0	Inline	8	4	pass	2	4	4	70	66	258	4	2	0	0	66	66	66	2	2	0	0	0	528	528	0	0	132
product-k2-w64-n0	Threads(1)	8	4	pass	2	4	4	70	66	258	4	2	0	0	66	66	66	2	1	0	0	0	528	528	0	0	132
product-k2-w64-n0	Threads(2)	8	4	pass	2	4	4	70	66	258	4	2	0	0	66	66	66	2	2	0	0	0	528	528	0	0	132
product-k2-w64-n16	Baseline	1	0	pass	3	4	4	549	545	258	4	3	0	0	0	0	0	0	0	0	0	0	545	545	0	0	0
product-k2-w64-n16	Inline	1	4	pass	3	4	4	549	545	258	4	3	0	0	545	545	545	3	3	0	0	0	545	545	0	0	1641
product-k2-w64-n16	Threads(1)	1	4	pass	3	4	4	549	545	258	4	3	0	0	545	545	545	3	1	0	0	0	545	545	0	0	1641
product-k2-w64-n16	Threads(2)	1	4	pass	3	4	4	549	545	258	4	3	0	0	545	545	545	3	3	0	0	0	545	545	0	0	1641
product-k2-w64-n16	Inline	8	4	pass	3	4	4	73	69	258	4	2	0	0	69	69	69	3	3	0	0	0	545	545	0	0	207
product-k2-w64-n16	Threads(1)	8	4	pass	3	4	4	73	69	258	4	2	0	0	69	69	69	3	1	0	0	0	545	545	0	0	207
product-k2-w64-n16	Threads(2)	8	4	pass	3	4	4	73	69	258	4	2	0	0	69	69	69	3	2	0	0	0	545	545	0	0	207
product-k2-w256-n0	Baseline	1	0	pass	2	4	4	2068	2064	1026	4	3	0	0	0	0	0	0	0	0	0	0	2064	2064	0	0	0
product-k2-w256-n0	Inline	1	4	pass	2	4	4	2068	2064	1026	4	3	0	0	2064	2064	2064	2	2	0	0	0	2064	2064	0	0	4132
product-k2-w256-n0	Threads(1)	1	4	pass	2	4	4	2068	2064	1026	4	3	0	0	2064	2064	2064	2	1	0	0	0	2064	2064	0	0	4132
product-k2-w256-n0	Threads(2)	1	4	pass	2	4	4	2068	2064	1026	4	3	0	0	2064	2064	2064	2	2	0	0	0	2064	2064	0	0	4132
product-k2-w256-n0	Inline	8	4	pass	2	4	4	262	258	1026	4	2	0	0	258	258	258	2	2	0	0	0	2064	2064	0	0	516
product-k2-w256-n0	Threads(1)	8	4	pass	2	4	4	262	258	1026	4	2	0	0	258	258	258	2	1	0	0	0	2064	2064	0	0	516
product-k2-w256-n0	Threads(2)	8	4	pass	2	4	4	262	258	1026	4	2	0	0	258	258	258	2	2	0	0	0	2064	2064	0	0	516
product-k2-w256-n16	Baseline	1	0	pass	3	4	4	2085	2081	1026	4	3	0	0	0	0	0	0	0	0	0	0	2081	2081	0	0	0
product-k2-w256-n16	Inline	1	4	pass	3	4	4	2085	2081	1026	4	3	0	0	2081	2081	2081	3	3	0	0	0	2081	2081	0	0	6249
product-k2-w256-n16	Threads(1)	1	4	pass	3	4	4	2085	2081	1026	4	3	0	0	2081	2081	2081	3	1	0	0	0	2081	2081	0	0	6249
product-k2-w256-n16	Threads(2)	1	4	pass	3	4	4	2085	2081	1026	4	3	0	0	2081	2081	2081	3	3	0	0	0	2081	2081	0	0	6249
product-k2-w256-n16	Inline	8	4	pass	3	4	4	265	261	1026	4	2	0	0	261	261	261	3	3	0	0	0	2081	2081	0	0	783
product-k2-w256-n16	Threads(1)	8	4	pass	3	4	4	265	261	1026	4	2	0	0	261	261	261	3	1	0	0	0	2081	2081	0	0	783
product-k2-w256-n16	Threads(2)	8	4	pass	3	4	4	265	261	1026	4	2	0	0	261	261	261	3	3	0	0	0	2081	2081	0	0	783
product-k4-w0-n0	Baseline	1	0	pass	4	16	16	48	32	4	16	5	0	0	0	0	0	0	0	0	0	0	32	32	0	0	0
product-k4-w0-n0	Inline	1	4	pass	4	16	16	48	32	4	16	5	0	0	32	32	32	4	4	0	0	0	32	32	0	0	140
product-k4-w0-n0	Threads(1)	1	4	pass	4	16	16	48	32	4	16	5	0	0	32	32	32	4	1	0	0	0	32	32	0	0	140
product-k4-w0-n0	Threads(2)	1	4	pass	4	16	16	48	32	4	16	5	0	0	32	32	32	4	3	0	0	0	32	32	0	0	140
product-k4-w0-n0	Inline	8	4	pass	4	16	16	20	4	4	16	2	0	0	4	4	4	4	4	0	0	0	32	32	0	0	16
product-k4-w0-n0	Threads(1)	8	4	pass	4	16	16	20	4	4	16	2	0	0	4	4	4	4	1	0	0	0	32	32	0	0	16
product-k4-w0-n0	Threads(2)	8	4	pass	4	16	16	20	4	4	16	2	0	0	4	4	4	4	1	0	0	0	32	32	0	0	16
product-k4-w0-n16	Baseline	1	0	pass	5	16	16	65	49	4	16	1	0	0	0	0	0	0	0	0	0	0	49	49	0	0	0
product-k4-w0-n16	Inline	1	4	pass	5	16	16	65	49	4	16	1	0	0	49	49	49	4	4	0	0	0	49	49	0	0	208
product-k4-w0-n16	Threads(1)	1	4	pass	5	16	16	65	49	4	16	1	0	0	49	49	49	4	1	0	0	0	49	49	0	0	208
product-k4-w0-n16	Threads(2)	1	4	pass	5	16	16	65	49	4	16	1	0	0	49	49	49	4	3	0	0	0	49	49	0	0	208
product-k4-w0-n16	Inline	8	4	pass	5	16	16	23	7	4	16	1	0	0	7	7	7	4	4	0	0	0	49	49	0	0	33
product-k4-w0-n16	Threads(1)	8	4	pass	5	16	16	23	7	4	16	1	0	0	7	7	7	4	1	0	0	0	49	49	0	0	33
product-k4-w0-n16	Threads(2)	8	4	pass	5	16	16	23	7	4	16	1	0	0	7	7	7	4	3	0	0	0	49	49	0	0	33
product-k4-w1-n0	Baseline	1	0	pass	4	16	16	64	48	12	16	5	0	0	0	0	0	0	0	0	0	0	48	48	0	0	0
product-k4-w1-n0	Inline	1	4	pass	4	16	16	64	48	12	16	5	0	0	48	48	48	4	4	0	0	0	48	48	0	0	204
product-k4-w1-n0	Threads(1)	1	4	pass	4	16	16	64	48	12	16	5	0	0	48	48	48	4	1	0	0	0	48	48	0	0	204
product-k4-w1-n0	Threads(2)	1	4	pass	4	16	16	64	48	12	16	5	0	0	48	48	48	4	3	0	0	0	48	48	0	0	204
product-k4-w1-n0	Inline	8	4	pass	4	16	16	24	8	12	16	2	0	0	8	8	8	4	4	0	0	0	48	48	0	0	32
product-k4-w1-n0	Threads(1)	8	4	pass	4	16	16	24	8	12	16	2	0	0	8	8	8	4	1	0	0	0	48	48	0	0	32
product-k4-w1-n0	Threads(2)	8	4	pass	4	16	16	24	8	12	16	2	0	0	8	8	8	4	3	0	0	0	48	48	0	0	32
product-k4-w1-n16	Baseline	1	0	pass	5	16	16	81	65	12	16	1	0	0	0	0	0	0	0	0	0	0	65	65	0	0	0
product-k4-w1-n16	Inline	1	4	pass	5	16	16	81	65	12	16	1	0	0	65	65	65	4	4	0	0	0	65	65	0	0	268
product-k4-w1-n16	Threads(1)	1	4	pass	5	16	16	81	65	12	16	1	0	0	65	65	65	4	1	0	0	0	65	65	0	0	268
product-k4-w1-n16	Threads(2)	1	4	pass	5	16	16	81	65	12	16	1	0	0	65	65	65	4	3	0	0	0	65	65	0	0	268
product-k4-w1-n16	Inline	8	4	pass	5	16	16	27	11	12	16	1	0	0	11	11	11	4	4	0	0	0	65	65	0	0	48
product-k4-w1-n16	Threads(1)	8	4	pass	5	16	16	27	11	12	16	1	0	0	11	11	11	4	1	0	0	0	65	65	0	0	48
product-k4-w1-n16	Threads(2)	8	4	pass	5	16	16	27	11	12	16	1	0	0	11	11	11	4	2	0	0	0	65	65	0	0	48
product-k4-w8-n0	Baseline	1	0	pass	4	16	16	176	160	68	16	5	0	0	0	0	0	0	0	0	0	0	160	160	0	0	0
product-k4-w8-n0	Inline	1	4	pass	4	16	16	176	160	68	16	5	0	0	160	160	160	4	4	0	0	0	160	160	0	0	652
product-k4-w8-n0	Threads(1)	1	4	pass	4	16	16	176	160	68	16	5	0	0	160	160	160	4	1	0	0	0	160	160	0	0	652
product-k4-w8-n0	Threads(2)	1	4	pass	4	16	16	176	160	68	16	5	0	0	160	160	160	4	3	0	0	0	160	160	0	0	652
product-k4-w8-n0	Inline	8	4	pass	4	16	16	36	20	68	16	2	0	0	20	20	20	4	4	0	0	0	160	160	0	0	80
product-k4-w8-n0	Threads(1)	8	4	pass	4	16	16	36	20	68	16	2	0	0	20	20	20	4	1	0	0	0	160	160	0	0	80
product-k4-w8-n0	Threads(2)	8	4	pass	4	16	16	36	20	68	16	2	0	0	20	20	20	4	3	0	0	0	160	160	0	0	80
product-k4-w8-n16	Baseline	1	0	pass	5	16	16	193	177	68	16	5	0	0	0	0	0	0	0	0	0	0	177	177	0	0	0
product-k4-w8-n16	Inline	1	4	pass	5	16	16	193	177	68	16	5	0	0	177	177	177	4	4	0	0	0	177	177	0	0	792
product-k4-w8-n16	Threads(1)	1	4	pass	5	16	16	193	177	68	16	5	0	0	177	177	177	4	1	0	0	0	177	177	0	0	792
product-k4-w8-n16	Threads(2)	1	4	pass	5	16	16	193	177	68	16	5	0	0	177	177	177	4	3	0	0	0	177	177	0	0	792
product-k4-w8-n16	Inline	8	4	pass	5	16	16	39	23	68	16	2	0	0	23	23	23	4	4	0	0	0	177	177	0	0	98
product-k4-w8-n16	Threads(1)	8	4	pass	5	16	16	39	23	68	16	2	0	0	23	23	23	4	1	0	0	0	177	177	0	0	98
product-k4-w8-n16	Threads(2)	8	4	pass	5	16	16	39	23	68	16	2	0	0	23	23	23	4	2	0	0	0	177	177	0	0	98
product-k4-w64-n0	Baseline	1	0	pass	4	16	16	1072	1056	516	16	5	0	0	0	0	0	0	0	0	0	0	1056	1056	0	0	0
product-k4-w64-n0	Inline	1	4	pass	4	16	16	1072	1056	516	16	5	0	0	1056	1056	1056	4	4	0	0	0	1056	1056	0	0	4236
product-k4-w64-n0	Threads(1)	1	4	pass	4	16	16	1072	1056	516	16	5	0	0	1056	1056	1056	4	1	0	0	0	1056	1056	0	0	4236
product-k4-w64-n0	Threads(2)	1	4	pass	4	16	16	1072	1056	516	16	5	0	0	1056	1056	1056	4	3	0	0	0	1056	1056	0	0	4236
product-k4-w64-n0	Inline	8	4	pass	4	16	16	148	132	516	16	2	0	0	132	132	132	4	4	0	0	0	1056	1056	0	0	528
product-k4-w64-n0	Threads(1)	8	4	pass	4	16	16	148	132	516	16	2	0	0	132	132	132	4	1	0	0	0	1056	1056	0	0	528
product-k4-w64-n0	Threads(2)	8	4	pass	4	16	16	148	132	516	16	2	0	0	132	132	132	4	3	0	0	0	1056	1056	0	0	528
product-k4-w64-n16	Baseline	1	0	pass	5	16	16	1089	1073	516	16	5	0	0	0	0	0	0	0	0	0	0	1073	1073	0	0	0
product-k4-w64-n16	Inline	1	4	pass	5	16	16	1089	1073	516	16	5	0	0	1073	1073	1073	4	4	0	0	0	1073	1073	0	0	5048
product-k4-w64-n16	Threads(1)	1	4	pass	5	16	16	1089	1073	516	16	5	0	0	1073	1073	1073	4	1	0	0	0	1073	1073	0	0	5048
product-k4-w64-n16	Threads(2)	1	4	pass	5	16	16	1089	1073	516	16	5	0	0	1073	1073	1073	4	3	0	0	0	1073	1073	0	0	5048
product-k4-w64-n16	Inline	8	4	pass	5	16	16	151	135	516	16	2	0	0	135	135	135	4	4	0	0	0	1073	1073	0	0	630
product-k4-w64-n16	Threads(1)	8	4	pass	5	16	16	151	135	516	16	2	0	0	135	135	135	4	1	0	0	0	1073	1073	0	0	630
product-k4-w64-n16	Threads(2)	8	4	pass	5	16	16	151	135	516	16	2	0	0	135	135	135	4	3	0	0	0	1073	1073	0	0	630
product-k4-w256-n0	Baseline	1	0	pass	4	16	16	4144	4128	2052	16	5	0	0	0	0	0	0	0	0	0	0	4128	4128	0	0	0
product-k4-w256-n0	Inline	1	4	pass	4	16	16	4144	4128	2052	16	5	0	0	4128	4128	4128	4	4	0	0	0	4128	4128	0	0	16524
product-k4-w256-n0	Threads(1)	1	4	pass	4	16	16	4144	4128	2052	16	5	0	0	4128	4128	4128	4	1	0	0	0	4128	4128	0	0	16524
product-k4-w256-n0	Threads(2)	1	4	pass	4	16	16	4144	4128	2052	16	5	0	0	4128	4128	4128	4	3	0	0	0	4128	4128	0	0	16524
product-k4-w256-n0	Inline	8	4	pass	4	16	16	532	516	2052	16	2	0	0	516	516	516	4	4	0	0	0	4128	4128	0	0	2064
product-k4-w256-n0	Threads(1)	8	4	pass	4	16	16	532	516	2052	16	2	0	0	516	516	516	4	1	0	0	0	4128	4128	0	0	2064
product-k4-w256-n0	Threads(2)	8	4	pass	4	16	16	532	516	2052	16	2	0	0	516	516	516	4	3	0	0	0	4128	4128	0	0	2064
product-k4-w256-n16	Baseline	1	0	pass	5	16	16	4161	4145	2052	16	5	0	0	0	0	0	0	0	0	0	0	4145	4145	0	0	0
product-k4-w256-n16	Inline	1	4	pass	5	16	16	4161	4145	2052	16	5	0	0	4145	4145	4145	4	4	0	0	0	4145	4145	0	0	19640
product-k4-w256-n16	Threads(1)	1	4	pass	5	16	16	4161	4145	2052	16	5	0	0	4145	4145	4145	4	1	0	0	0	4145	4145	0	0	19640
product-k4-w256-n16	Threads(2)	1	4	pass	5	16	16	4161	4145	2052	16	5	0	0	4145	4145	4145	4	3	0	0	0	4145	4145	0	0	19640
product-k4-w256-n16	Inline	8	4	pass	5	16	16	535	519	2052	16	2	0	0	519	519	519	4	4	0	0	0	4145	4145	0	0	2454
product-k4-w256-n16	Threads(1)	8	4	pass	5	16	16	535	519	2052	16	2	0	0	519	519	519	4	1	0	0	0	4145	4145	0	0	2454
product-k4-w256-n16	Threads(2)	8	4	pass	5	16	16	535	519	2052	16	2	0	0	519	519	519	4	3	0	0	0	4145	4145	0	0	2454
product-k8-w0-n0	Baseline	1	0	pass	8	256	256	320	64	8	256	9	0	0	0	0	0	0	0	0	0	0	64	64	0	0	0
product-k8-w0-n0	Inline	1	4	pass	8	256	256	320	64	8	256	9	0	0	64	64	64	4	4	0	0	0	64	64	0	0	292
product-k8-w0-n0	Threads(1)	1	4	pass	8	256	256	320	64	8	256	9	0	0	64	64	64	4	1	0	0	0	64	64	0	0	292
product-k8-w0-n0	Threads(2)	1	4	pass	8	256	256	320	64	8	256	9	0	0	64	64	64	4	3	0	0	0	64	64	0	0	292
product-k8-w0-n0	Inline	8	4	pass	8	256	256	264	8	8	256	2	0	0	8	8	8	4	4	0	0	0	64	64	0	0	44
product-k8-w0-n0	Threads(1)	8	4	pass	8	256	256	264	8	8	256	2	0	0	8	8	8	4	1	0	0	0	64	64	0	0	44
product-k8-w0-n0	Threads(2)	8	4	pass	8	256	256	264	8	8	256	2	0	0	8	8	8	4	2	0	0	0	64	64	0	0	44
product-k8-w0-n16	Baseline	1	0	pass	9	256	256	337	81	8	256	1	0	0	0	0	0	0	0	0	0	0	81	81	0	0	0
product-k8-w0-n16	Inline	1	4	pass	9	256	256	337	81	8	256	1	0	0	81	81	81	4	4	0	0	0	81	81	0	0	384
product-k8-w0-n16	Threads(1)	1	4	pass	9	256	256	337	81	8	256	1	0	0	81	81	81	4	1	0	0	0	81	81	0	0	384
product-k8-w0-n16	Threads(2)	1	4	pass	9	256	256	337	81	8	256	1	0	0	81	81	81	4	3	0	0	0	81	81	0	0	384
product-k8-w0-n16	Inline	8	4	pass	9	256	256	267	11	8	256	1	0	0	11	11	11	4	4	0	0	0	81	81	0	0	69
product-k8-w0-n16	Threads(1)	8	4	pass	9	256	256	267	11	8	256	1	0	0	11	11	11	4	1	0	0	0	81	81	0	0	69
product-k8-w0-n16	Threads(2)	8	4	pass	9	256	256	267	11	8	256	1	0	0	11	11	11	4	2	0	0	0	81	81	0	0	69
product-k8-w1-n0	Baseline	1	0	pass	8	256	256	352	96	24	256	9	0	0	0	0	0	0	0	0	0	0	96	96	0	0	0
product-k8-w1-n0	Inline	1	4	pass	8	256	256	352	96	24	256	9	0	0	96	96	96	4	4	0	0	0	96	96	0	0	420
product-k8-w1-n0	Threads(1)	1	4	pass	8	256	256	352	96	24	256	9	0	0	96	96	96	4	1	0	0	0	96	96	0	0	420
product-k8-w1-n0	Threads(2)	1	4	pass	8	256	256	352	96	24	256	9	0	0	96	96	96	4	3	0	0	0	96	96	0	0	420
product-k8-w1-n0	Inline	8	4	pass	8	256	256	272	16	24	256	2	0	0	16	16	16	4	4	0	0	0	96	96	0	0	76
product-k8-w1-n0	Threads(1)	8	4	pass	8	256	256	272	16	24	256	2	0	0	16	16	16	4	1	0	0	0	96	96	0	0	76
product-k8-w1-n0	Threads(2)	8	4	pass	8	256	256	272	16	24	256	2	0	0	16	16	16	4	3	0	0	0	96	96	0	0	76
product-k8-w1-n16	Baseline	1	0	pass	9	256	256	369	113	24	256	1	0	0	0	0	0	0	0	0	0	0	113	113	0	0	0
product-k8-w1-n16	Inline	1	4	pass	9	256	256	369	113	24	256	1	0	0	113	113	113	4	4	0	0	0	113	113	0	0	492
product-k8-w1-n16	Threads(1)	1	4	pass	9	256	256	369	113	24	256	1	0	0	113	113	113	4	1	0	0	0	113	113	0	0	492
product-k8-w1-n16	Threads(2)	1	4	pass	9	256	256	369	113	24	256	1	0	0	113	113	113	4	3	0	0	0	113	113	0	0	492
product-k8-w1-n16	Inline	8	4	pass	9	256	256	275	19	24	256	1	0	0	19	19	19	4	4	0	0	0	113	113	0	0	96
product-k8-w1-n16	Threads(1)	8	4	pass	9	256	256	275	19	24	256	1	0	0	19	19	19	4	1	0	0	0	113	113	0	0	96
product-k8-w1-n16	Threads(2)	8	4	pass	9	256	256	275	19	24	256	1	0	0	19	19	19	4	3	0	0	0	113	113	0	0	96
product-k8-w8-n0	Baseline	1	0	pass	8	256	256	576	320	136	256	9	0	0	0	0	0	0	0	0	0	0	320	320	0	0	0
product-k8-w8-n0	Inline	1	4	pass	8	256	256	576	320	136	256	9	0	0	320	320	320	4	4	0	0	0	320	320	0	0	1316
product-k8-w8-n0	Threads(1)	1	4	pass	8	256	256	576	320	136	256	9	0	0	320	320	320	4	1	0	0	0	320	320	0	0	1316
product-k8-w8-n0	Threads(2)	1	4	pass	8	256	256	576	320	136	256	9	0	0	320	320	320	4	3	0	0	0	320	320	0	0	1316
product-k8-w8-n0	Inline	8	4	pass	8	256	256	296	40	136	256	2	0	0	40	40	40	4	4	0	0	0	320	320	0	0	172
product-k8-w8-n0	Threads(1)	8	4	pass	8	256	256	296	40	136	256	2	0	0	40	40	40	4	1	0	0	0	320	320	0	0	172
product-k8-w8-n0	Threads(2)	8	4	pass	8	256	256	296	40	136	256	2	0	0	40	40	40	4	3	0	0	0	320	320	0	0	172
product-k8-w8-n16	Baseline	1	0	pass	9	256	256	593	337	136	256	9	0	0	0	0	0	0	0	0	0	0	337	337	0	0	0
product-k8-w8-n16	Inline	1	4	pass	9	256	256	593	337	136	256	9	0	0	337	337	337	4	4	0	0	0	337	337	0	0	1456
product-k8-w8-n16	Threads(1)	1	4	pass	9	256	256	593	337	136	256	9	0	0	337	337	337	4	1	0	0	0	337	337	0	0	1456
product-k8-w8-n16	Threads(2)	1	4	pass	9	256	256	593	337	136	256	9	0	0	337	337	337	4	3	0	0	0	337	337	0	0	1456
product-k8-w8-n16	Inline	8	4	pass	9	256	256	299	43	136	256	2	0	0	43	43	43	4	4	0	0	0	337	337	0	0	190
product-k8-w8-n16	Threads(1)	8	4	pass	9	256	256	299	43	136	256	2	0	0	43	43	43	4	1	0	0	0	337	337	0	0	190
product-k8-w8-n16	Threads(2)	8	4	pass	9	256	256	299	43	136	256	2	0	0	43	43	43	4	3	0	0	0	337	337	0	0	190
product-k8-w64-n0	Baseline	1	0	pass	8	256	256	2368	2112	1032	256	9	0	0	0	0	0	0	0	0	0	0	2112	2112	0	0	0
product-k8-w64-n0	Inline	1	4	pass	8	256	256	2368	2112	1032	256	9	0	0	2112	2112	2112	4	4	0	0	0	2112	2112	0	0	8484
product-k8-w64-n0	Threads(1)	1	4	pass	8	256	256	2368	2112	1032	256	9	0	0	2112	2112	2112	4	1	0	0	0	2112	2112	0	0	8484
product-k8-w64-n0	Threads(2)	1	4	pass	8	256	256	2368	2112	1032	256	9	0	0	2112	2112	2112	4	3	0	0	0	2112	2112	0	0	8484
product-k8-w64-n0	Inline	8	4	pass	8	256	256	520	264	1032	256	2	0	0	264	264	264	4	4	0	0	0	2112	2112	0	0	1068
product-k8-w64-n0	Threads(1)	8	4	pass	8	256	256	520	264	1032	256	2	0	0	264	264	264	4	1	0	0	0	2112	2112	0	0	1068
product-k8-w64-n0	Threads(2)	8	4	pass	8	256	256	520	264	1032	256	2	0	0	264	264	264	4	3	0	0	0	2112	2112	0	0	1068
product-k8-w64-n16	Baseline	1	0	pass	9	256	256	2385	2129	1032	256	9	0	0	0	0	0	0	0	0	0	0	2129	2129	0	0	0
product-k8-w64-n16	Inline	1	4	pass	9	256	256	2385	2129	1032	256	9	0	0	2129	2129	2129	4	4	0	0	0	2129	2129	0	0	9296
product-k8-w64-n16	Threads(1)	1	4	pass	9	256	256	2385	2129	1032	256	9	0	0	2129	2129	2129	4	1	0	0	0	2129	2129	0	0	9296
product-k8-w64-n16	Threads(2)	1	4	pass	9	256	256	2385	2129	1032	256	9	0	0	2129	2129	2129	4	3	0	0	0	2129	2129	0	0	9296
product-k8-w64-n16	Inline	8	4	pass	9	256	256	523	267	1032	256	2	0	0	267	267	267	4	4	0	0	0	2129	2129	0	0	1170
product-k8-w64-n16	Threads(1)	8	4	pass	9	256	256	523	267	1032	256	2	0	0	267	267	267	4	1	0	0	0	2129	2129	0	0	1170
product-k8-w64-n16	Threads(2)	8	4	pass	9	256	256	523	267	1032	256	2	0	0	267	267	267	4	3	0	0	0	2129	2129	0	0	1170
product-k8-w256-n0	Baseline	1	0	pass	8	256	256	8512	8256	4104	256	9	0	0	0	0	0	0	0	0	0	0	8256	8256	0	0	0
product-k8-w256-n0	Inline	1	4	pass	8	256	256	8512	8256	4104	256	9	0	0	8256	8256	8256	4	4	0	0	0	8256	8256	0	0	33060
product-k8-w256-n0	Threads(1)	1	4	pass	8	256	256	8512	8256	4104	256	9	0	0	8256	8256	8256	4	1	0	0	0	8256	8256	0	0	33060
product-k8-w256-n0	Threads(2)	1	4	pass	8	256	256	8512	8256	4104	256	9	0	0	8256	8256	8256	4	3	0	0	0	8256	8256	0	0	33060
product-k8-w256-n0	Inline	8	4	pass	8	256	256	1288	1032	4104	256	2	0	0	1032	1032	1032	4	4	0	0	0	8256	8256	0	0	4140
product-k8-w256-n0	Threads(1)	8	4	pass	8	256	256	1288	1032	4104	256	2	0	0	1032	1032	1032	4	1	0	0	0	8256	8256	0	0	4140
product-k8-w256-n0	Threads(2)	8	4	pass	8	256	256	1288	1032	4104	256	2	0	0	1032	1032	1032	4	3	0	0	0	8256	8256	0	0	4140
product-k8-w256-n16	Baseline	1	0	pass	9	256	256	8529	8273	4104	256	9	0	0	0	0	0	0	0	0	0	0	8273	8273	0	0	0
product-k8-w256-n16	Inline	1	4	pass	9	256	256	8529	8273	4104	256	9	0	0	8273	8273	8273	4	4	0	0	0	8273	8273	0	0	36176
product-k8-w256-n16	Threads(1)	1	4	pass	9	256	256	8529	8273	4104	256	9	0	0	8273	8273	8273	4	1	0	0	0	8273	8273	0	0	36176
product-k8-w256-n16	Threads(2)	1	4	pass	9	256	256	8529	8273	4104	256	9	0	0	8273	8273	8273	4	3	0	0	0	8273	8273	0	0	36176
product-k8-w256-n16	Inline	8	4	pass	9	256	256	1291	1035	4104	256	2	0	0	1035	1035	1035	4	4	0	0	0	8273	8273	0	0	4530
product-k8-w256-n16	Threads(1)	8	4	pass	9	256	256	1291	1035	4104	256	2	0	0	1035	1035	1035	4	1	0	0	0	8273	8273	0	0	4530
product-k8-w256-n16	Threads(2)	8	4	pass	9	256	256	1291	1035	4104	256	2	0	0	1035	1035	1035	4	3	0	0	0	8273	8273	0	0	4530
mixed-add-infer	Baseline	1	0	pass	2	1	1	80	79	8	1	1	0	0	0	0	0	0	0	0	0	0	79	79	0	0	0
mixed-add-infer	Inline	1	4	pass	2	1	1	80	79	8	1	1	0	0	79	79	79	2	2	0	0	0	79	79	0	0	158
mixed-add-infer	Threads(1)	1	4	pass	2	1	1	80	79	8	1	1	0	0	79	79	79	2	1	0	0	0	79	79	0	0	158
mixed-add-infer	Threads(2)	1	4	pass	2	1	1	80	79	8	1	1	0	0	79	79	79	2	2	0	0	0	79	79	0	0	158
mixed-add-infer	Inline	8	4	pass	2	1	1	12	11	8	1	1	0	0	11	11	11	2	2	0	0	0	79	79	0	0	22
mixed-add-infer	Threads(1)	8	4	pass	2	1	1	12	11	8	1	1	0	0	11	11	11	2	1	0	0	0	79	79	0	0	22
mixed-add-infer	Threads(2)	8	4	pass	2	1	1	12	11	8	1	1	0	0	11	11	11	2	2	0	0	0	79	79	0	0	22
